geoid,population,median_hh_income
482012106001,1596.0,80573.0
482012106003,2097.0,90849.0
482012206003,497.0,
482012207013,741.0,66148.0
482012207023,1519.0,
482012223001,2630.0,39093.0
482012405063,1463.0,37236.0
482012415011,1202.0,56309.0
482012507012,1493.0,
482013217001,1696.0,80109.0
482013311003,535.0,52604.0
482013312001,1876.0,80337.0
482013312002,1660.0,26875.0
482013313001,1607.0,45000.0
482013313002,1416.0,82237.0
482013313003,1232.0,
482013314001,2428.0,24242.0
482013318001,1090.0,
482013327002,1433.0,43421.0
482013331002,638.0,125718.0
482013332012,1087.0,
482014317012,1224.0,86944.0
482014318032,1790.0,72764.0
482014318041,645.0,96818.0
482014318043,1385.0,220508.0
482014319021,943.0,150709.0
482014319022,1526.0,101184.0
482015110011,2065.0,90724.0
482015113011,1659.0,
482015113013,641.0,203359.0
482015113014,1879.0,177368.0
482015114001,1055.0,135795.0
482015114003,755.0,170938.0
482015206011,1581.0,42849.0
482015206032,1274.0,33242.0
482015216001,1241.0,90573.0
482015219001,3066.0,136316.0
482015320041,1331.0,
482015323023,1178.0,64583.0
482015502012,1039.0,36806.0
482012207021,721.0,40694.0
482012216011,2133.0,70694.0
482012405051,367.0,26964.0
482012520032,6615.0,176712.0
482013117021,1917.0,32614.0
482013144021,945.0,84531.0
482013303011,3292.0,93185.0
482013329001,2371.0,42743.0
482013333021,1327.0,41489.0
482013335012,1476.0,41506.0
482014104014,957.0,116618.0
482014107041,1260.0,75236.0
482014109001,2268.0,112024.0
482014115041,1098.0,157860.0
482014122013,655.0,169135.0
482014211013,553.0,35893.0
482014312041,2168.0,71538.0
482014313031,1052.0,54150.0
482014315051,597.0,70429.0
482014320032,1086.0,53684.0
482014321021,4056.0,53744.0
482014327051,3305.0,37054.0
482014327062,1300.0,
482014546003,1560.0,37073.0
482015110032,1085.0,186373.0
482015112022,1848.0,217885.0
482015115012,1401.0,135673.0
482015203011,1414.0,68563.0
482015203022,1566.0,87063.0
482015205023,3439.0,52586.0
482015215011,1458.0,77986.0
482015220022,518.0,56023.0
482015301011,466.0,30344.0
482015321022,557.0,
482015323021,1221.0,100423.0
482015333011,2579.0,38839.0
482015503081,1942.0,41761.0
482015504051,1191.0,51773.0
482015515013,1545.0,77740.0
482015527012,1479.0,96182.0
482012205004,1087.0,
482012312002,1349.0,
482012325002,2827.0,42750.0
482012327032,1590.0,58098.0
482012327041,1198.0,72583.0
482013129012,1466.0,13397.0
482013129022,1276.0,102308.0
482013134003,1351.0,40543.0
482013202021,878.0,37041.0
482013207001,1161.0,49559.0
482013332042,670.0,26208.0
482013409003,1223.0,48019.0
482014115042,1571.0,118090.0
482014115052,1030.0,100278.0
482014115062,1120.0,64821.0
482014215011,1006.0,41458.0
482014216012,1724.0,37008.0
482014216021,642.0,38125.0
482014226013,973.0,
482014226022,1460.0,57092.0
482014228002,737.0,80303.0
482014230011,3299.0,36117.0
482014230021,1004.0,31821.0
482014230022,2076.0,35781.0
482014301011,1248.0,103466.0
482014301012,911.0,63094.0
482014301013,637.0,90500.0
482014301021,1274.0,230769.0
482014315061,1109.0,75114.0
482014317011,851.0,118750.0
482014317022,1778.0,175972.0
482014319011,293.0,39152.0
482015103022,1775.0,132969.0
482015104001,1377.0,250001.0
482015106011,962.0,209750.0
482015106022,776.0,202414.0
482015107021,1234.0,250001.0
482015108012,1487.0,177794.0
482015108021,1524.0,250001.0
482015109022,4559.0,99736.0
482012207022,1565.0,29934.0
482012215021,835.0,36295.0
482012215022,2118.0,35422.0
482013117012,1436.0,47755.0
482013202023,1018.0,37891.0
482013333011,2180.0,41250.0
482013339043,2696.0,66224.0
482014102022,2038.0,126484.0
482014113011,1918.0,114402.0
482014115051,2273.0,105739.0
482014115071,2167.0,85782.0
482014122022,1394.0,194046.0
482014130003,1122.0,
482014132031,1874.0,63640.0
482014132051,1503.0,63837.0
482014132061,1433.0,95806.0
482014133011,1102.0,137664.0
482014216023,610.0,26913.0
482014223041,1814.0,54401.0
482014224032,892.0,135714.0
482014224041,1172.0,58849.0
482014224042,1504.0,32778.0
482014224061,1853.0,
482014224062,904.0,35833.0
482014225021,1347.0,148291.0
482014225022,1696.0,36026.0
482014226021,899.0,96250.0
482014318042,568.0,96875.0
482014319013,1268.0,52146.0
482015112021,1662.0,160578.0
482015203021,1025.0,49202.0
482015301013,595.0,36438.0
482015301021,1499.0,49273.0
482015417021,1293.0,75964.0
482015417022,1351.0,61532.0
482015417032,1866.0,75403.0
482015418021,1345.0,63319.0
482015424022,858.0,
482015425002,2281.0,67311.0
482015429014,1409.0,119209.0
482012111023,1163.0,30607.0
482012115013,484.0,29326.0
482012115021,1520.0,68500.0
482012125003,822.0,22162.0
482012210002,1925.0,54583.0
482012220001,2028.0,40598.0
482012225012,1894.0,56069.0
482012302004,1129.0,63824.0
482012303001,1298.0,50486.0
482012306002,1745.0,40714.0
482012307001,982.0,44063.0
482012307002,2464.0,41269.0
482012308001,1140.0,43688.0
482012322011,1848.0,50610.0
482012327031,1103.0,39464.0
482012405041,320.0,36985.0
482012415032,1149.0,44167.0
482013105004,620.0,34464.0
482013110022,883.0,
482013115023,837.0,66052.0
482013139023,772.0,54877.0
482013326003,2029.0,46542.0
482013326004,1693.0,40783.0
482013328001,732.0,36579.0
482013328003,2396.0,70167.0
482013329002,1107.0,47308.0
482013330001,2310.0,68056.0
482013335021,385.0,
482013338012,589.0,
482013338022,2865.0,52481.0
482013339051,566.0,
482013339052,2882.0,66487.0
482013413041,882.0,119423.0
482013501042,2224.0,77907.0
482014105022,907.0,139519.0
482014115061,1851.0,131865.0
482014117003,2403.0,82596.0
482014546001,1324.0,36705.0
482015108013,1505.0,115777.0
482015215021,1610.0,71321.0
482012304001,667.0,41053.0
482012309001,1484.0,21858.0
482012309002,629.0,32582.0
482012309003,861.0,
482012309004,1550.0,
482012310001,2933.0,53846.0
482012310002,3182.0,40909.0
482012319004,577.0,44261.0
482012320001,1676.0,45317.0
482013206021,1605.0,27416.0
482013207002,1281.0,38675.0
482013217002,1506.0,72031.0
482013303031,1365.0,70526.0
482013303032,2133.0,53240.0
482013303033,1236.0,57690.0
482013340021,1151.0,74679.0
482013413021,1915.0,80471.0
482013413022,1453.0,75885.0
482014117002,688.0,100739.0
482014205001,559.0,57237.0
482014205003,1820.0,47687.0
482014214011,1056.0,33616.0
482014214021,1506.0,38966.0
482014222001,1179.0,49008.0
482014227011,1607.0,40858.0
482014227013,1947.0,45408.0
482014231001,1030.0,33818.0
482014233011,1315.0,85938.0
482014233013,1465.0,48729.0
482014234013,618.0,38211.0
482014234021,3088.0,85341.0
482014234022,1509.0,47066.0
482014514012,820.0,55000.0
482014522021,1306.0,62104.0
482014528013,1519.0,32958.0
482014528022,1633.0,65924.0
482015201001,3406.0,151217.0
482015202001,1331.0,177734.0
482015202003,1143.0,175577.0
482015204002,1767.0,33679.0
482012112001,1329.0,52514.0
482012124002,802.0,50417.0
482012318002,1935.0,55500.0
482012325001,1570.0,44899.0
482012327013,1757.0,29250.0
482012332003,1385.0,56369.0
482012511004,382.0,133958.0
482012515011,2657.0,133000.0
482013109004,600.0,51379.0
482013302001,4046.0,87898.0
482013302002,2084.0,55320.0
482013303021,2562.0,70081.0
482013304001,1483.0,76042.0
482013307001,1292.0,80404.0
482013316022,395.0,89500.0
482013326002,1826.0,
482013330002,1218.0,67500.0
482013331001,1287.0,35977.0
482013336001,1066.0,61310.0
482013336002,720.0,72188.0
482013340033,1658.0,
482014201002,1371.0,108542.0
482014203002,1132.0,76862.0
482014204002,1250.0,95952.0
482014204003,1569.0,
482014206001,2358.0,92219.0
482014307001,603.0,
482014307002,1014.0,171680.0
482014318013,1055.0,77639.0
482014506003,1471.0,75245.0
482014509001,1362.0,73788.0
482014509002,1421.0,170536.0
482014511001,1240.0,104473.0
482014511002,1682.0,56208.0
482014512001,1731.0,168417.0
482014512002,1039.0,157824.0
482014538001,1824.0,59840.0
482015116002,829.0,74628.0
482015325021,1482.0,55938.0
482015406021,3396.0,43251.0
482012105001,1537.0,67727.0
482012106002,1722.0,48718.0
482012107001,2208.0,61161.0
482012316001,641.0,36500.0
482012316002,2126.0,37031.0
482012318001,1316.0,59722.0
482012319001,1333.0,40208.0
482013105002,593.0,61857.0
482013206023,2030.0,58307.0
482013304002,1469.0,47167.0
482013304003,2095.0,38313.0
482013305001,3213.0,87904.0
482013305002,1540.0,
482013305003,713.0,31815.0
482013306001,1159.0,58036.0
482013306002,2714.0,39129.0
482013306003,582.0,57857.0
482013336003,1433.0,103069.0
482013337001,2230.0,64122.0
482013337002,1908.0,70638.0
482014109002,1297.0,95818.0
482014501001,1874.0,151111.0
482014507001,1802.0,185000.0
482014533001,3184.0,36313.0
482014535022,2437.0,61094.0
482014536011,1596.0,57862.0
482015207001,728.0,145625.0
482015207003,1697.0,101941.0
482015207004,1350.0,250001.0
482015216002,1731.0,96141.0
482015308003,959.0,127344.0
482015310001,2660.0,213781.0
482015310002,2367.0,133795.0
482015311001,1073.0,169583.0
482015311002,2479.0,181821.0
482015312001,1106.0,60965.0
482015312002,1268.0,152656.0
482015312003,1427.0,
482015313002,1937.0,93538.0
482015319003,1416.0,
482012302002,273.0,66875.0
482012308002,1211.0,31838.0
482012512001,1352.0,123696.0
482012514023,1597.0,58717.0
482013103006,650.0,
482013109002,937.0,33550.0
482013113003,1665.0,68702.0
482013136001,1547.0,
482013205002,1775.0,70664.0
482013306004,2693.0,55357.0
482013319003,952.0,55168.0
482013322003,1413.0,
482013332013,1007.0,39815.0
482014114002,1149.0,250001.0
482014120002,1302.0,179444.0
482014202002,1095.0,65755.0
482014204001,895.0,131486.0
482014220001,488.0,152188.0
482014232012,1392.0,70903.0
482014326001,940.0,220469.0
482014332021,1456.0,58494.0
482014528012,1573.0,67697.0
482015113023,1313.0,104730.0
482015204001,2070.0,
482015207002,730.0,43050.0
482015213002,1573.0,
482015223011,1599.0,
482015223012,1521.0,41926.0
482015224011,1046.0,95590.0
482015224021,841.0,93370.0
482015308002,880.0,41906.0
482015315002,496.0,75833.0
482015317002,2148.0,219719.0
482015324001,2709.0,63630.0
482015324002,2834.0,64806.0
482015331003,2036.0,68036.0
482015332002,1417.0,43390.0
482015332003,593.0,35163.0
482015405022,2190.0,104688.0
482015521022,2249.0,
482012203001,510.0,31748.0
482012332002,2414.0,58750.0
482013124001,897.0,
482013127002,1423.0,105723.0
482013128001,390.0,
482013128002,3362.0,16200.0
482013130001,884.0,155764.0
482013311002,1540.0,68138.0
482013401011,1610.0,59022.0
482013401021,3815.0,70117.0
482013401022,1683.0,102243.0
482013405022,1395.0,53998.0
482014112001,1013.0,131369.0
482014112002,687.0,250001.0
482014114001,1278.0,187542.0
482014114003,471.0,250001.0
482014116001,1347.0,153021.0
482014116002,1459.0,105588.0
482014120001,1785.0,250001.0
482014227012,1196.0,121680.0
482014227021,2020.0,60962.0
482014227022,1425.0,100729.0
482014228001,1551.0,47703.0
482014228003,2245.0,52627.0
482014311022,222.0,
482014332011,1752.0,57256.0
482014332022,384.0,57614.0
482014513012,776.0,205528.0
482014513021,1609.0,139244.0
482014519031,2004.0,
482014519042,2602.0,116500.0
482014519043,536.0,37014.0
482014520011,1800.0,46845.0
482014526021,2158.0,70199.0
482014534011,1973.0,73269.0
482015105002,2545.0,124424.0
482015308001,977.0,23946.0
482015335001,1617.0,76484.0
482015340021,1808.0,52427.0
482019800001,35.0,
482012123005,1176.0,81734.0
482012125001,936.0,61827.0
482012202001,1463.0,51944.0
482012215012,2209.0,38958.0
482012225051,1845.0,77746.0
482012409052,1228.0,
482012415013,1721.0,48456.0
482013101021,857.0,92301.0
482013211011,2596.0,84500.0
482013405013,827.0,71956.0
482013405014,824.0,160833.0
482013502012,2541.0,111413.0
482014118011,1741.0,120551.0
482014229003,1474.0,49113.0
482014229004,1496.0,49185.0
482014232043,2163.0,31806.0
482014308003,2263.0,243063.0
482014334004,1197.0,24628.0
482014513014,1930.0,109700.0
482014521011,2606.0,71225.0
482014521013,2487.0,49174.0
482014534043,2583.0,32083.0
482014534053,1830.0,48574.0
482014536042,1891.0,91500.0
482014537022,1979.0,45625.0
482015115011,2356.0,114962.0
482015206042,2192.0,81512.0
482015210002,780.0,116776.0
482015221022,2447.0,122604.0
482015221023,454.0,157500.0
482015223013,892.0,72784.0
482015223023,454.0,117750.0
482015303001,1226.0,78983.0
482015305022,1524.0,64632.0
482015306003,897.0,130352.0
482015320042,1161.0,15802.0
482015321021,2751.0,42862.0
482015503032,485.0,39762.0
482015503041,384.0,34895.0
482015532012,1356.0,69605.0
482014311013,1533.0,37420.0
482014311023,2490.0,62851.0
482014312031,1235.0,36818.0
482014312052,1235.0,48373.0
482014312053,910.0,43620.0
482014312061,808.0,72450.0
482014314031,724.0,116488.0
482014314042,951.0,82670.0
482014321012,2611.0,60519.0
482014323012,132.0,
482014327052,762.0,
482014328032,877.0,34663.0
482014328051,1716.0,41113.0
482014329031,1575.0,47616.0
482014330033,1719.0,36250.0
482014330061,1178.0,38833.0
482014330062,724.0,42458.0
482014330063,337.0,32727.0
482014330071,1073.0,44063.0
482014506001,963.0,131694.0
482014510032,865.0,68241.0
482014510051,440.0,32644.0
482014510053,754.0,
482014514041,1850.0,49303.0
482014514061,1198.0,
482014519034,781.0,38106.0
482014520021,1291.0,60205.0
482015115023,580.0,203516.0
482015212021,1088.0,67120.0
482015222011,2189.0,
482015302001,1524.0,
482015309001,1360.0,44093.0
482015314001,2139.0,97464.0
482015319001,3483.0,42625.0
482015326001,1416.0,41172.0
482015326002,1615.0,69759.0
482015335003,1258.0,
482015402001,2433.0,57045.0
482015407001,1667.0,108275.0
482015533002,976.0,
482012104002,1466.0,37155.0
482012108002,1220.0,44911.0
482012109001,1812.0,45599.0
482012110001,1674.0,26563.0
482012124003,1112.0,41250.0
482012223003,1079.0,35435.0
482012315002,1459.0,53878.0
482012319003,407.0,18574.0
482012406001,1996.0,33499.0
482012510002,1070.0,65250.0
482012511001,2201.0,140076.0
482012511002,1078.0,79676.0
482012511003,2561.0,110246.0
482013106001,1699.0,
482013106002,850.0,
482013106003,607.0,51235.0
482013106004,283.0,
482013106005,1159.0,103500.0
482013107001,1493.0,41885.0
482013107002,1849.0,138977.0
482013108001,925.0,50444.0
482013123001,1427.0,112198.0
482013123002,1306.0,
482013316021,2272.0,75167.0
482013317001,2225.0,25726.0
482013327001,886.0,60313.0
482014330032,2011.0,65476.0
482014331002,745.0,61364.0
482014334001,1280.0,67739.0
482014523001,2216.0,71384.0
482014538002,1790.0,
482015111002,1281.0,204240.0
482015113021,1683.0,171711.0
482015113022,1965.0,250001.0
482015210001,1378.0,37734.0
482015211001,2101.0,36250.0
482015213001,754.0,31261.0
482015213003,1817.0,
482015213004,1197.0,
482019801001,0.0,
482012215011,2636.0,52383.0
482012225042,1698.0,29435.0
482012514011,2975.0,125521.0
482012514021,3874.0,58309.0
482012515031,2767.0,139571.0
482013125011,1600.0,160331.0
482013127001,870.0,
482013138012,401.0,22500.0
482013139011,2042.0,88000.0
482013140033,1087.0,68984.0
482013144022,1092.0,87712.0
482013207003,955.0,69297.0
482013320002,3498.0,14468.0
482013329003,1157.0,
482013332031,1304.0,41937.0
482014105021,1177.0,190833.0
482014107061,1835.0,72305.0
482014108011,825.0,62601.0
482014119021,2391.0,113125.0
482014122012,851.0,250001.0
482014202001,1395.0,53287.0
482014207002,1303.0,217134.0
482014211031,1533.0,41982.0
482014211041,2310.0,31607.0
482014312042,1027.0,106806.0
482014314012,1776.0,84271.0
482014320051,952.0,46667.0
482014320053,1795.0,43090.0
482014327053,1175.0,34034.0
482014401011,1842.0,25323.0
482014535014,2806.0,72931.0
482015107022,825.0,215625.0
482015110031,251.0,
482015111001,1113.0,250001.0
482015111003,2091.0,76794.0
482015112011,1638.0,202038.0
482015332001,1242.0,21629.0
482015333012,575.0,
482015333021,259.0,12955.0
482015334012,1907.0,46689.0
482012105002,2153.0,56166.0
482012105003,1077.0,26385.0
482012119002,733.0,76500.0
482012203002,517.0,58958.0
482012203003,2746.0,58477.0
482012204002,2570.0,78413.0
482012205001,345.0,48220.0
482012206001,1135.0,88165.0
482012206002,1536.0,23554.0
482012208001,1350.0,39333.0
482012214002,1088.0,40958.0
482012301001,1783.0,51389.0
482012336001,1032.0,49408.0
482012510003,1088.0,59340.0
482013111004,2110.0,44926.0
482013116001,697.0,46641.0
482013116002,938.0,46989.0
482013303023,1494.0,67850.0
482013328002,1460.0,41696.0
482013338013,1181.0,56908.0
482013505001,1477.0,80824.0
482014208001,1039.0,250001.0
482014208002,991.0,249375.0
482014208003,799.0,144000.0
482014309001,1404.0,86763.0
482014309002,502.0,246250.0
482014309003,1660.0,95345.0
482014309004,1993.0,68594.0
482014311011,596.0,105920.0
482014312051,1369.0,55761.0
482014312062,1087.0,71693.0
482014334002,1147.0,67237.0
482014508011,1463.0,83403.0
482015206012,1077.0,44211.0
482015224013,2560.0,61101.0
482015320044,629.0,91848.0
482015327001,1179.0,57533.0
482015327003,2201.0,78036.0
482015331001,1889.0,60147.0
482015521012,1622.0,58207.0
482012114003,2285.0,125492.0
482012123003,851.0,60400.0
482012201001,1524.0,50417.0
482012202002,942.0,73611.0
482012302001,1184.0,32116.0
482012302003,1486.0,35566.0
482012302005,1197.0,38268.0
482012303002,857.0,52593.0
482012304002,1886.0,77704.0
482012304003,1674.0,57740.0
482012305001,781.0,61250.0
482012305002,1375.0,51852.0
482012305003,1410.0,
482012326002,1589.0,72188.0
482012408024,969.0,20789.0
482013323001,1345.0,41023.0
482013323002,1565.0,52056.0
482013324001,2008.0,70012.0
482013324002,789.0,41862.0
482013324003,1260.0,38333.0
482013325001,2161.0,85938.0
482013325002,1249.0,72314.0
482013402011,0.0,
482013403021,3009.0,149557.0
482013406001,1322.0,134375.0
482013406002,1141.0,119167.0
482013408001,2469.0,159443.0
482013409001,1598.0,32043.0
482013409002,508.0,45179.0
482014103002,1009.0,139375.0
482014104011,1413.0,
482014111002,1237.0,110682.0
482014111003,1145.0,165081.0
482014117001,425.0,40512.0
482014214012,2291.0,40625.0
482014311012,2474.0,86971.0
482014330031,1746.0,24650.0
482014331001,2550.0,46732.0
482014332012,1345.0,37415.0
482014508012,781.0,76053.0
482012104001,2162.0,58371.0
482012123001,1151.0,
482012123002,680.0,48833.0
482012123004,873.0,55546.0
482012312001,2227.0,30524.0
482012313001,2295.0,34193.0
482012313002,3065.0,69459.0
482012314001,3699.0,49535.0
482012315001,1734.0,39958.0
482013118001,1683.0,50293.0
482013122001,566.0,
482013122002,343.0,
482013124002,989.0,10981.0
482013133001,1652.0,20766.0
482013134002,1365.0,38203.0
482013140011,1870.0,66550.0
482013408002,1387.0,91863.0
482013408003,2287.0,147703.0
482013505004,1564.0,68558.0
482014211012,1435.0,51453.0
482014214022,2155.0,36912.0
482014234012,1170.0,76710.0
482014313022,2112.0,74646.0
482014534012,1666.0,76659.0
482014544001,1013.0,60242.0
482015105001,1167.0,133273.0
482015222012,2995.0,79063.0
482015222021,2326.0,39583.0
482015222022,1762.0,
482015223021,2056.0,34759.0
482015315001,716.0,89000.0
482015315003,1427.0,51806.0
482015316001,1494.0,163929.0
482015316002,1508.0,200357.0
482015317001,1799.0,225333.0
482015318001,2928.0,35875.0
482015319002,1241.0,
482015327002,2009.0,103271.0
482015339022,1568.0,58044.0
482015520021,1473.0,67250.0
482012112002,1001.0,14755.0
482012114001,1421.0,71886.0
482012114002,585.0,11998.0
482012204003,555.0,55100.0
482012205002,1369.0,42163.0
482012205003,628.0,17195.0
482012214003,3423.0,31316.0
482012225011,1553.0,43839.0
482012306001,1331.0,44559.0
482012333002,1505.0,43482.0
482012333003,1538.0,62438.0
482012336002,1083.0,43786.0
482013104002,569.0,
482013104003,1079.0,55602.0
482013118003,712.0,38665.0
482013122003,700.0,43299.0
482013130002,966.0,49385.0
482013130003,551.0,
482013135001,548.0,41324.0
482013135002,744.0,17139.0
482013135003,489.0,28750.0
482013136002,1359.0,29395.0
482013136003,543.0,
482013137001,1256.0,
482013137002,1071.0,47109.0
482013212001,2481.0,39450.0
482013218002,1437.0,75741.0
482013340032,880.0,16494.0
482013505002,800.0,
482013506011,1910.0,60402.0
482014314011,953.0,83040.0
482014502003,1016.0,152333.0
482015110012,1528.0,102778.0
482015218001,2605.0,75950.0
482015218002,1952.0,81324.0
482015223022,749.0,76413.0
482015325023,3404.0,86667.0
482015328001,2314.0,71494.0
482015330001,2525.0,32093.0
482015331002,4829.0,96964.0
482011000011,2715.0,87004.0
482012111021,630.0,27800.0
482012113022,654.0,
482012113023,457.0,51298.0
482012115011,950.0,41250.0
482012115012,1695.0,36500.0
482012208003,393.0,11755.0
482012327011,1329.0,
482012504031,394.0,63800.0
482012509022,765.0,191500.0
482012515041,3000.0,136875.0
482013101012,1666.0,35128.0
482013101022,1543.0,87984.0
482013105003,1106.0,40704.0
482013110012,1036.0,
482013129021,1115.0,
482013139021,978.0,71302.0
482013240003,692.0,49944.0
482013332051,560.0,33250.0
482013339063,2175.0,92015.0
482013405011,1418.0,52239.0
482013407022,1554.0,140469.0
482013413031,1167.0,80404.0
482014102023,567.0,
482014103003,1904.0,103365.0
482014104013,984.0,93849.0
482014113021,788.0,190439.0
482014113022,2298.0,84576.0
482014201003,588.0,
482014224051,342.0,33409.0
482014318031,549.0,186371.0
482014330041,1502.0,34375.0
482014520014,1209.0,162500.0
482015103021,1069.0,250001.0
482015107012,1255.0,92966.0
482015108022,1293.0,179046.0
482015108031,2515.0,109842.0
482015206041,1255.0,81125.0
482015215012,1395.0,50172.0
482015323022,2015.0,53917.0
482012511005,1213.0,116181.0
482012512003,1238.0,150976.0
482012513001,1314.0,84875.0
482012513002,2063.0,137569.0
482012513003,620.0,177823.0
482012513004,1923.0,135194.0
482012513005,1322.0,111938.0
482013211021,665.0,89345.0
482013413032,1769.0,56030.0
482013505003,1168.0,126627.0
482014103001,908.0,61905.0
482014120003,732.0,250001.0
482014214032,1434.0,36979.0
482014214033,1471.0,29108.0
482014217002,452.0,91771.0
482014217003,1202.0,145833.0
482014217004,1385.0,85636.0
482014219001,865.0,179712.0
482014229002,737.0,39926.0
482014232011,1239.0,80962.0
482014233012,1884.0,70848.0
482014235001,2254.0,105291.0
482014236001,522.0,
482014316001,910.0,250001.0
482014316002,999.0,93611.0
482014316003,1673.0,89565.0
482014320052,929.0,61222.0
482014333001,1148.0,53571.0
482014333002,2076.0,95217.0
482014333003,1456.0,96750.0
482014502002,3367.0,99265.0
482014519021,2520.0,127014.0
482014531001,1144.0,41589.0
482015101001,2167.0,180017.0
482015104003,1074.0,
482015105003,1385.0,188958.0
482015205021,520.0,
482015323011,882.0,27087.0
482015323012,2407.0,97674.0
482015533001,396.0,37206.0
482013103001,747.0,125685.0
482013103002,461.0,
482013103003,877.0,
482013103004,522.0,67969.0
482013115011,1325.0,60922.0
482013132011,1632.0,47698.0
482013132022,678.0,81012.0
482013136004,1169.0,
482013143011,924.0,43750.0
482013143021,661.0,35956.0
482013315021,1343.0,28145.0
482013316041,875.0,23064.0
482014106022,1937.0,99842.0
482014133013,1175.0,155083.0
482014133023,1191.0,187034.0
482014223031,1089.0,56891.0
482014232041,818.0,16258.0
482014233031,892.0,46645.0
482014310012,543.0,250001.0
482014310023,1044.0,169265.0
482014323031,2778.0,58369.0
482014504021,892.0,122803.0
482014508041,1502.0,60865.0
482014508042,808.0,
482014510031,2031.0,38566.0
482014510052,773.0,33890.0
482014510062,794.0,52724.0
482014513011,930.0,37309.0
482014514051,2813.0,52619.0
482014517004,1181.0,92491.0
482014519041,463.0,
482014525022,2344.0,43904.0
482014534031,1229.0,42734.0
482014534032,2748.0,27438.0
482014535011,340.0,153310.0
482014535013,958.0,
482014552003,1248.0,111827.0
482015110033,553.0,62434.0
482015224022,1500.0,42813.0
482015432011,3660.0,72074.0
482012207012,1155.0,58179.0
482012213021,1979.0,52904.0
482012227011,1507.0,11250.0
482012509011,2003.0,250001.0
482012509021,1493.0,207813.0
482012509023,2439.0,184906.0
482012509024,1087.0,158194.0
482012510001,1252.0,140156.0
482012515053,616.0,166875.0
482012517012,708.0,124583.0
482012517013,1342.0,77260.0
482013101011,1102.0,148059.0
482013115022,895.0,54762.0
482013138022,1214.0,61900.0
482013206012,1087.0,34567.0
482013332011,1722.0,46913.0
482013332014,1450.0,94656.0
482013407011,1984.0,72061.0
482013409004,1311.0,65870.0
482014101011,1356.0,150938.0
482014101012,890.0,63646.0
482014101021,1829.0,42955.0
482014101022,2127.0,90446.0
482014102011,1734.0,80037.0
482014102021,1295.0,142154.0
482014105023,948.0,146667.0
482014106021,710.0,75152.0
482015102011,462.0,144302.0
482015102012,1988.0,96836.0
482015102021,3307.0,115745.0
482015102022,1808.0,102339.0
482015102023,1451.0,104025.0
482015103011,1783.0,188889.0
482015103012,1768.0,122639.0
482015106021,1612.0,131354.0
482015109013,2096.0,234220.0
482015109021,1172.0,
482015110041,1158.0,149612.0
482015112012,1302.0,127273.0
482019807001,2067.0,90972.0
482011000012,3154.0,120440.0
482012111022,608.0,
482012113011,1564.0,29875.0
482012113021,964.0,17727.0
482012115022,1285.0,
482012327012,1592.0,60840.0
482013110011,1710.0,78700.0
482013110021,1337.0,69265.0
482013110023,1296.0,38207.0
482013129011,403.0,
482013301012,1548.0,68947.0
482013301013,1432.0,
482013316031,2267.0,41517.0
482013316042,1013.0,74940.0
482013316043,802.0,70053.0
482013410012,1626.0,94705.0
482013410021,1932.0,66016.0
482014203001,1088.0,187125.0
482014205002,1148.0,29511.0
482014212041,1183.0,43306.0
482014212042,2091.0,48750.0
482014212051,2377.0,33816.0
482014212061,2013.0,31203.0
482014213011,1257.0,44286.0
482014213012,2280.0,40197.0
482014213022,1435.0,55481.0
482014215013,526.0,60982.0
482014215021,832.0,46953.0
482014218011,1128.0,
482014218012,1175.0,41131.0
482014222003,488.0,2499.0
482014232031,962.0,
482014232032,1318.0,76912.0
482014233041,1082.0,52316.0
482014234011,2049.0,73750.0
482014401022,2432.0,65125.0
482014516062,1059.0,60406.0
482015103023,638.0,187000.0
482015104002,1401.0,182589.0
482015414042,1219.0,46888.0
482012204001,1051.0,
482012208002,2184.0,35368.0
482012209001,1790.0,23083.0
482012210001,1583.0,26122.0
482012211002,603.0,83795.0
482012211003,930.0,58920.0
482012401022,709.0,54781.0
482012405043,649.0,39375.0
482012405062,2352.0,54115.0
482012520033,1289.0,73724.0
482013109003,702.0,
482013111002,1181.0,45370.0
482013111003,1283.0,41920.0
482013112001,2340.0,76540.0
482013114001,1668.0,45735.0
482013118002,1251.0,64875.0
482013119001,472.0,46250.0
482013119002,1157.0,74808.0
482013120001,1061.0,73472.0
482013120002,1208.0,90114.0
482013124003,162.0,
482013133002,1050.0,88802.0
482013205001,2322.0,80721.0
482013206022,730.0,98693.0
482013339042,1530.0,70104.0
482013340031,1418.0,72021.0
482014214031,1598.0,35310.0
482014307003,1135.0,88113.0
482014307004,1079.0,53167.0
482014327061,943.0,29625.0
482014332023,1826.0,61250.0
482014520013,434.0,16977.0
482014522022,580.0,63073.0
482014535012,1772.0,32530.0
482014535021,1179.0,61544.0
482014545021,2216.0,192174.0
482015221012,1055.0,56435.0
482015306001,1392.0,73563.0
482015307023,1300.0,90425.0
482015501012,514.0,31481.0
482012212001,1815.0,60806.0
482012212002,371.0,60583.0
482012212003,888.0,36218.0
482012331012,2248.0,52585.0
482012514022,1259.0,72243.0
482013108002,2199.0,59599.0
482013111001,517.0,34519.0
482013242001,728.0,50313.0
482013242002,0.0,
482013317002,926.0,62333.0
482013317003,689.0,62254.0
482013319001,1038.0,76906.0
482013320001,2420.0,35725.0
482013321001,1790.0,40839.0
482013321002,1383.0,43173.0
482013322001,1573.0,22647.0
482013322002,1875.0,43112.0
482013402021,2351.0,151492.0
482013402022,4704.0,202083.0
482013402023,1450.0,131739.0
482014320031,677.0,27622.0
482014328033,782.0,65045.0
482014328052,757.0,37981.0
482014328062,1219.0,37250.0
482014328063,1585.0,37460.0
482014329042,1795.0,68138.0
482014335052,1079.0,33833.0
482014335062,1168.0,40270.0
482014336012,2535.0,36951.0
482014336022,1878.0,36373.0
482014503012,2031.0,52963.0
482014503021,588.0,102105.0
482014503023,3184.0,68593.0
482014520012,2927.0,74392.0
482014534052,1198.0,
482014536032,1901.0,38717.0
482014537021,2513.0,52908.0
482015101002,929.0,198611.0
482015304001,2975.0,64221.0
482015304002,574.0,61217.0
482012327015,268.0,32000.0
482012401021,980.0,40362.0
482012405031,1466.0,
482012406002,810.0,29706.0
482012506021,2325.0,77782.0
482013140031,847.0,53906.0
482013143012,1302.0,51060.0
482013143022,989.0,51056.0
482013315022,4803.0,71576.0
482014129011,1916.0,85773.0
482014129021,1143.0,160875.0
482014129022,2041.0,87904.0
482014132062,1220.0,49826.0
482014133012,1059.0,56839.0
482014133021,1483.0,
482014133022,1094.0,206417.0
482014215022,612.0,42182.0
482014215023,1693.0,43355.0
482014312032,723.0,43869.0
482014320062,1525.0,30885.0
482014328031,918.0,50134.0
482014329013,1977.0,44808.0
482014335042,1078.0,31325.0
482014335071,1747.0,34032.0
482014503024,642.0,
482014504022,1335.0,95385.0
482014515012,1916.0,68558.0
482014515013,538.0,98295.0
482014516051,2281.0,85000.0
482014516061,2334.0,208352.0
482014516063,3030.0,142805.0
482014521021,1818.0,55909.0
482014530022,2483.0,
482014536031,1544.0,34231.0
482015212022,2393.0,59741.0
482015213005,1819.0,48534.0
482015215022,1289.0,79659.0
482015219003,1136.0,90153.0
482015220011,262.0,68125.0
482015220021,1465.0,53495.0
482012328011,851.0,57452.0
482012515051,1263.0,94750.0
482013209021,1393.0,90109.0
482013209022,2292.0,71167.0
482013210011,369.0,37174.0
482013210023,1620.0,86111.0
482013213011,1720.0,67695.0
482013301021,2022.0,40818.0
482013309013,3451.0,94975.0
482013309021,1140.0,30396.0
482013315012,2718.0,75625.0
482013316023,670.0,51817.0
482013316033,1452.0,56612.0
482013333022,2188.0,67159.0
482013341011,1854.0,64719.0
482013341012,3850.0,90345.0
482013403011,1558.0,222778.0
482013403012,1983.0,218125.0
482013403023,2356.0,137569.0
482014107051,170.0,48856.0
482014119012,1576.0,250001.0
482014132041,1061.0,61635.0
482014133014,1849.0,70820.0
482014216022,1616.0,49243.0
482014218021,781.0,70039.0
482014220003,920.0,109934.0
482014221001,1231.0,70313.0
482014221002,926.0,95944.0
482014222004,1466.0,16399.0
482014223033,1504.0,30100.0
482014225012,1231.0,40542.0
482014225013,1136.0,82759.0
482014233042,1332.0,41136.0
482014233043,1021.0,
482014545041,2549.0,89081.0
482015333022,1992.0,46815.0
482015417031,785.0,77894.0
482015417033,1054.0,107740.0
482015432012,3022.0,81324.0
482015432021,1343.0,59611.0
482012207011,1602.0,
482012324051,1535.0,53359.0
482012415021,821.0,41364.0
482013112002,1171.0,56348.0
482013138023,703.0,
482013201001,1429.0,28138.0
482013201002,824.0,85185.0
482013202011,2022.0,37870.0
482013202012,961.0,29523.0
482013202022,1137.0,45915.0
482013303013,2404.0,70388.0
482014111001,1285.0,250001.0
482014219002,960.0,168750.0
482014219003,1238.0,184240.0
482014220002,871.0,153047.0
482014221003,1653.0,102374.0
482014221005,468.0,101458.0
482014222002,314.0,58299.0
482014223021,2106.0,87568.0
482014301022,1735.0,96567.0
482014318011,1570.0,94034.0
482014322001,1127.0,150518.0
482014322002,603.0,42462.0
482014322003,1942.0,53250.0
482014326002,1266.0,40385.0
482014517001,836.0,61202.0
482014518001,359.0,115250.0
482014518002,1071.0,61413.0
482014527011,1830.0,70469.0
482014527012,2192.0,76875.0
482014528011,2321.0,57841.0
482014528021,2794.0,67077.0
482014529001,1288.0,37250.0
482014529002,2979.0,70365.0
482015106023,2204.0,152350.0
482015108011,1534.0,157316.0
482015211002,393.0,61250.0
482015220012,1951.0,110179.0
482015221021,1631.0,55729.0
482015321013,699.0,29706.0
482012213012,2631.0,72241.0
482012213022,1092.0,101107.0
482012213023,393.0,35121.0
482012332001,1680.0,72070.0
482012332004,815.0,54904.0
482013102001,1093.0,110208.0
482013115012,1139.0,63201.0
482013115021,878.0,33072.0
482013117011,2118.0,67633.0
482013126012,882.0,
482013131011,955.0,
482013131012,1600.0,130556.0
482013132021,952.0,76188.0
482013132023,999.0,160028.0
482013210013,1534.0,
482013213021,1929.0,62042.0
482013308012,1549.0,62500.0
482013331003,1642.0,35342.0
482013332032,867.0,47194.0
482013339032,1765.0,117473.0
482013339041,2049.0,100154.0
482013502011,1272.0,60402.0
482013508033,1010.0,59458.0
482014211011,758.0,69962.0
482014231002,1016.0,36172.0
482014308002,2449.0,121059.0
482014324011,1276.0,40845.0
482014514013,1238.0,161500.0
482014524013,917.0,44464.0
482014524021,2198.0,55896.0
482014525011,636.0,36926.0
482014525012,1864.0,33708.0
482015109011,2449.0,209086.0
482015109012,1945.0,198138.0
482015110042,684.0,64803.0
482015115021,511.0,204808.0
482015116001,566.0,
482015224014,1176.0,34608.0
482015322002,2105.0,19071.0
482015432022,2562.0,88081.0
482012217012,1189.0,
482013210022,2360.0,46016.0
482013211023,1690.0,98935.0
482013213012,1998.0,20943.0
482013308011,5203.0,75086.0
482013335022,2119.0,94063.0
482013339031,1955.0,51750.0
482013413042,661.0,
482013505005,2022.0,81156.0
482014229001,353.0,33478.0
482014311014,1037.0,78750.0
482014321011,582.0,90546.0
482014324021,1760.0,38185.0
482014325011,1494.0,30826.0
482014329032,524.0,66316.0
482014329041,825.0,50379.0
482014329043,1241.0,60694.0
482014335031,1436.0,43083.0
482014335043,692.0,31655.0
482014335073,1052.0,19193.0
482014503011,659.0,
482014503022,1421.0,92830.0
482014504011,920.0,108750.0
482014506004,1154.0,
482014514011,1436.0,39295.0
482014515011,530.0,76338.0
482014515021,965.0,46368.0
482014516052,922.0,62052.0
482014522023,1237.0,69750.0
482014522032,663.0,51711.0
482014522041,843.0,52158.0
482014524011,1685.0,45786.0
482014524012,585.0,49018.0
482014528023,1874.0,50859.0
482014530021,2566.0,61543.0
482014532021,2747.0,58861.0
482014532022,2310.0,41455.0
482014543053,750.0,
482015224023,1521.0,97708.0
482015307021,676.0,33065.0
482012212004,2333.0,48982.0
482012213011,1421.0,68252.0
482012217013,914.0,83037.0
482014104021,1302.0,167222.0
482014308001,1780.0,205921.0
482014322004,193.0,32156.0
482014325012,1531.0,48027.0
482014325013,562.0,51325.0
482014325021,809.0,
482014325022,1118.0,48807.0
482014330042,844.0,44526.0
482014330051,1007.0,45484.0
482014330072,647.0,33913.0
482014335032,932.0,
482014515022,1782.0,72875.0
482014516031,1935.0,154681.0
482014516032,1389.0,68043.0
482014516041,2009.0,115000.0
482014524022,1689.0,78766.0
482014530012,1980.0,
482014531002,1889.0,33102.0
482014531003,679.0,75347.0
482014532011,1266.0,28157.0
482014532012,2703.0,39118.0
482015116004,1048.0,92981.0
482015214011,1228.0,57413.0
482015214022,2233.0,34063.0
482015219002,944.0,
482015219004,1459.0,31824.0
482015301012,2235.0,65682.0
482015309002,1286.0,
482015309003,2024.0,115757.0
482015313003,642.0,51117.0
482015320031,2219.0,31250.0
482015321011,637.0,39238.0
482015334021,1512.0,40223.0
482015341011,2153.0,137045.0
482015418022,2795.0,54727.0
482015512022,667.0,61993.0
482015526033,1991.0,51924.0
482012116001,820.0,46875.0
482012116002,1982.0,55425.0
482012117001,1460.0,65377.0
482012117002,1027.0,
482012117003,1351.0,36458.0
482012119001,991.0,46543.0
482012119003,1146.0,49139.0
482012211001,1700.0,59696.0
482012312003,1290.0,
482012404004,1311.0,54318.0
482012405032,1265.0,52788.0
482012415022,1569.0,26143.0
482012504033,3169.0,171723.0
482012504061,1514.0,81250.0
482013103005,801.0,26242.0
482013109005,1366.0,48750.0
482013112003,1012.0,41768.0
482013113002,862.0,78173.0
482013134001,1087.0,47108.0
482013210021,1220.0,66250.0
482013303022,1085.0,49931.0
482013313004,1564.0,
482013319002,1371.0,26618.0
482013326001,839.0,67308.0
482013338011,2314.0,34552.0
482013340011,1317.0,59022.0
482013404001,1070.0,147115.0
482013504001,1321.0,
482014104022,659.0,209659.0
482014201001,810.0,44583.0
482014203003,1785.0,107022.0
482014217001,1482.0,40357.0
482014221004,726.0,113778.0
482014516042,1552.0,124808.0
482015115024,1423.0,208393.0
482015217023,1266.0,37260.0
482015417013,3516.0,110070.0
482015424023,1573.0,74852.0
482015501011,499.0,14191.0
482015501022,1152.0,47886.0
482012108001,1030.0,38109.0
482012119004,1280.0,51033.0
482012124001,957.0,37125.0
482012125002,1698.0,65082.0
482012214001,1155.0,
482012225022,2498.0,55662.0
482012311001,2141.0,43542.0
482012311002,1377.0,53807.0
482012311003,1971.0,33292.0
482012326001,979.0,69130.0
482012330012,1485.0,42232.0
482012401011,2243.0,35540.0
482012407031,2002.0,56250.0
482012413021,759.0,92638.0
482013104001,1370.0,69792.0
482013339061,2017.0,132827.0
482013340034,1947.0,103171.0
482013403022,1524.0,180284.0
482014213021,4160.0,54375.0
482014224031,1658.0,63098.0
482014231003,825.0,42031.0
482014233032,483.0,13010.0
482014332013,828.0,43517.0
482014533002,1496.0,36250.0
482014536041,1698.0,99150.0
482014548012,2333.0,55894.0
482015114002,876.0,
482015206031,763.0,32029.0
482015212012,1027.0,78692.0
482015217021,709.0,37141.0
482015219005,761.0,
482015220023,1113.0,133681.0
482015224012,1241.0,170699.0
482015302002,1065.0,161750.0
482015302003,1567.0,170754.0
482015303002,1167.0,99848.0
482015313001,1612.0,51039.0
482015320032,1799.0,36574.0
482015320043,2170.0,34323.0
482015401013,2244.0,149044.0
482012509012,2064.0,64107.0
482013105001,1090.0,60655.0
482013113001,1593.0,54609.0
482013116003,1979.0,27257.0
482013405021,753.0,57122.0
482014310011,2070.0,97810.0
482014311021,1322.0,54934.0
482014320061,739.0,
482014321022,766.0,124583.0
482014323011,2121.0,37475.0
482014323013,1257.0,58229.0
482014323021,775.0,16161.0
482014324012,1322.0,62065.0
482014324013,1183.0,29730.0
482014324022,1200.0,46333.0
482014328041,603.0,46845.0
482014328061,1487.0,39375.0
482014329011,1065.0,66250.0
482014335072,112.0,
482014336023,1182.0,41121.0
482014504012,1100.0,49747.0
482014510041,800.0,52230.0
482014510061,1671.0,110781.0
482014513022,1645.0,143359.0
482014514062,1246.0,40481.0
482014517003,2468.0,34464.0
482014521032,1697.0,86200.0
482014522031,1532.0,49194.0
482014522042,1093.0,44240.0
482014522043,478.0,51020.0
482014525021,1228.0,25082.0
482014525023,926.0,
482014543042,1897.0,
482015205012,1503.0,60733.0
482015214021,1197.0,58387.0
482015217013,1850.0,32348.0
482015221011,1557.0,
482015221013,801.0,87895.0
482015502011,907.0,
482015502021,1811.0,19800.0
482012327014,2188.0,42594.0
482013109001,540.0,
482013206011,1017.0,44375.0
482013218001,2664.0,52351.0
482013315011,1833.0,
482013340012,1563.0,37264.0
482013405012,685.0,61449.0
482013405023,68.0,
482013407021,2317.0,78133.0
482014223042,2568.0,43673.0
482014234014,930.0,55774.0
482014310021,1066.0,76184.0
482014310022,910.0,250001.0
482014313021,2212.0,129063.0
482014328042,1408.0,73237.0
482014329012,646.0,41823.0
482014502001,1582.0,196902.0
482014508031,758.0,213733.0
482014508032,1552.0,67650.0
482014508033,1869.0,57040.0
482014510033,933.0,75079.0
482014510042,900.0,
482014511003,1068.0,46521.0
482014513013,382.0,
482014514042,1295.0,98986.0
482014514071,1785.0,29990.0
482014517002,491.0,78281.0
482014519032,693.0,28621.0
482014519033,368.0,30544.0
482014520023,1120.0,56777.0
482014521012,2213.0,202535.0
482014521031,862.0,56400.0
482014534042,748.0,80580.0
482014534051,1036.0,
482014543032,2239.0,68920.0
482014543051,1442.0,45580.0
482015113012,886.0,165203.0
482015323013,1323.0,92849.0
482019802001,9542.0,84514.0
482019804001,4285.0,
482012515042,1393.0,163214.0
482012519032,865.0,108387.0
482012519042,2790.0,71831.0
482013125021,1415.0,
482013125022,674.0,133942.0
482013126011,1649.0,134327.0
482013126013,835.0,88750.0
482013126021,1088.0,163542.0
482013126022,1431.0,131102.0
482013126032,1268.0,152396.0
482013131021,1789.0,85956.0
482013140032,755.0,40838.0
482013314002,925.0,19846.0
482013332041,1668.0,44295.0
482013410011,1207.0,61940.0
482014104012,545.0,132969.0
482014104023,1083.0,137125.0
482014105011,1825.0,136043.0
482014107031,1604.0,76683.0
482014107032,682.0,174007.0
482014107042,827.0,
482014108021,1052.0,170333.0
482014108022,389.0,93000.0
482014110011,1260.0,100885.0
482014110012,1413.0,160324.0
482014110021,1088.0,139167.0
482014110022,1088.0,77548.0
482014110031,1671.0,107802.0
482014115031,2312.0,91250.0
482014115032,1243.0,164438.0
482014118012,2084.0,168630.0
482014330052,1081.0,39504.0
482014335041,1588.0,40658.0
482014335051,1096.0,34284.0
482014336011,343.0,55341.0
482014530011,1194.0,23851.0
482015305011,238.0,37019.0
482015305012,1398.0,39524.0
482015305021,967.0,57554.0
482015414011,400.0,80625.0
482012405042,1919.0,33049.0
482012405052,1189.0,26667.0
482012501013,2143.0,112679.0
482012503051,2526.0,139850.0
482012512004,1942.0,53250.0
482012520011,4669.0,81674.0
482012520021,4014.0,150786.0
482013126031,2892.0,77611.0
482013309012,3487.0,70873.0
482013316032,813.0,62708.0
482013410022,1616.0,72222.0
482014106011,3723.0,98958.0
482014118022,881.0,
482014130001,1322.0,250001.0
482014211043,887.0,45417.0
482014212031,1120.0,38792.0
482014226011,1450.0,46388.0
482014226012,849.0,45625.0
482014314032,1048.0,
482014315041,1195.0,
482014315042,1308.0,146480.0
482014315052,883.0,107458.0
482014315062,1740.0,88750.0
482014317021,1070.0,164783.0
482014318012,1035.0,61901.0
482014320041,1227.0,163333.0
482014327031,2048.0,75223.0
482014327041,1742.0,42232.0
482015115022,1246.0,114663.0
482015115025,1695.0,250001.0
482015116003,1105.0,89737.0
482015205022,685.0,49361.0
482015214012,2070.0,31230.0
482015217011,2245.0,28496.0
482015217012,537.0,46132.0
482015217022,1184.0,27294.0
482015307022,2345.0,30250.0
482015308004,1103.0,
482015508001,438.0,51075.0
482015519011,865.0,44821.0
482012226011,1853.0,35417.0
482012330013,1175.0,35658.0
482012407071,1430.0,81313.0
482012515043,1219.0,166563.0
482013140041,660.0,
482013210012,902.0,33472.0
482013301011,2271.0,104928.0
482013309011,3411.0,87583.0
482013332052,824.0,36736.0
482013341021,586.0,65636.0
482013341023,1802.0,66167.0
482013341024,1070.0,59894.0
482014107052,953.0,131750.0
482014108012,1839.0,84256.0
482014119011,624.0,180982.0
482014122023,1168.0,
482014207001,1569.0,171500.0
482014218022,1618.0,112727.0
482014222005,2108.0,46688.0
482014223032,486.0,42210.0
482014224052,1356.0,17797.0
482014225011,1367.0,37060.0
482014232042,1089.0,
482014313041,1141.0,59329.0
482014313043,1066.0,71756.0
482014315031,2295.0,110563.0
482014323022,1341.0,54539.0
482014334003,705.0,45639.0
482014335061,394.0,33098.0
482014336021,993.0,48883.0
482014514043,498.0,63750.0
482014520022,1232.0,53923.0
482014527031,1362.0,
482014534041,1226.0,57708.0
482015212011,1030.0,45438.0
482015313004,918.0,
482015321012,2410.0,103007.0
482015322001,1461.0,51620.0
482015405032,2755.0,60685.0
482015515021,2054.0,53553.0
482012111011,1058.0,
482012111012,1896.0,42799.0
482012113012,1112.0,
482012225041,1642.0,37410.0
482012225052,1459.0,72266.0
482012226012,416.0,
482012226021,275.0,38077.0
482012226022,905.0,28705.0
482012226023,1140.0,35169.0
482012515052,1960.0,221250.0
482013102002,1036.0,170375.0
482013120003,701.0,
482013138011,1148.0,17768.0
482013138021,790.0,25354.0
482013139022,956.0,66184.0
482013140012,1299.0,42027.0
482013140042,1523.0,44551.0
482013144011,1510.0,47969.0
482013211012,1300.0,39915.0
482013211022,1919.0,92961.0
482013307002,1317.0,
482013309022,2525.0,49961.0
482013338021,1399.0,106910.0
482013338023,1841.0,125781.0
482013339062,1520.0,107168.0
482013407012,1934.0,60952.0
482014122021,934.0,167827.0
482014216011,1534.0,37500.0
482014319012,931.0,40924.0
482015106012,2455.0,119671.0
482015107011,910.0,
482015306002,1337.0,61857.0
482015307011,1421.0,20516.0
482015332004,436.0,163478.0
482015333023,1687.0,98000.0
482015526031,923.0,39576.0
482015526032,2681.0,53413.0
482015527011,780.0,50534.0
482015547012,1329.0,41912.0
482019803001,2918.0,
482012216022,2001.0,68333.0
482012520031,2997.0,170580.0
482013125012,1748.0,102060.0
482013139012,1922.0,61321.0
482013140051,1458.0,57959.0
482013140052,1221.0,25882.0
482013209011,2061.0,70406.0
482013209012,755.0,39356.0
482013303012,2228.0,85583.0
482013311001,2054.0,36646.0
482013312003,1480.0,22173.0
482013318002,2085.0,
482013318003,1093.0,59000.0
482013333012,621.0,
482013333013,1740.0,27413.0
482013335011,1835.0,41582.0
482013340022,1269.0,65646.0
482013341013,3854.0,72083.0
482013341022,3284.0,70179.0
482014118021,1315.0,195741.0
482014122011,825.0,51392.0
482014130002,667.0,59861.0
482014131001,1414.0,176328.0
482014131002,790.0,250001.0
482014131003,1142.0,250001.0
482014211042,1657.0,44398.0
482014212032,1238.0,34808.0
482014215012,2459.0,46514.0
482014313032,563.0,57414.0
482014313042,907.0,75313.0
482014314041,1093.0,69950.0
482014320042,791.0,86250.0
482014505001,1457.0,151042.0
482014505002,1955.0,144348.0
482014506002,2090.0,65083.0
482015202002,715.0,52786.0
482015203012,1029.0,56683.0
482015205011,2506.0,41991.0
482015301022,1472.0,73788.0
482015416032,1697.0,51346.0
482014302001,1609.0,82434.0
482014507002,2938.0,250001.0
482014507003,2126.0,250001.0
