geoid,population,median_hh_income,poverty_total,poverty_below,total_households,snap_households
48201240804,2993.0,41701.0,2993.0,772.0,1232.0,289.0
48201240903,6344.0,91250.0,6282.0,851.0,1942.0,264.0
48201240904,9142.0,76500.0,9142.0,846.0,3286.0,400.0
48201241001,3587.0,82663.0,3587.0,344.0,1360.0,151.0
48201241104,11688.0,90348.0,11662.0,2156.0,3375.0,894.0
48201241302,8982.0,96767.0,8982.0,168.0,3208.0,290.0
48201250305,5769.0,89746.0,5769.0,616.0,1941.0,74.0
48201250901,4067.0,93466.0,4067.0,388.0,1817.0,28.0
48201321700,3202.0,77482.0,3201.0,403.0,1027.0,189.0
48201331100,4129.0,58717.0,4120.0,1016.0,1659.0,568.0
48201331200,5016.0,32156.0,4997.0,1851.0,1865.0,872.0
48201331300,5819.0,41975.0,5777.0,1952.0,1909.0,515.0
48201331400,3353.0,21099.0,3353.0,2618.0,985.0,461.0
48201342001,6399.0,147576.0,6399.0,584.0,2158.0,81.0
48201350102,5213.0,120419.0,5213.0,225.0,1904.0,0.0
48201350804,6520.0,154221.0,6520.0,331.0,2077.0,70.0
48201421101,2746.0,57039.0,2746.0,679.0,1520.0,180.0
48201423301,4664.0,52578.0,4664.0,562.0,2095.0,337.0
48201453401,3639.0,74928.0,3626.0,828.0,997.0,265.0
48201520501,4009.0,44181.0,4003.0,1286.0,1279.0,485.0
48201521402,3430.0,43276.0,3430.0,1401.0,994.0,211.0
48201521701,4632.0,31588.0,4594.0,2219.0,1801.0,192.0
48201521702,3159.0,34656.0,3159.0,1116.0,1418.0,372.0
48201541004,5738.0,76413.0,5726.0,400.0,1943.0,125.0
48201541005,4587.0,78116.0,4587.0,151.0,2623.0,229.0
48201550201,1946.0,35625.0,1946.0,765.0,664.0,189.0
48201550202,2240.0,21576.0,2164.0,981.0,887.0,409.0
48201551705,4738.0,117615.0,4738.0,335.0,1617.0,83.0
48201551901,2362.0,73713.0,2362.0,44.0,1099.0,78.0
48201552304,2079.0,91350.0,2079.0,59.0,707.0,0.0
48201553803,4828.0,118500.0,4828.0,145.0,1492.0,9.0
48201553804,5826.0,69227.0,5826.0,602.0,1963.0,283.0
48201554404,4776.0,189167.0,4766.0,26.0,1634.0,0.0
48201554804,4671.0,137115.0,4622.0,68.0,1768.0,135.0
48201554808,3205.0,147338.0,3205.0,345.0,1045.0,96.0
48201554905,8210.0,129497.0,8210.0,767.0,2579.0,320.0
48201554906,4743.0,92700.0,4722.0,339.0,1678.0,149.0
48201555002,4839.0,93409.0,4839.0,718.0,1742.0,239.0
48201555505,11508.0,132500.0,11508.0,1232.0,3592.0,238.0
48201555704,8211.0,165000.0,8211.0,19.0,2388.0,0.0
48201232701,7134.0,39069.0,7088.0,2232.0,2378.0,688.0
48201233103,5036.0,46522.0,5036.0,1356.0,1480.0,469.0
48201250201,7894.0,59350.0,7894.0,603.0,2582.0,459.0
48201250303,3416.0,82586.0,3416.0,442.0,1274.0,27.0
48201250405,9951.0,114458.0,9951.0,951.0,2918.0,503.0
48201252001,7718.0,84720.0,7718.0,468.0,3118.0,0.0
48201252100,3992.0,93000.0,3966.0,652.0,1026.0,144.0
48201253000,4911.0,53521.0,4911.0,1249.0,1844.0,395.0
48201253300,3682.0,98977.0,3682.0,225.0,1206.0,136.0
48201314001,3169.0,62500.0,2758.0,412.0,1590.0,108.0
48201320602,4365.0,52061.0,4365.0,1280.0,1493.0,482.0
48201322800,5509.0,65417.0,5492.0,1108.0,1543.0,348.0
48201340600,2463.0,124435.0,2463.0,52.0,988.0,14.0
48201340800,6143.0,142072.0,6143.0,315.0,2025.0,131.0
48201420600,2358.0,92219.0,2358.0,185.0,915.0,38.0
48201420700,2872.0,199875.0,2872.0,35.0,984.0,20.0
48201420900,6130.0,246500.0,6116.0,95.0,2262.0,24.0
48201433300,4680.0,86925.0,4680.0,339.0,1764.0,123.0
48201433400,4329.0,46243.0,4329.0,1032.0,1728.0,321.0
48201450100,1874.0,151111.0,1874.0,30.0,708.0,21.0
48201450200,5965.0,150709.0,5965.0,435.0,2193.0,221.0
48201450500,3412.0,144891.0,3412.0,132.0,1498.0,11.0
48201453800,3614.0,59391.0,3453.0,347.0,1097.0,159.0
48201454000,4332.0,64322.0,4309.0,753.0,1284.0,220.0
48201520603,2037.0,32691.0,1972.0,627.0,747.0,224.0
48201521201,2057.0,59139.0,2057.0,799.0,722.0,125.0
48201532003,4018.0,32738.0,4018.0,2095.0,1576.0,285.0
48201532004,5291.0,30318.0,5291.0,2311.0,2190.0,630.0
48201534201,3371.0,69457.0,3274.0,148.0,830.0,132.0
48201540901,3102.0,96316.0,3102.0,343.0,1370.0,11.0
48201541207,4262.0,170938.0,4239.0,21.0,1440.0,0.0
48201550307,2841.0,45972.0,2841.0,620.0,1191.0,205.0
48201550308,2993.0,36393.0,2993.0,1362.0,1349.0,209.0
48201551101,3765.0,,3707.0,1104.0,1696.0,504.0
48201551703,8108.0,81757.0,8108.0,321.0,3066.0,515.0
48201554103,5154.0,105958.0,5154.0,188.0,1847.0,115.0
48201554104,4064.0,126094.0,4029.0,692.0,1354.0,22.0
48201554908,7681.0,118409.0,7681.0,433.0,2594.0,161.0
48201555102,6083.0,89318.0,6083.0,216.0,2506.0,58.0
48201555401,3953.0,153981.0,3850.0,336.0,1213.0,104.0
48201222502,3969.0,52594.0,3959.0,1062.0,1060.0,235.0
48201222504,3340.0,36968.0,3340.0,1360.0,940.0,231.0
48201233702,3057.0,44318.0,3057.0,974.0,844.0,246.0
48201240905,5370.0,74907.0,5370.0,720.0,1762.0,76.0
48201241101,4538.0,79777.0,4494.0,763.0,1367.0,224.0
48201241301,5161.0,118261.0,5161.0,815.0,1622.0,159.0
48201250304,11105.0,97133.0,8396.0,431.0,2681.0,306.0
48201250602,4634.0,50297.0,4634.0,1819.0,1603.0,606.0
48201313801,1549.0,19330.0,1549.0,831.0,720.0,359.0
48201313901,3964.0,80819.0,3964.0,419.0,2077.0,182.0
48201314003,2689.0,52500.0,2684.0,883.0,1444.0,70.0
48201314402,2037.0,84961.0,2037.0,196.0,1269.0,21.0
48201333302,3515.0,53783.0,3515.0,634.0,1023.0,326.0
48201333501,3311.0,41558.0,3311.0,788.0,1186.0,428.0
48201343000,8808.0,63542.0,8788.0,1306.0,3050.0,377.0
48201343200,5446.0,118359.0,5446.0,170.0,1821.0,52.0
48201350604,3684.0,111250.0,3621.0,37.0,1381.0,55.0
48201410401,3899.0,116934.0,3899.0,185.0,2117.0,0.0
48201410801,2664.0,83026.0,2664.0,613.0,1552.0,44.0
48201411902,2391.0,113125.0,2057.0,307.0,1215.0,0.0
48201412201,2331.0,135417.0,2330.0,365.0,1163.0,0.0
48201412300,6959.0,250001.0,6959.0,86.0,2422.0,0.0
48201412400,4525.0,250001.0,4525.0,83.0,1481.0,0.0
48201422701,4750.0,55286.0,4750.0,690.0,1673.0,339.0
48201422702,3445.0,74914.0,3445.0,713.0,1112.0,199.0
48201423100,2871.0,34656.0,2871.0,1193.0,947.0,383.0
48201423600,7068.0,66356.0,7068.0,430.0,2479.0,520.0
48201431801,3660.0,78551.0,3660.0,499.0,2119.0,152.0
48201432705,5242.0,34030.0,5168.0,2693.0,1653.0,438.0
48201433100,3295.0,47480.0,3295.0,1049.0,1100.0,332.0
48201520200,3189.0,151607.0,3189.0,124.0,1332.0,47.0
48201520502,4644.0,49909.0,4644.0,771.0,1642.0,45.0
48201520604,3447.0,81483.0,3447.0,706.0,1165.0,139.0
48201520700,4505.0,128966.0,4466.0,160.0,1700.0,38.0
48201521501,2853.0,52917.0,2801.0,1003.0,836.0,136.0
48201533802,6909.0,71128.0,6909.0,874.0,1835.0,377.0
48201550304,1611.0,26174.0,1611.0,523.0,727.0,239.0
48201550406,4271.0,41080.0,4271.0,971.0,1530.0,193.0
48201552902,5286.0,90000.0,5261.0,1093.0,1686.0,274.0
48201553201,2545.0,74046.0,2454.0,518.0,967.0,124.0
48201211600,2802.0,49485.0,2802.0,504.0,1066.0,283.0
48201211700,3838.0,49508.0,3718.0,719.0,1396.0,381.0
48201220702,3805.0,29853.0,3739.0,1268.0,1202.0,273.0
48201221601,3264.0,69133.0,3264.0,1332.0,772.0,34.0
48201241105,5514.0,78936.0,5514.0,752.0,1636.0,414.0
48201241201,3062.0,76841.0,3062.0,197.0,1049.0,164.0
48201250601,3429.0,52180.0,3344.0,592.0,1591.0,226.0
48201251903,4395.0,120078.0,4395.0,97.0,1635.0,22.0
48201322702,4356.0,90929.0,4356.0,442.0,1298.0,178.0
48201341001,3973.0,62356.0,3973.0,445.0,2277.0,68.0
48201350104,5653.0,99877.0,5653.0,824.0,1925.0,409.0
48201350803,3059.0,60489.0,3048.0,134.0,1421.0,149.0
48201410704,2087.0,74537.0,2087.0,274.0,1524.0,64.0
48201411504,2669.0,126806.0,2669.0,370.0,1728.0,58.0
48201411505,3303.0,101736.0,3303.0,270.0,1714.0,63.0
48201411506,2971.0,99901.0,2971.0,157.0,1918.0,189.0
48201431303,1615.0,55164.0,1615.0,197.0,1041.0,55.0
48201431505,1480.0,89904.0,1464.0,112.0,905.0,8.0
48201431803,2339.0,74530.0,2339.0,150.0,1555.0,69.0
48201431902,2469.0,111667.0,2428.0,109.0,1580.0,12.0
48201432003,1763.0,38774.0,1763.0,529.0,1066.0,55.0
48201432102,4822.0,54754.0,4778.0,713.0,1987.0,257.0
48201432706,2243.0,34085.0,2243.0,1138.0,730.0,208.0
48201511003,1889.0,73507.0,1889.0,155.0,1106.0,0.0
48201511202,3510.0,172860.0,3510.0,92.0,1741.0,8.0
48201511501,3757.0,123696.0,3757.0,322.0,1992.0,40.0
48201520301,2443.0,67930.0,2443.0,555.0,991.0,107.0
48201520302,2591.0,78026.0,2591.0,614.0,992.0,130.0
48201530800,3919.0,45510.0,3879.0,703.0,1862.0,387.0
48201531200,3801.0,92837.0,3779.0,451.0,1607.0,148.0
48201531500,2639.0,64688.0,2638.0,318.0,1210.0,65.0
48201531600,3002.0,190234.0,3002.0,90.0,1278.0,37.0
48201531700,3947.0,219854.0,3917.0,58.0,1389.0,9.0
48201532102,3308.0,37267.0,3308.0,1491.0,1245.0,265.0
48201532302,4414.0,63657.0,4414.0,1814.0,1410.0,230.0
48201551501,4311.0,70223.0,4278.0,871.0,1581.0,652.0
48201551601,3000.0,68002.0,2952.0,939.0,937.0,274.0
48201553001,7218.0,89772.0,7211.0,627.0,2491.0,192.0
48201553002,4832.0,85335.0,4832.0,647.0,1616.0,50.0
48201554809,10919.0,92083.0,10573.0,1272.0,3588.0,143.0
48201221701,5311.0,67326.0,5311.0,1529.0,1361.0,228.0
48201232203,5823.0,73328.0,5823.0,916.0,2808.0,259.0
48201232306,4202.0,64439.0,4202.0,763.0,1092.0,189.0
48201232404,3969.0,52123.0,3969.0,1409.0,1188.0,258.0
48201233105,4595.0,44508.0,4595.0,1705.0,1071.0,354.0
48201240600,3500.0,32641.0,3500.0,1747.0,1196.0,388.0
48201250701,7051.0,130218.0,7051.0,730.0,2255.0,303.0
48201250702,4136.0,111364.0,4093.0,219.0,1574.0,33.0
48201251402,6730.0,59179.0,6699.0,1609.0,2651.0,263.0
48201251503,2767.0,139571.0,2719.0,10.0,858.0,3.0
48201251902,7899.0,122281.0,7872.0,975.0,2411.0,271.0
48201252201,5108.0,64598.0,5108.0,55.0,1903.0,161.0
48201311600,3614.0,37955.0,3614.0,1591.0,1456.0,388.0
48201312300,2733.0,74789.0,2703.0,696.0,1180.0,295.0
48201321301,3718.0,32833.0,3687.0,1567.0,1355.0,354.0
48201321401,3726.0,52548.0,3726.0,1167.0,1074.0,269.0
48201323702,3622.0,66084.0,3622.0,417.0,1210.0,73.0
48201330801,6752.0,64430.0,6726.0,1613.0,2558.0,330.0
48201332000,5918.0,22162.0,5732.0,2681.0,1822.0,916.0
48201333502,2504.0,83269.0,2504.0,788.0,748.0,88.0
48201340203,4608.0,135756.0,4608.0,146.0,2027.0,73.0
48201342002,4221.0,81197.0,4158.0,450.0,1693.0,41.0
48201342900,6997.0,114367.0,6997.0,164.0,2403.0,99.0
48201412600,3850.0,250001.0,3850.0,90.0,1361.0,10.0
48201510100,3096.0,180817.0,3096.0,47.0,1479.0,0.0
48201510400,3852.0,218356.0,3851.0,128.0,1795.0,0.0
48201510500,5097.0,140217.0,5097.0,64.0,2644.0,46.0
48201511001,3593.0,97589.0,3517.0,220.0,1747.0,13.0
48201522201,5184.0,73152.0,5166.0,1377.0,1294.0,118.0
48201522202,4088.0,61204.0,4088.0,1116.0,1244.0,234.0
48201522301,4012.0,57438.0,3863.0,1040.0,1610.0,109.0
48201522302,3259.0,61620.0,3259.0,511.0,1486.0,62.0
48201531800,2928.0,35875.0,2928.0,1069.0,1164.0,424.0
48201531900,6140.0,40473.0,6056.0,2397.0,2053.0,662.0
48201533902,5511.0,32020.0,5511.0,1534.0,1967.0,676.0
48201534001,3341.0,68889.0,3341.0,266.0,1064.0,95.0
48201541603,6850.0,52350.0,6850.0,1898.0,2190.0,390.0
48201550601,7107.0,70445.0,7107.0,1201.0,2177.0,421.0
48201550603,5031.0,69919.0,5030.0,809.0,1461.0,207.0
48201551400,6451.0,82500.0,6451.0,208.0,2380.0,121.0
48201211900,4150.0,49202.0,4129.0,484.0,1593.0,272.0
48201221301,4052.0,69180.0,4052.0,912.0,1120.0,105.0
48201222100,4972.0,69342.0,4966.0,898.0,1406.0,187.0
48201222200,3378.0,55357.0,3378.0,1084.0,1304.0,266.0
48201222300,4725.0,39314.0,4721.0,1425.0,1404.0,250.0
48201231200,5432.0,28229.0,5432.0,2309.0,2561.0,1122.0
48201310700,3342.0,63527.0,3326.0,287.0,1559.0,96.0
48201311800,3646.0,47753.0,3646.0,957.0,1331.0,196.0
48201311900,1629.0,60238.0,1629.0,275.0,572.0,181.0
48201312000,2970.0,85536.0,1433.0,182.0,711.0,66.0
48201321002,5200.0,60607.0,5200.0,706.0,1794.0,148.0
48201321102,4274.0,93553.0,4208.0,189.0,1194.0,58.0
48201330302,5141.0,61330.0,5095.0,902.0,1576.0,326.0
48201333201,5266.0,60615.0,5266.0,1006.0,1799.0,310.0
48201333903,3720.0,63494.0,3705.0,734.0,1297.0,160.0
48201340301,3541.0,218304.0,3541.0,26.0,1341.0,0.0
48201422000,2279.0,126417.0,2272.0,82.0,913.0,14.0
48201522002,3096.0,97356.0,2954.0,671.0,813.0,170.0
48201532101,3746.0,66076.0,3717.0,293.0,1640.0,114.0
48201532503,5605.0,93836.0,5605.0,777.0,1604.0,127.0
48201532504,4644.0,108854.0,4643.0,231.0,1251.0,217.0
48201532600,6375.0,53333.0,6375.0,971.0,2176.0,564.0
48201534101,2973.0,95994.0,2846.0,155.0,861.0,5.0
48201534102,5432.0,100333.0,5418.0,1121.0,1344.0,272.0
48201534204,4775.0,72234.0,4775.0,698.0,2042.0,95.0
48201534205,3760.0,86750.0,3760.0,453.0,1562.0,32.0
48201540101,7031.0,239125.0,7031.0,340.0,2350.0,0.0
48201540102,6316.0,71924.0,6316.0,1035.0,1895.0,139.0
48201540903,3562.0,63325.0,3562.0,350.0,1599.0,167.0
48201551201,4843.0,54877.0,4843.0,706.0,1567.0,221.0
48201551202,3674.0,89265.0,3674.0,256.0,1260.0,236.0
48201552401,5253.0,54375.0,5253.0,730.0,1944.0,412.0
48201552402,3108.0,109813.0,3108.0,184.0,1006.0,35.0
48201552501,5114.0,49431.0,5114.0,1830.0,1645.0,251.0
48201552502,6384.0,94063.0,6384.0,130.0,2163.0,314.0
48201552603,5595.0,51952.0,5552.0,2040.0,1721.0,518.0
48201552604,3025.0,92869.0,3025.0,700.0,1161.0,19.0
48201552702,6008.0,62810.0,5971.0,711.0,2615.0,133.0
48201552801,5357.0,89744.0,5307.0,784.0,2553.0,65.0
48201554807,6545.0,105436.0,6516.0,497.0,2195.0,197.0
48201210400,3628.0,54004.0,3628.0,858.0,1475.0,390.0
48201220300,3773.0,49536.0,3773.0,1107.0,1267.0,280.0
48201220400,4176.0,56200.0,4158.0,1230.0,1552.0,345.0
48201220500,3429.0,24835.0,3371.0,872.0,1561.0,712.0
48201220600,3168.0,,3168.0,1170.0,926.0,256.0
48201220800,3927.0,32955.0,3927.0,1890.0,1194.0,614.0
48201222800,4090.0,38514.0,4090.0,929.0,940.0,252.0
48201222900,7872.0,48733.0,7872.0,2350.0,2076.0,370.0
48201223100,2160.0,66250.0,2157.0,341.0,608.0,163.0
48201230100,1783.0,51389.0,1783.0,340.0,694.0,158.0
48201230200,5269.0,37500.0,5233.0,1533.0,1902.0,620.0
48201230500,3566.0,34103.0,3537.0,1139.0,1289.0,216.0
48201230600,3076.0,44265.0,3076.0,601.0,950.0,206.0
48201230700,3446.0,41715.0,3446.0,1276.0,1119.0,412.0
48201230800,2351.0,41083.0,2351.0,757.0,839.0,248.0
48201232402,4646.0,49375.0,4625.0,1310.0,1301.0,455.0
48201232403,4018.0,54475.0,4018.0,916.0,1345.0,294.0
48201254300,5272.0,48010.0,5272.0,1281.0,1668.0,374.0
48201254400,2594.0,49583.0,2594.0,652.0,997.0,183.0
48201254600,3419.0,54306.0,3419.0,420.0,1277.0,479.0
48201310200,2129.0,132929.0,2129.0,274.0,1331.0,202.0
48201310300,4058.0,32368.0,3958.0,702.0,2106.0,360.0
48201332600,6387.0,45870.0,6139.0,1244.0,2240.0,501.0
48201432501,3587.0,44900.0,3568.0,1181.0,1574.0,303.0
48201433005,2088.0,42159.0,2088.0,625.0,809.0,326.0
48201433007,1720.0,42127.0,1720.0,568.0,531.0,118.0
48201451502,2747.0,51818.0,2747.0,321.0,1506.0,255.0
48201451603,3324.0,113167.0,3301.0,364.0,1460.0,52.0
48201452402,3887.0,66250.0,3887.0,593.0,1239.0,238.0
48201452501,2500.0,34915.0,2479.0,585.0,820.0,357.0
48201453201,3969.0,36822.0,3969.0,1682.0,1530.0,409.0
48201454600,5446.0,42829.0,5332.0,1398.0,2199.0,29.0
48201454700,7588.0,148118.0,7588.0,310.0,2377.0,30.0
48201522500,5510.0,250001.0,5510.0,53.0,1666.0,23.0
48201532502,5785.0,66204.0,5785.0,1247.0,1779.0,294.0
48201533100,8754.0,61139.0,8754.0,2401.0,2362.0,441.0
48201533200,3688.0,38393.0,3643.0,1159.0,1485.0,389.0
48201533500,4225.0,54091.0,4225.0,893.0,1240.0,112.0
48201533600,5377.0,46293.0,5377.0,1554.0,1637.0,344.0
48201550500,6391.0,58533.0,6329.0,1296.0,1936.0,397.0
48201220100,1524.0,50417.0,1524.0,237.0,568.0,181.0
48201220200,2405.0,66167.0,2405.0,681.0,744.0,125.0
48201221502,2953.0,35636.0,2953.0,887.0,930.0,253.0
48201231400,3699.0,49535.0,3644.0,816.0,1327.0,233.0
48201232304,7403.0,39548.0,7234.0,2639.0,2317.0,700.0
48201233003,2790.0,68393.0,2790.0,282.0,801.0,207.0
48201233101,4399.0,53390.0,4323.0,957.0,1371.0,358.0
48201241202,5511.0,69647.0,5511.0,1046.0,1647.0,159.0
48201250101,3983.0,74023.0,3983.0,389.0,1351.0,143.0
48201250202,2312.0,53650.0,2312.0,730.0,747.0,80.0
48201252700,5593.0,64291.0,5593.0,1196.0,1985.0,221.0
48201311702,1917.0,32614.0,1917.0,810.0,681.0,154.0
48201313201,1632.0,47698.0,1632.0,454.0,822.0,209.0
48201320500,4097.0,71406.0,4097.0,336.0,1270.0,221.0
48201333905,3448.0,68250.0,3411.0,352.0,1059.0,139.0
48201411302,3086.0,89246.0,3086.0,236.0,2235.0,0.0
48201431101,5640.0,83615.0,5640.0,610.0,2842.0,118.0
48201431102,4034.0,63037.0,3994.0,696.0,2114.0,95.0
48201432901,3688.0,44750.0,3688.0,1384.0,1193.0,231.0
48201433003,5476.0,45979.0,5450.0,1271.0,2055.0,729.0
48201433201,3925.0,42956.0,3852.0,859.0,1643.0,249.0
48201433202,3666.0,58911.0,3666.0,649.0,1263.0,103.0
48201454505,2472.0,163033.0,2472.0,121.0,898.0,23.0
48201510803,2515.0,109842.0,2515.0,168.0,1606.0,0.0
48201521502,2899.0,78409.0,2899.0,488.0,1002.0,194.0
48201521800,4557.0,77584.0,4549.0,301.0,1681.0,141.0
48201521900,7366.0,90903.0,7291.0,1063.0,2644.0,114.0
48201530200,4156.0,147083.0,4156.0,778.0,1693.0,11.0
48201530300,2393.0,94444.0,2393.0,169.0,968.0,139.0
48201532700,5389.0,77628.0,5389.0,611.0,1818.0,286.0
48201542800,8846.0,83201.0,8817.0,1181.0,2721.0,165.0
48201550404,6260.0,90863.0,6241.0,263.0,2065.0,386.0
48201550902,4531.0,91157.0,4531.0,101.0,1321.0,395.0
48201551602,4671.0,54507.0,4474.0,515.0,1552.0,111.0
48201551902,4690.0,55333.0,4690.0,769.0,2140.0,526.0
48201552004,3265.0,54811.0,3238.0,639.0,1633.0,314.0
48201552102,5959.0,79773.0,5959.0,761.0,2316.0,281.0
48201553602,2398.0,59081.0,2398.0,293.0,1172.0,42.0
48201554002,4623.0,185224.0,4623.0,110.0,1533.0,0.0
48201555600,9965.0,145680.0,9795.0,1234.0,2860.0,44.0
48201223001,4050.0,69821.0,4050.0,908.0,1067.0,210.0
48201250500,5469.0,70617.0,5469.0,508.0,2201.0,124.0
48201253700,6116.0,58083.0,5790.0,872.0,2125.0,287.0
48201253800,7805.0,51898.0,7805.0,2097.0,2885.0,508.0
48201253900,4042.0,77132.0,4019.0,530.0,1523.0,234.0
48201254000,3662.0,51618.0,3639.0,900.0,1540.0,362.0
48201254100,6168.0,67619.0,6092.0,1355.0,1882.0,398.0
48201320601,2104.0,36291.0,2104.0,813.0,751.0,157.0
48201330303,4734.0,54203.0,4734.0,619.0,2103.0,224.0
48201331602,3337.0,67520.0,3337.0,490.0,1223.0,181.0
48201334003,5903.0,70917.0,5903.0,1731.0,2211.0,283.0
48201341302,3368.0,78671.0,3368.0,170.0,2016.0,167.0
48201341501,6275.0,79452.0,6275.0,458.0,2624.0,112.0
48201341502,5013.0,88125.0,5013.0,164.0,2364.0,43.0
48201343301,4540.0,97161.0,4540.0,820.0,1528.0,124.0
48201350601,3863.0,97700.0,3863.0,259.0,1638.0,135.0
48201350801,4785.0,82731.0,4785.0,345.0,2267.0,129.0
48201431401,2729.0,83304.0,2729.0,289.0,1506.0,0.0
48201432804,2011.0,62216.0,2011.0,392.0,828.0,93.0
48201453202,5057.0,52971.0,5023.0,1691.0,1540.0,688.0
48201454303,3949.0,69040.0,3838.0,159.0,1204.0,112.0
48201511301,5065.0,165743.0,5065.0,397.0,2542.0,95.0
48201532800,2314.0,71494.0,2314.0,369.0,626.0,87.0
48201532900,5094.0,41808.0,5094.0,1686.0,1616.0,446.0
48201533000,2525.0,32093.0,2525.0,980.0,1020.0,359.0
48201540502,5191.0,96141.0,5191.0,282.0,1623.0,175.0
48201541203,2482.0,112098.0,2422.0,180.0,963.0,46.0
48201542500,3885.0,67258.0,3885.0,453.0,1822.0,117.0
48201542600,6165.0,100461.0,6062.0,470.0,2195.0,288.0
48201542700,4903.0,82321.0,4903.0,317.0,1818.0,71.0
48201552602,8045.0,68064.0,7901.0,758.0,3202.0,152.0
48201553102,5005.0,81773.0,4830.0,403.0,1460.0,320.0
48201553401,4462.0,112465.0,4437.0,402.0,1427.0,72.0
48201553801,2642.0,129226.0,2492.0,147.0,905.0,34.0
48201554702,4383.0,124167.0,4383.0,305.0,1610.0,29.0
48201554803,7984.0,142257.0,7968.0,577.0,2890.0,377.0
48201554806,2078.0,116006.0,2078.0,89.0,749.0,0.0
48201556100,3763.0,147292.0,3639.0,156.0,1233.0,55.0
48201980200,9542.0,84514.0,160.0,38.0,145.0,4.0
48201980400,4285.0,,0.0,0.0,0.0,0.0
48201222401,3332.0,45565.0,3317.0,833.0,849.0,201.0
48201222402,7310.0,48260.0,7301.0,2399.0,2035.0,644.0
48201222501,3447.0,54353.0,3447.0,763.0,877.0,146.0
48201241103,5775.0,90789.0,5775.0,598.0,2093.0,174.0
48201251000,3410.0,71615.0,3410.0,418.0,1557.0,113.0
48201251501,6877.0,150962.0,6877.0,139.0,2082.0,19.0
48201310500,3409.0,42122.0,3409.0,779.0,1464.0,277.0
48201321402,4867.0,60307.0,4863.0,748.0,1367.0,187.0
48201323701,4269.0,52310.0,3886.0,271.0,1664.0,432.0
48201330301,7924.0,71852.0,7924.0,1560.0,2199.0,319.0
48201334001,2880.0,48286.0,2879.0,433.0,1092.0,247.0
48201340302,6889.0,147031.0,6889.0,346.0,2515.0,0.0
48201341201,5291.0,71359.0,5050.0,449.0,2330.0,431.0
48201341800,2612.0,99408.0,2612.0,484.0,989.0,182.0
48201343302,4927.0,110595.0,4927.0,313.0,1910.0,98.0
48201410402,3044.0,180000.0,3044.0,143.0,1404.0,31.0
48201421401,3347.0,36451.0,3347.0,1155.0,1326.0,350.0
48201422302,2106.0,87568.0,2106.0,293.0,988.0,131.0
48201423401,4767.0,69792.0,4745.0,580.0,1754.0,367.0
48201423402,4597.0,59583.0,4565.0,557.0,1433.0,335.0
48201431302,4324.0,82545.0,4324.0,318.0,1833.0,41.0
48201450801,2244.0,79193.0,2244.0,308.0,1021.0,65.0
48201451700,4976.0,60417.0,4976.0,900.0,1912.0,379.0
48201451800,5758.0,77727.0,5758.0,929.0,1834.0,229.0
48201451902,2520.0,127014.0,2520.0,232.0,893.0,74.0
48201452202,3123.0,65574.0,3123.0,378.0,1703.0,237.0
48201453403,3977.0,33510.0,3905.0,1659.0,1461.0,239.0
48201453501,5876.0,53196.0,5876.0,931.0,2053.0,420.0
48201453502,3616.0,61264.0,3603.0,891.0,1053.0,237.0
48201453601,1596.0,57862.0,1596.0,471.0,475.0,144.0
48201454302,5877.0,73447.0,5877.0,686.0,2114.0,396.0
48201522401,6023.0,78125.0,6023.0,789.0,2445.0,234.0
48201522402,3862.0,73571.0,3790.0,761.0,1180.0,202.0
48201533702,3261.0,54840.0,3261.0,631.0,870.0,156.0
48201540601,4133.0,91406.0,4133.0,469.0,1249.0,96.0
48201540602,7518.0,94141.0,7498.0,1089.0,2381.0,230.0
48201551702,4086.0,120509.0,4086.0,83.0,1481.0,0.0
48201554501,6542.0,150250.0,6535.0,296.0,2305.0,57.0
48201554902,11291.0,111741.0,11208.0,446.0,4093.0,149.0
48201555301,5032.0,138208.0,5023.0,165.0,1789.0,127.0
48201221302,3464.0,52739.0,3327.0,363.0,903.0,50.0
48201311501,2464.0,61212.0,2464.0,361.0,976.0,105.0
48201311502,2610.0,35455.0,2610.0,1063.0,1038.0,195.0
48201320700,3397.0,48984.0,3383.0,595.0,1479.0,422.0
48201320800,4740.0,54241.0,4738.0,1248.0,1612.0,248.0
48201333100,3567.0,36715.0,3453.0,1040.0,1415.0,370.0
48201333203,2171.0,45907.0,2079.0,274.0,951.0,131.0
48201333600,3219.0,70868.0,3168.0,206.0,1005.0,150.0
48201333700,4138.0,64841.0,4138.0,589.0,1220.0,159.0
48201341203,2698.0,61250.0,2698.0,309.0,1218.0,68.0
48201410300,3821.0,100657.0,3748.0,342.0,2645.0,0.0
48201410900,3565.0,109067.0,3565.0,230.0,2100.0,133.0
48201412700,3144.0,140417.0,3135.0,156.0,1227.0,35.0
48201412800,5026.0,250001.0,5026.0,76.0,1555.0,27.0
48201413100,3346.0,250001.0,3343.0,87.0,1160.0,20.0
48201420200,2490.0,61389.0,2490.0,628.0,1038.0,94.0
48201420300,4005.0,106465.0,4005.0,275.0,1609.0,85.0
48201420500,3527.0,37288.0,3480.0,890.0,1313.0,328.0
48201422100,5004.0,101238.0,5004.0,275.0,2233.0,8.0
48201430200,1609.0,82434.0,1562.0,147.0,757.0,58.0
48201430300,4390.0,250001.0,4390.0,122.0,1559.0,0.0
48201430400,3097.0,250001.0,3097.0,31.0,1069.0,10.0
48201430500,2291.0,223750.0,2291.0,98.0,898.0,22.0
48201430600,3838.0,250001.0,3838.0,171.0,1169.0,0.0
48201430700,3831.0,88870.0,3831.0,142.0,1866.0,34.0
48201430800,6492.0,155388.0,6470.0,407.0,2629.0,3.0
48201430900,5559.0,85767.0,5559.0,348.0,2787.0,0.0
48201453300,4680.0,36256.0,4680.0,1262.0,1664.0,596.0
48201454502,2216.0,192174.0,2216.0,92.0,732.0,18.0
48201455200,4190.0,103271.0,4190.0,84.0,1572.0,17.0
48201455300,13436.0,74869.0,13285.0,891.0,5309.0,729.0
48201511004,1842.0,89028.0,1842.0,105.0,966.0,14.0
48201511502,5455.0,205553.0,5455.0,479.0,2253.0,48.0
48201511600,3548.0,86026.0,3548.0,227.0,1668.0,179.0
48201520100,3406.0,151217.0,3406.0,101.0,1419.0,52.0
48201552002,1473.0,67250.0,1473.0,237.0,733.0,105.0
48201552101,4399.0,81678.0,4381.0,408.0,1755.0,241.0
48201552103,3986.0,81354.0,3986.0,624.0,1271.0,280.0
48201553403,8462.0,82903.0,8462.0,1193.0,2920.0,278.0
48201980000,35.0,,35.0,0.0,22.0,0.0
48201232802,2832.0,63429.0,2832.0,209.0,948.0,132.0
48201232901,4348.0,53601.0,4348.0,183.0,1655.0,226.0
48201240705,5463.0,79178.0,5463.0,771.0,1543.0,238.0
48201240706,11268.0,86116.0,11222.0,1390.0,3153.0,718.0
48201241002,5504.0,83402.0,5504.0,170.0,1726.0,146.0
48201241502,2390.0,30217.0,2390.0,873.0,824.0,364.0
48201250306,3936.0,78750.0,3936.0,502.0,1406.0,93.0
48201250406,4836.0,127372.0,4823.0,80.0,1547.0,83.0
48201251504,5612.0,149901.0,5396.0,390.0,1800.0,24.0
48201253201,6367.0,103438.0,6330.0,281.0,2275.0,34.0
48201253501,8875.0,75425.0,8781.0,1706.0,3094.0,281.0
48201253602,4180.0,36542.0,4180.0,1413.0,1670.0,669.0
48201311701,3554.0,65024.0,3537.0,719.0,1174.0,237.0
48201312601,3366.0,88269.0,3350.0,868.0,1964.0,21.0
48201312603,4160.0,78186.0,4160.0,1428.0,2351.0,81.0
48201313101,2555.0,87639.0,2348.0,612.0,1137.0,0.0
48201313202,2629.0,85802.0,2513.0,83.0,1120.0,8.0
48201331603,4532.0,52944.0,4532.0,1138.0,1486.0,494.0
48201334101,9558.0,79638.0,9558.0,1087.0,4977.0,207.0
48201410705,1123.0,,654.0,30.0,399.0,8.0
48201421900,3063.0,182868.0,2992.0,197.0,1009.0,0.0
48201422200,5555.0,33479.0,5503.0,2302.0,2619.0,797.0
48201423204,4070.0,28481.0,4070.0,1913.0,1677.0,606.0
48201423304,3435.0,50689.0,3435.0,673.0,1372.0,333.0
48201451604,3561.0,120147.0,3516.0,156.0,1680.0,35.0
48201454504,5223.0,119083.0,5223.0,547.0,2415.0,55.0
48201530600,3626.0,71029.0,3562.0,1036.0,1322.0,166.0
48201541206,4980.0,111477.0,4882.0,301.0,1587.0,133.0
48201541302,7451.0,76314.0,7451.0,463.0,2049.0,536.0
48201542103,9503.0,93578.0,9503.0,956.0,2877.0,309.0
48201542104,7914.0,87566.0,7881.0,905.0,2408.0,989.0
48201542203,12427.0,91030.0,12384.0,2880.0,3703.0,370.0
48201550303,3375.0,38340.0,3375.0,1443.0,1713.0,433.0
48201550405,7219.0,51005.0,6992.0,2388.0,2365.0,616.0
48201550407,6268.0,81477.0,6268.0,1215.0,1701.0,328.0
48201550901,5599.0,76438.0,5551.0,1345.0,1615.0,272.0
48201551704,3988.0,116417.0,3973.0,275.0,1475.0,99.0
48201552003,4478.0,92610.0,4461.0,578.0,1763.0,149.0
48201553202,4856.0,51086.0,4728.0,1006.0,1927.0,276.0
48201554805,8907.0,101542.0,8907.0,1167.0,2482.0,66.0
48201220701,3498.0,59821.0,3486.0,841.0,989.0,299.0
48201232405,6431.0,61615.0,6382.0,1093.0,1994.0,130.0
48201240101,2243.0,35540.0,2224.0,911.0,720.0,127.0
48201240703,6277.0,69746.0,6277.0,1012.0,1764.0,154.0
48201240906,8525.0,90283.0,8525.0,1390.0,2632.0,551.0
48201250102,5534.0,79890.0,5431.0,230.0,1538.0,91.0
48201252303,5424.0,102449.0,5424.0,741.0,1315.0,285.0
48201252305,6067.0,114609.0,6006.0,62.0,1855.0,275.0
48201313802,2707.0,43348.0,2644.0,864.0,1063.0,288.0
48201320201,2983.0,36592.0,2983.0,1393.0,775.0,439.0
48201320202,3033.0,39617.0,2991.0,507.0,1347.0,271.0
48201333906,5712.0,107406.0,5712.0,324.0,1540.0,115.0
48201423303,1375.0,24213.0,1375.0,305.0,783.0,291.0
48201430102,3009.0,135739.0,2984.0,361.0,1393.0,88.0
48201452701,4022.0,73542.0,4022.0,405.0,1262.0,225.0
48201453902,3752.0,53021.0,3752.0,1281.0,1108.0,212.0
48201454503,2700.0,151397.0,2700.0,44.0,1077.0,28.0
48201454801,4098.0,67500.0,4098.0,280.0,1778.0,69.0
48201510602,4592.0,164076.0,4592.0,121.0,2691.0,0.0
48201510801,4526.0,128269.0,4526.0,60.0,2356.0,27.0
48201510901,6490.0,216490.0,6490.0,56.0,2706.0,43.0
48201521401,3298.0,46444.0,3298.0,1221.0,931.0,159.0
48201522001,2213.0,91411.0,2213.0,124.0,1103.0,14.0
48201522102,4532.0,92833.0,4423.0,682.0,1260.0,271.0
48201530101,3296.0,43353.0,3296.0,763.0,1561.0,210.0
48201540904,3804.0,95553.0,3804.0,546.0,1831.0,120.0
48201541009,4861.0,106029.0,4861.0,242.0,1694.0,16.0
48201541802,4140.0,61139.0,4140.0,573.0,1932.0,149.0
48201542004,2989.0,81719.0,2984.0,292.0,1016.0,123.0
48201542401,4991.0,49947.0,4886.0,1878.0,1665.0,303.0
48201543004,18217.0,196654.0,18217.0,915.0,5605.0,23.0
48201543007,23471.0,173796.0,23471.0,767.0,6862.0,110.0
48201543008,5255.0,93657.0,5255.0,147.0,1528.0,189.0
48201550403,2928.0,13491.0,2928.0,1943.0,1177.0,473.0
48201552901,5079.0,65574.0,5007.0,517.0,2446.0,282.0
48201553101,3508.0,95049.0,3491.0,248.0,1475.0,178.0
48201554407,6355.0,114223.0,6152.0,512.0,2126.0,63.0
48201554410,4586.0,102424.0,4586.0,592.0,1578.0,37.0
48201555101,5214.0,79000.0,5187.0,272.0,2022.0,342.0
48201555503,13991.0,141206.0,13455.0,308.0,4610.0,160.0
48201210800,2250.0,40561.0,2250.0,690.0,970.0,238.0
48201210900,1812.0,45599.0,1802.0,603.0,673.0,298.0
48201230300,2155.0,50521.0,2147.0,509.0,756.0,240.0
48201231500,3193.0,50104.0,3193.0,520.0,925.0,276.0
48201231600,2767.0,36912.0,2767.0,967.0,1099.0,142.0
48201231700,4756.0,53157.0,4756.0,1142.0,1123.0,143.0
48201241400,10417.0,92575.0,10399.0,415.0,3883.0,64.0
48201251505,3839.0,171600.0,3839.0,175.0,1484.0,10.0
48201310400,3018.0,57163.0,3018.0,321.0,1457.0,131.0
48201320100,2253.0,54083.0,2252.0,368.0,1025.0,284.0
48201330102,2022.0,40818.0,2022.0,760.0,712.0,102.0
48201330802,10276.0,108097.0,10273.0,855.0,3711.0,672.0
48201330901,10349.0,83794.0,10349.0,845.0,4161.0,521.0
48201330902,3665.0,37140.0,3665.0,1412.0,1063.0,186.0
48201340900,4640.0,48052.0,4640.0,1150.0,2303.0,413.0
48201343100,3900.0,82344.0,3870.0,248.0,1391.0,106.0
48201350300,6328.0,100948.0,6328.0,456.0,1972.0,142.0
48201350400,5806.0,69519.0,5806.0,583.0,2010.0,216.0
48201350500,7031.0,80079.0,6971.0,1273.0,2230.0,353.0
48201411901,2200.0,239519.0,2182.0,35.0,893.0,0.0
48201413204,1061.0,61635.0,1061.0,147.0,713.0,8.0
48201420100,2769.0,50725.0,2769.0,406.0,1637.0,101.0
48201421602,2868.0,42692.0,2868.0,942.0,1084.0,174.0
48201421802,2399.0,89079.0,2385.0,360.0,948.0,136.0
48201422403,2550.0,81108.0,2549.0,163.0,985.0,95.0
48201422501,3734.0,50911.0,3734.0,980.0,1431.0,338.0
48201423500,2254.0,105291.0,2254.0,166.0,762.0,82.0
48201540504,3408.0,55045.0,3408.0,1067.0,1201.0,302.0
48201541301,6232.0,87109.0,6171.0,721.0,2064.0,398.0
48201541402,2374.0,70298.0,2374.0,114.0,814.0,53.0
48201541604,10089.0,110368.0,10089.0,734.0,3439.0,339.0
48201541703,3705.0,76677.0,3705.0,458.0,1820.0,237.0
48201541901,2742.0,81125.0,2742.0,312.0,883.0,200.0
48201542001,4304.0,88035.0,4304.0,175.0,1320.0,126.0
48201542303,3640.0,117593.0,3640.0,159.0,1289.0,75.0
48201542402,5263.0,81355.0,5162.0,810.0,1994.0,88.0
48201542901,9563.0,118148.0,9563.0,661.0,3632.0,75.0
48201542902,42523.0,132015.0,41618.0,4248.0,12699.0,619.0
48201555404,3985.0,49883.0,3669.0,387.0,1908.0,287.0
48201555703,6280.0,155971.0,6280.0,434.0,2124.0,51.0
48201210500,4767.0,55337.0,4767.0,1071.0,1932.0,326.0
48201212500,3456.0,56250.0,3456.0,590.0,1458.0,330.0
48201221400,5666.0,32690.0,5666.0,2288.0,1841.0,506.0
48201223002,2739.0,44201.0,2739.0,222.0,986.0,341.0
48201230400,4227.0,59952.0,4116.0,839.0,1293.0,292.0
48201231100,5489.0,41360.0,5489.0,2070.0,1406.0,470.0
48201231300,5360.0,45417.0,5360.0,1275.0,1811.0,507.0
48201231800,3251.0,57136.0,3251.0,794.0,906.0,196.0
48201231900,5744.0,35976.0,5744.0,2239.0,1953.0,417.0
48201232000,4849.0,43594.0,4849.0,1962.0,1379.0,413.0
48201232100,3460.0,42262.0,3460.0,924.0,1118.0,207.0
48201232703,2693.0,51250.0,2676.0,925.0,850.0,236.0
48201232704,1906.0,50417.0,1906.0,184.0,773.0,135.0
48201232902,4665.0,69922.0,4644.0,415.0,1589.0,247.0
48201233600,2115.0,44821.0,2115.0,960.0,725.0,156.0
48201311100,5091.0,42721.0,5091.0,1000.0,1810.0,286.0
48201311300,4120.0,67316.0,4120.0,354.0,1235.0,213.0
48201311400,1668.0,45735.0,1668.0,374.0,470.0,137.0
48201330600,7148.0,48489.0,7148.0,1598.0,2437.0,624.0
48201341102,2143.0,50529.0,2048.0,279.0,1347.0,58.0
48201430101,2796.0,79038.0,2733.0,171.0,1460.0,48.0
48201431506,2849.0,87988.0,2813.0,148.0,1805.0,65.0
48201431701,2075.0,107698.0,2075.0,35.0,1299.0,0.0
48201431702,2848.0,175787.0,2848.0,132.0,1283.0,0.0
48201431804,2598.0,126458.0,2555.0,94.0,1426.0,6.0
48201431901,2492.0,41967.0,2491.0,290.0,1535.0,41.0
48201451401,3494.0,66038.0,3494.0,366.0,1713.0,203.0
48201510302,3482.0,157159.0,3475.0,70.0,1449.0,205.0
48201510601,3417.0,130616.0,3389.0,131.0,2062.0,120.0
48201510802,2817.0,250001.0,2817.0,34.0,1481.0,0.0
48201510902,5731.0,118750.0,5731.0,1104.0,2798.0,282.0
48201511400,2686.0,161607.0,2680.0,168.0,1322.0,35.0
48201530900,4670.0,86563.0,4621.0,644.0,1830.0,116.0
48201531100,3552.0,181698.0,3552.0,287.0,1357.0,119.0
48201531300,5109.0,70092.0,5047.0,980.0,2271.0,363.0
48201531400,2139.0,97464.0,2080.0,101.0,927.0,78.0
48201533701,7269.0,51207.0,7269.0,1766.0,2008.0,466.0
48201541100,8045.0,83321.0,8045.0,350.0,2471.0,299.0
48201551000,3693.0,52514.0,3693.0,519.0,1097.0,226.0
48201980100,0.0,,0.0,0.0,0.0,0.0
48201312700,2293.0,86667.0,2232.0,309.0,1188.0,207.0
48201312800,3752.0,15833.0,1540.0,919.0,850.0,516.0
48201312901,1869.0,14302.0,1326.0,520.0,747.0,353.0
48201312902,2391.0,,2366.0,731.0,1279.0,87.0
48201313300,2702.0,50313.0,2695.0,738.0,1229.0,230.0
48201321900,5314.0,64556.0,5294.0,977.0,1426.0,391.0
48201322000,4240.0,48382.0,4240.0,1608.0,1292.0,431.0
48201322100,3883.0,34597.0,3883.0,1143.0,1360.0,243.0
48201322200,1670.0,61311.0,1670.0,175.0,445.0,86.0
48201330700,8886.0,73221.0,8886.0,1440.0,2589.0,622.0
48201331700,3840.0,38994.0,3840.0,1633.0,1300.0,495.0
48201331800,4268.0,31938.0,4268.0,2226.0,1368.0,542.0
48201331900,3361.0,34883.0,3361.0,876.0,1409.0,495.0
48201332100,3173.0,41299.0,3173.0,1156.0,903.0,154.0
48201332200,4861.0,31534.0,4828.0,1651.0,1593.0,580.0
48201332400,4057.0,50462.0,4057.0,434.0,1247.0,371.0
48201332500,3410.0,83870.0,3410.0,160.0,1118.0,251.0
48201332700,2319.0,44909.0,2319.0,651.0,849.0,239.0
48201332800,4588.0,53333.0,4436.0,1285.0,1354.0,388.0
48201333000,3528.0,67813.0,3528.0,714.0,1038.0,116.0
48201333204,2338.0,39831.0,2338.0,581.0,843.0,220.0
48201342100,3964.0,99286.0,3937.0,532.0,1400.0,153.0
48201342200,4011.0,53459.0,3772.0,606.0,1363.0,239.0
48201342300,7114.0,63919.0,7114.0,1462.0,2571.0,621.0
48201342400,3524.0,73586.0,3496.0,150.0,1335.0,216.0
48201342500,6356.0,101964.0,6276.0,265.0,2293.0,126.0
48201350101,4367.0,79605.0,4253.0,998.0,1286.0,419.0
48201350103,8504.0,116571.0,8504.0,535.0,2816.0,60.0
48201410202,3900.0,130972.0,3900.0,202.0,2025.0,26.0
48201410502,3032.0,154261.0,3032.0,160.0,1655.0,52.0
48201411301,1918.0,114402.0,1918.0,169.0,1289.0,0.0
48201411507,2167.0,85782.0,2167.0,287.0,1325.0,14.0
48201422800,4533.0,53714.0,3986.0,1016.0,1545.0,103.0
48201422900,4060.0,44650.0,4041.0,1309.0,1389.0,457.0
48201450600,5678.0,75532.0,5588.0,601.0,2601.0,210.0
48201450700,6866.0,250001.0,6866.0,84.0,2202.0,0.0
48201450900,2783.0,105398.0,2783.0,69.0,1416.0,29.0
48201451100,3990.0,71250.0,3935.0,706.0,1827.0,60.0
48201451200,2770.0,166818.0,2751.0,8.0,1028.0,7.0
48201532400,7362.0,61144.0,7362.0,1350.0,2337.0,175.0
48201212300,4731.0,65176.0,4731.0,1195.0,1920.0,380.0
48201212400,2871.0,42344.0,2871.0,843.0,892.0,348.0
48201240704,4650.0,110398.0,4650.0,608.0,1247.0,178.0
48201241501,4295.0,44500.0,4135.0,685.0,1694.0,204.0
48201320901,2816.0,54707.0,2800.0,475.0,1115.0,190.0
48201333301,4541.0,30325.0,4541.0,2166.0,1247.0,572.0
48201342700,4713.0,81530.0,4713.0,508.0,1723.0,162.0
48201410601,3723.0,98958.0,3719.0,530.0,2844.0,135.0
48201410706,1835.0,72305.0,1827.0,391.0,1140.0,120.0
48201421103,1533.0,41982.0,1509.0,288.0,603.0,140.0
48201421204,3274.0,44222.0,3274.0,1012.0,1324.0,294.0
48201421206,2013.0,31203.0,2013.0,813.0,767.0,172.0
48201421301,3537.0,41842.0,3537.0,1565.0,1160.0,315.0
48201421302,5595.0,55064.0,4857.0,1319.0,1768.0,429.0
48201421502,3137.0,44367.0,3106.0,1156.0,1063.0,249.0
48201421801,2303.0,42045.0,2303.0,416.0,1053.0,207.0
48201423203,2280.0,50821.0,2280.0,814.0,835.0,222.0
48201432006,2264.0,35219.0,2264.0,860.0,1124.0,14.0
48201432101,3193.0,62029.0,3193.0,902.0,1453.0,242.0
48201451501,2984.0,73154.0,2969.0,118.0,1879.0,81.0
48201452102,1818.0,55909.0,1737.0,340.0,914.0,13.0
48201455102,2886.0,106012.0,2886.0,159.0,840.0,55.0
48201511201,2940.0,190938.0,2940.0,32.0,1459.0,22.0
48201511302,4961.0,170768.0,4960.0,220.0,2373.0,130.0
48201520601,2658.0,43147.0,2634.0,818.0,935.0,244.0
48201521000,2158.0,47985.0,2158.0,490.0,798.0,217.0
48201521100,2494.0,36955.0,2494.0,1171.0,741.0,137.0
48201521202,3481.0,66630.0,3325.0,691.0,1578.0,82.0
48201521300,7160.0,60095.0,7160.0,2300.0,2502.0,322.0
48201521600,2972.0,91667.0,2972.0,183.0,968.0,107.0
48201530102,2971.0,65192.0,2971.0,971.0,1108.0,169.0
48201541205,3286.0,96223.0,3286.0,105.0,1184.0,52.0
48201543009,5268.0,75724.0,5135.0,1304.0,1135.0,76.0
48201550306,5063.0,70560.0,5063.0,924.0,1479.0,288.0
48201551300,3634.0,138299.0,3634.0,89.0,1123.0,73.0
48201552303,3250.0,63724.0,3170.0,399.0,1638.0,117.0
48201553901,6298.0,135581.0,6220.0,61.0,1970.0,74.0
48201554001,3566.0,76563.0,3566.0,278.0,1294.0,66.0
48201555304,9377.0,140601.0,9377.0,1169.0,3141.0,144.0
48201555504,8095.0,127838.0,8095.0,400.0,2822.0,27.0
48201220900,1790.0,23083.0,1790.0,688.0,672.0,174.0
48201221000,3508.0,34574.0,3508.0,1322.0,1024.0,334.0
48201221100,3233.0,73110.0,3233.0,362.0,988.0,386.0
48201221200,5407.0,47390.0,5394.0,1053.0,1511.0,384.0
48201230900,4524.0,28250.0,4524.0,1624.0,1714.0,756.0
48201231000,6115.0,52500.0,5902.0,1798.0,1634.0,855.0
48201233001,4148.0,44594.0,4137.0,788.0,1275.0,414.0
48201251600,7420.0,96293.0,7420.0,785.0,2316.0,417.0
48201252400,6395.0,52736.0,6395.0,1049.0,2109.0,397.0
48201254200,2570.0,52940.0,2552.0,656.0,853.0,219.0
48201310102,2400.0,91102.0,2400.0,585.0,1412.0,189.0
48201312200,1609.0,,1609.0,654.0,720.0,233.0
48201312400,2048.0,,2048.0,1144.0,1030.0,430.0
48201312502,2089.0,101406.0,2052.0,527.0,1039.0,0.0
48201312602,2519.0,131864.0,2506.0,282.0,1314.0,15.0
48201313102,1789.0,85956.0,1715.0,354.0,991.0,57.0
48201323400,6940.0,48812.0,6940.0,1888.0,2158.0,550.0
48201323500,5525.0,44899.0,5513.0,2398.0,1721.0,505.0
48201323900,3268.0,32659.0,3232.0,919.0,1231.0,361.0
48201324000,6065.0,90750.0,6029.0,526.0,2124.0,493.0
48201330200,6130.0,57287.0,6079.0,1801.0,1562.0,328.0
48201330400,5047.0,45611.0,5047.0,1395.0,1574.0,363.0
48201330500,5466.0,71875.0,5466.0,1089.0,1771.0,307.0
48201332300,2910.0,44451.0,2910.0,437.0,987.0,258.0
48201340101,1610.0,59022.0,1610.0,132.0,800.0,119.0
48201340102,5498.0,88884.0,5466.0,902.0,1817.0,190.0
48201340502,2216.0,54180.0,2216.0,599.0,1025.0,254.0
48201410703,2286.0,93250.0,2275.0,231.0,1379.0,0.0
48201421700,4521.0,80609.0,4521.0,892.0,1765.0,154.0
48201451302,3254.0,139884.0,3254.0,28.0,1110.0,9.0
48201451903,3846.0,32231.0,3846.0,1524.0,1747.0,478.0
48201452001,6370.0,72528.0,6266.0,1018.0,2079.0,444.0
48201452101,7306.0,74299.0,7174.0,1094.0,3665.0,262.0
48201452601,5351.0,35932.0,5351.0,1897.0,1981.0,555.0
48201452602,2929.0,71591.0,2929.0,425.0,924.0,258.0
48201452900,4267.0,60455.0,4254.0,882.0,1304.0,181.0
48201453100,3712.0,39162.0,3664.0,1505.0,1379.0,323.0
48201530501,1636.0,39425.0,1592.0,449.0,727.0,157.0
48201530502,2491.0,62922.0,2487.0,489.0,1114.0,463.0
48201553404,3489.0,147868.0,3489.0,232.0,1090.0,37.0
48201222601,2269.0,31607.0,2269.0,1296.0,618.0,112.0
48201222602,2320.0,31483.0,2320.0,1141.0,1053.0,371.0
48201250408,17485.0,130054.0,17485.0,2207.0,6393.0,152.0
48201253102,8338.0,101836.0,8338.0,563.0,2444.0,167.0
48201253601,4254.0,98152.0,4254.0,80.0,1887.0,141.0
48201314005,2679.0,38990.0,2632.0,765.0,1857.0,59.0
48201314401,1510.0,47969.0,1510.0,509.0,956.0,12.0
48201341101,1956.0,72564.0,1754.0,357.0,695.0,186.0
48201350202,4545.0,84153.0,4545.0,551.0,1481.0,213.0
48201350603,4398.0,103673.0,4398.0,91.0,1353.0,150.0
48201410501,1825.0,136043.0,1825.0,127.0,1007.0,11.0
48201410802,1441.0,121094.0,1441.0,84.0,800.0,0.0
48201411001,2673.0,124773.0,2673.0,154.0,1760.0,44.0
48201411002,2176.0,101875.0,2176.0,209.0,1307.0,22.0
48201411003,1671.0,107802.0,1671.0,222.0,899.0,0.0
48201411503,3555.0,115417.0,3555.0,271.0,1993.0,11.0
48201411801,3825.0,121557.0,3783.0,155.0,1806.0,16.0
48201421104,4854.0,37316.0,4854.0,1391.0,1623.0,520.0
48201431203,1958.0,42768.0,1958.0,570.0,1032.0,274.0
48201431205,3514.0,43843.0,3514.0,801.0,1879.0,373.0
48201431206,1895.0,71875.0,1742.0,272.0,1004.0,39.0
48201431304,3114.0,67188.0,3114.0,250.0,1615.0,96.0
48201431403,1772.0,97500.0,1772.0,282.0,968.0,18.0
48201431404,2044.0,71191.0,2044.0,156.0,1405.0,0.0
48201431503,2295.0,110563.0,2295.0,80.0,1174.0,7.0
48201431504,2503.0,121875.0,2503.0,279.0,1082.0,43.0
48201432004,2018.0,128611.0,2018.0,24.0,878.0,12.0
48201432703,2048.0,75223.0,2048.0,471.0,1064.0,6.0
48201432704,1742.0,42232.0,1742.0,256.0,584.0,125.0
48201432903,2099.0,52750.0,2099.0,541.0,732.0,144.0
48201433006,2239.0,41006.0,2239.0,566.0,926.0,102.0
48201451406,2444.0,44375.0,2444.0,610.0,1586.0,109.0
48201522101,3413.0,61950.0,3413.0,812.0,1509.0,267.0
48201530701,1421.0,20516.0,1382.0,775.0,669.0,332.0
48201533803,7014.0,64209.0,7014.0,1442.0,1911.0,629.0
48201541008,3351.0,139393.0,3310.0,28.0,979.0,25.0
48201541500,5136.0,97824.0,5136.0,675.0,1677.0,59.0
48201551502,4924.0,66534.0,4924.0,708.0,1387.0,392.0
48201553405,6522.0,118704.0,6518.0,355.0,2160.0,150.0
48201980300,2918.0,,18.0,0.0,5.0,0.0
48201233701,4630.0,57532.0,4537.0,562.0,1375.0,330.0
48201233703,2699.0,46286.0,2699.0,596.0,852.0,134.0
48201240707,5251.0,86902.0,5248.0,442.0,1508.0,162.0
48201321101,3896.0,56454.0,3896.0,624.0,1595.0,347.0
48201350201,3813.0,104528.0,3813.0,381.0,1137.0,166.0
48201411700,3516.0,77193.0,3516.0,101.0,2252.0,38.0
48201411802,2196.0,113250.0,2196.0,213.0,1305.0,7.0
48201412000,3819.0,244483.0,3810.0,256.0,1810.0,9.0
48201421203,2358.0,38185.0,2358.0,1041.0,975.0,188.0
48201432302,2116.0,47712.0,2116.0,686.0,949.0,134.0
48201432502,1927.0,47250.0,1927.0,590.0,802.0,104.0
48201432600,2206.0,81731.0,2206.0,496.0,852.0,162.0
48201432803,2577.0,42096.0,2577.0,820.0,1149.0,269.0
48201432805,2473.0,40325.0,2473.0,874.0,784.0,248.0
48201432806,4291.0,38096.0,4169.0,1144.0,1775.0,395.0
48201432904,3861.0,60093.0,3861.0,1194.0,1564.0,163.0
48201433503,2368.0,46335.0,2368.0,756.0,695.0,283.0
48201433504,3358.0,35489.0,3358.0,1502.0,1116.0,335.0
48201433505,2175.0,34219.0,2175.0,670.0,751.0,226.0
48201433507,2911.0,27063.0,2911.0,1523.0,1188.0,464.0
48201433601,2878.0,36992.0,2878.0,1084.0,1057.0,384.0
48201450301,2690.0,64143.0,2690.0,548.0,1066.0,75.0
48201450302,5835.0,69751.0,5835.0,1671.0,2404.0,193.0
48201451605,3203.0,70714.0,3156.0,589.0,1480.0,190.0
48201451606,6423.0,128056.0,6423.0,433.0,2070.0,109.0
48201453001,3174.0,75855.0,3174.0,517.0,889.0,135.0
48201453002,5049.0,61594.0,5049.0,737.0,1361.0,236.0
48201453404,4557.0,41071.0,4557.0,2059.0,1342.0,408.0
48201453405,4064.0,42721.0,4064.0,1195.0,1519.0,353.0
48201453603,3445.0,37128.0,3445.0,674.0,1164.0,190.0
48201453604,3589.0,98790.0,3589.0,380.0,1065.0,68.0
48201453701,4635.0,62167.0,4495.0,1177.0,1276.0,316.0
48201453702,4492.0,51502.0,4492.0,516.0,1273.0,296.0
48201454802,4324.0,98053.0,4324.0,189.0,1746.0,93.0
48201454901,2428.0,138382.0,2428.0,268.0,832.0,62.0
48201455103,3810.0,112988.0,3810.0,144.0,1351.0,49.0
48201455104,3393.0,83131.0,3393.0,100.0,1167.0,80.0
48201533401,4205.0,48534.0,4205.0,1037.0,1415.0,235.0
48201550305,3275.0,75732.0,3236.0,238.0,1168.0,138.0
48201551102,6546.0,87565.0,6546.0,1649.0,1807.0,223.0
48201100001,5869.0,102588.0,4938.0,554.0,3379.0,27.0
48201211302,2075.0,32804.0,2020.0,709.0,1165.0,373.0
48201233200,6294.0,60774.0,6294.0,1248.0,1838.0,396.0
48201233400,2760.0,39280.0,2760.0,704.0,936.0,313.0
48201233501,3729.0,42727.0,3643.0,1016.0,1072.0,164.0
48201233502,2943.0,56761.0,2943.0,817.0,967.0,196.0
48201240505,1556.0,26810.0,1478.0,640.0,606.0,108.0
48201250407,10145.0,193974.0,10145.0,40.0,3272.0,8.0
48201251702,3949.0,79271.0,3949.0,530.0,1417.0,183.0
48201252306,10710.0,61250.0,10710.0,3534.0,2672.0,695.0
48201310101,2768.0,95786.0,2760.0,647.0,1437.0,224.0
48201311001,2746.0,61057.0,2746.0,792.0,1021.0,194.0
48201322900,3755.0,53795.0,3755.0,738.0,1051.0,285.0
48201323000,6571.0,41765.0,6548.0,1667.0,2132.0,729.0
48201323100,3503.0,39819.0,3459.0,1296.0,1058.0,481.0
48201323200,6023.0,71745.0,6023.0,1121.0,1895.0,444.0
48201323300,3278.0,19514.0,3167.0,1603.0,997.0,516.0
48201340501,3754.0,77065.0,3732.0,579.0,1780.0,88.0
48201340702,3871.0,87604.0,3871.0,488.0,1407.0,192.0
48201341002,3548.0,71106.0,3548.0,401.0,1597.0,182.0
48201341303,2936.0,60057.0,2923.0,379.0,1835.0,96.0
48201432005,3676.0,47468.0,3676.0,777.0,1545.0,180.0
48201433004,2346.0,42368.0,2210.0,879.0,762.0,237.0
48201433602,4053.0,42141.0,4053.0,1403.0,1662.0,498.0
48201440101,1842.0,25323.0,1812.0,754.0,818.0,157.0
48201451404,3643.0,61348.0,3643.0,500.0,2051.0,188.0
48201452002,3643.0,56033.0,3562.0,220.0,1915.0,92.0
48201454902,8609.0,96646.0,8609.0,443.0,2702.0,59.0
48201510301,3551.0,130503.0,3551.0,202.0,1707.0,0.0
48201532301,4612.0,58154.0,4612.0,1014.0,1930.0,544.0
48201541007,7383.0,127321.0,7367.0,146.0,2324.0,83.0
48201542107,3822.0,90175.0,3822.0,298.0,1033.0,167.0
48201542201,7542.0,87004.0,7542.0,1027.0,1845.0,349.0
48201543006,17618.0,145722.0,17324.0,1018.0,5800.0,695.0
48201554201,6498.0,83429.0,6348.0,512.0,2737.0,199.0
48201554202,3219.0,79896.0,3163.0,218.0,1242.0,76.0
48201554701,3382.0,87215.0,3382.0,429.0,1235.0,0.0
48201554904,3847.0,115211.0,3847.0,528.0,1266.0,127.0
48201554907,4476.0,88157.0,4476.0,525.0,1611.0,113.0
48201555305,12588.0,203088.0,12542.0,869.0,3986.0,82.0
48201210600,5415.0,83618.0,5415.0,363.0,2375.0,223.0
48201210700,2208.0,61161.0,2199.0,442.0,973.0,130.0
48201221602,5586.0,69063.0,5586.0,942.0,1654.0,229.0
48201221702,2959.0,38811.0,2959.0,973.0,882.0,253.0
48201222505,3304.0,75994.0,3280.0,373.0,887.0,148.0
48201232202,5736.0,157120.0,5736.0,79.0,1669.0,200.0
48201232303,5515.0,52446.0,5482.0,1525.0,1811.0,549.0
48201232305,11986.0,66988.0,11986.0,1827.0,3515.0,709.0
48201233002,3994.0,71736.0,3994.0,591.0,1221.0,275.0
48201251904,7486.0,109583.0,7486.0,487.0,2253.0,210.0
48201252202,6921.0,73500.0,6905.0,465.0,2000.0,281.0
48201252902,6326.0,82860.0,6326.0,577.0,1919.0,211.0
48201253101,6234.0,89524.0,6234.0,463.0,2086.0,62.0
48201253202,5206.0,53176.0,5206.0,866.0,2177.0,442.0
48201314004,2183.0,44831.0,2183.0,611.0,1202.0,32.0
48201321001,2805.0,36717.0,2805.0,1277.0,1055.0,318.0
48201321302,1929.0,62042.0,1929.0,481.0,537.0,145.0
48201323801,4084.0,85441.0,3985.0,477.0,1088.0,269.0
48201323802,5026.0,52167.0,4994.0,1643.0,1548.0,308.0
48201333205,1384.0,35451.0,1384.0,473.0,660.0,87.0
48201333802,6105.0,86897.0,6105.0,379.0,1966.0,411.0
48201342802,3666.0,131795.0,3666.0,577.0,1106.0,41.0
48201421501,3991.0,46273.0,3889.0,1349.0,1405.0,308.0
48201421601,3258.0,37008.0,3258.0,979.0,983.0,415.0
48201422405,1698.0,18494.0,1698.0,836.0,956.0,372.0
48201423002,3080.0,34059.0,3080.0,1117.0,1211.0,341.0
48201433506,1562.0,36833.0,1553.0,519.0,682.0,243.0
48201452703,4034.0,50966.0,3986.0,1237.0,1297.0,230.0
48201455000,3601.0,105625.0,3601.0,897.0,1129.0,84.0
48201511100,4485.0,162212.0,4424.0,443.0,2239.0,110.0
48201530400,3549.0,63106.0,3549.0,361.0,1055.0,190.0
48201540200,2433.0,57045.0,2433.0,274.0,896.0,105.0
48201541006,6258.0,104512.0,6246.0,857.0,1913.0,147.0
48201542002,2483.0,140093.0,2483.0,216.0,784.0,46.0
48201542106,8489.0,87451.0,8489.0,436.0,2827.0,416.0
48201542305,4761.0,87338.0,4761.0,263.0,1459.0,81.0
48201543005,12043.0,112123.0,12043.0,1571.0,3821.0,357.0
48201543010,5584.0,81671.0,5584.0,321.0,1455.0,44.0
48201543011,4140.0,100188.0,4106.0,311.0,1201.0,107.0
48201551800,3846.0,103387.0,3798.0,135.0,1446.0,100.0
48201211000,1674.0,26563.0,1645.0,448.0,710.0,242.0
48201211200,2330.0,30833.0,2329.0,766.0,1046.0,379.0
48201240506,5441.0,45556.0,5441.0,2095.0,1974.0,575.0
48201240802,8990.0,75776.0,8904.0,2670.0,2833.0,462.0
48201252500,4545.0,47298.0,4545.0,1306.0,1447.0,410.0
48201311200,4523.0,62096.0,4523.0,387.0,1655.0,368.0
48201313000,2401.0,56516.0,2401.0,495.0,1359.0,246.0
48201313400,3803.0,42500.0,3803.0,1094.0,1598.0,428.0
48201313500,1781.0,29922.0,1781.0,647.0,943.0,243.0
48201313600,4618.0,34013.0,4618.0,2062.0,1797.0,479.0
48201313700,2327.0,48240.0,2315.0,279.0,943.0,303.0
48201314301,2226.0,50779.0,2226.0,437.0,1409.0,322.0
48201314302,1650.0,41845.0,1650.0,263.0,1245.0,168.0
48201321800,4101.0,66856.0,4074.0,1091.0,1149.0,333.0
48201331502,6146.0,54097.0,6096.0,1261.0,2537.0,532.0
48201331604,2690.0,38938.0,2631.0,789.0,910.0,408.0
48201341700,3016.0,58967.0,3016.0,289.0,1319.0,259.0
48201412500,1706.0,162885.0,1706.0,85.0,690.0,5.0
48201413301,5185.0,70918.0,5145.0,171.0,2955.0,150.0
48201413302,3768.0,170750.0,3768.0,230.0,1734.0,81.0
48201420400,3714.0,94625.0,3705.0,128.0,1691.0,46.0
48201421402,3661.0,37684.0,3661.0,1421.0,1262.0,296.0
48201421403,4503.0,32813.0,4501.0,1609.0,1478.0,564.0
48201422303,3079.0,40471.0,3079.0,1384.0,1392.0,503.0
48201440102,4477.0,66344.0,4477.0,554.0,1953.0,250.0
48201450402,2227.0,120909.0,2227.0,148.0,1172.0,22.0
48201450804,2310.0,61250.0,2310.0,117.0,1124.0,241.0
48201451006,2465.0,103096.0,2465.0,81.0,1215.0,90.0
48201451301,4018.0,90086.0,4018.0,274.0,1878.0,244.0
48201451904,3601.0,56369.0,3601.0,314.0,1230.0,112.0
48201452300,2216.0,71384.0,2216.0,448.0,833.0,148.0
48201454100,3837.0,62188.0,3826.0,695.0,1127.0,236.0
48201531000,5027.0,182632.0,5027.0,243.0,2092.0,66.0
48201533904,4323.0,50430.0,4323.0,322.0,1525.0,418.0
48201540800,6864.0,66179.0,6864.0,791.0,2401.0,362.0
48201542105,10108.0,102706.0,10108.0,1665.0,3182.0,453.0
48201543100,4613.0,112981.0,4402.0,674.0,1437.0,84.0
48201543201,6682.0,80159.0,6673.0,966.0,2677.0,292.0
48201552200,7367.0,88155.0,7367.0,405.0,2973.0,206.0
48201554405,8825.0,146359.0,8825.0,724.0,2667.0,240.0
48201211101,2954.0,41784.0,2947.0,1016.0,933.0,371.0
48201211102,2401.0,29750.0,2401.0,1310.0,731.0,155.0
48201211301,2676.0,35208.0,2676.0,1300.0,928.0,400.0
48201211501,3129.0,38641.0,3129.0,1130.0,979.0,218.0
48201211502,2805.0,57063.0,2805.0,781.0,859.0,121.0
48201221501,4845.0,42054.0,4732.0,1300.0,1472.0,172.0
48201233104,2554.0,44635.0,2554.0,832.0,749.0,264.0
48201240102,1689.0,42664.0,1689.0,594.0,774.0,84.0
48201240504,2888.0,36176.0,2888.0,707.0,1276.0,196.0
48201250404,5041.0,123795.0,5041.0,152.0,1739.0,0.0
48201252003,10901.0,173138.0,10901.0,58.0,3473.0,23.0
48201252304,4171.0,68632.0,4171.0,361.0,1241.0,358.0
48201311002,3516.0,52092.0,3516.0,776.0,1106.0,227.0
48201312501,3348.0,132250.0,3344.0,390.0,1658.0,43.0
48201313902,2706.0,66013.0,2706.0,338.0,1573.0,88.0
48201323602,4299.0,76691.0,4299.0,112.0,1613.0,54.0
48201324101,5105.0,50940.0,5105.0,1246.0,1656.0,507.0
48201324102,0.0,,0.0,0.0,0.0,0.0
48201324200,728.0,50313.0,718.0,166.0,293.0,75.0
48201333904,6275.0,73715.0,6275.0,910.0,2105.0,196.0
48201340201,0.0,,0.0,0.0,0.0,0.0
48201340202,8505.0,170807.0,8505.0,367.0,2919.0,14.0
48201340701,3918.0,69716.0,3918.0,593.0,1448.0,114.0
48201341204,3504.0,71861.0,3504.0,431.0,1843.0,252.0
48201341304,1543.0,80500.0,1446.0,267.0,732.0,5.0
48201343601,0.0,,0.0,0.0,0.0,0.0
48201343602,2906.0,68409.0,2849.0,413.0,1162.0,88.0
48201431204,3195.0,78818.0,3195.0,106.0,1663.0,69.0
48201432200,3865.0,54854.0,3865.0,186.0,1849.0,115.0
48201454200,4270.0,66093.0,4245.0,333.0,1115.0,346.0
48201510701,2165.0,84615.0,2165.0,517.0,1313.0,55.0
48201510702,2059.0,244293.0,2059.0,102.0,913.0,31.0
48201530702,4321.0,34674.0,4321.0,1699.0,1428.0,535.0
48201533301,3154.0,39754.0,3144.0,1029.0,1123.0,546.0
48201541801,3980.0,71294.0,3980.0,777.0,1707.0,347.0
48201542108,5180.0,67125.0,5145.0,397.0,1278.0,142.0
48201550101,2430.0,26842.0,2396.0,1323.0,860.0,465.0
48201550700,5079.0,105333.0,5079.0,1129.0,1376.0,222.0
48201550800,3591.0,70326.0,3452.0,229.0,988.0,270.0
48201554600,4645.0,142781.0,4617.0,147.0,1471.0,26.0
48201211400,4291.0,77773.0,4291.0,856.0,1767.0,275.0
48201221900,4854.0,59154.0,4854.0,1607.0,1157.0,150.0
48201222000,2028.0,40598.0,2028.0,569.0,537.0,52.0
48201251401,2975.0,125521.0,2975.0,277.0,868.0,46.0
48201251800,1813.0,87167.0,1813.0,157.0,612.0,4.0
48201252800,6690.0,63109.0,6689.0,1524.0,2365.0,240.0
48201254700,2665.0,61250.0,2665.0,190.0,979.0,134.0
48201254800,2482.0,46875.0,2367.0,815.0,872.0,137.0
48201310600,4598.0,51837.0,4577.0,614.0,2204.0,292.0
48201322600,4985.0,66946.0,4985.0,778.0,1699.0,285.0
48201332900,4635.0,41194.0,4493.0,1377.0,1507.0,419.0
48201334002,2420.0,67938.0,2420.0,143.0,1120.0,58.0
48201341400,5678.0,147572.0,5639.0,207.0,2179.0,14.0
48201343700,3859.0,65521.0,3859.0,659.0,1447.0,235.0
48201350700,2360.0,92917.0,2360.0,107.0,870.0,54.0
48201411100,3667.0,177796.0,3667.0,171.0,1569.0,30.0
48201411200,1700.0,176042.0,1700.0,102.0,819.0,30.0
48201411400,2898.0,250001.0,2859.0,72.0,1214.0,0.0
48201411600,2806.0,127426.0,2806.0,126.0,1469.0,0.0
48201413000,3111.0,111219.0,3111.0,164.0,1410.0,19.0
48201420800,2829.0,226250.0,2794.0,165.0,920.0,7.0
48201421000,2913.0,210815.0,2913.0,77.0,1045.0,31.0
48201452801,5413.0,54087.0,5413.0,1044.0,1825.0,364.0
48201452802,6301.0,58906.0,6301.0,1439.0,1757.0,532.0
48201453901,6103.0,85130.0,6044.0,1112.0,1699.0,285.0
48201520400,3837.0,34623.0,3837.0,1837.0,1395.0,297.0
48201540700,5372.0,67156.0,5372.0,1687.0,1985.0,142.0
48201542302,7713.0,83406.0,7713.0,729.0,2485.0,303.0
48201550602,2665.0,69375.0,2665.0,393.0,726.0,172.0
48201552301,4900.0,77016.0,4845.0,577.0,1654.0,266.0
48201552701,3266.0,65875.0,3164.0,403.0,1594.0,146.0
48201552802,4051.0,103073.0,4042.0,469.0,1670.0,59.0
48201553700,4398.0,72511.0,4274.0,546.0,1611.0,178.0
48201554301,7922.0,124347.0,7772.0,98.0,2814.0,51.0
48201554302,4855.0,143099.0,4798.0,191.0,1487.0,0.0
48201554502,6006.0,151694.0,6006.0,259.0,2190.0,19.0
48201555303,16375.0,140579.0,16375.0,1532.0,5382.0,31.0
48201555501,5958.0,103764.0,5948.0,300.0,2060.0,237.0
48201555701,12322.0,125665.0,12322.0,405.0,3815.0,86.0
48201556000,15854.0,114077.0,15720.0,1145.0,5280.0,475.0
48201221800,4032.0,58540.0,3998.0,859.0,1253.0,209.0
48201232600,2568.0,70764.0,2568.0,257.0,947.0,86.0
48201232801,2807.0,69635.0,2807.0,287.0,1035.0,82.0
48201240400,7620.0,62357.0,7473.0,1614.0,2752.0,576.0
48201253502,3665.0,69403.0,3665.0,683.0,1250.0,370.0
48201310900,4145.0,45763.0,4110.0,618.0,1844.0,146.0
48201322701,2882.0,71145.0,2882.0,188.0,914.0,312.0
48201330101,5251.0,79040.0,5251.0,895.0,1662.0,153.0
48201334102,6742.0,65064.0,6673.0,1465.0,2410.0,271.0
48201340400,1070.0,147115.0,1070.0,76.0,460.0,7.0
48201412202,3496.0,167986.0,3365.0,225.0,1365.0,0.0
48201413203,1874.0,63640.0,1874.0,304.0,1203.0,8.0
48201413205,1503.0,63837.0,1503.0,213.0,884.0,31.0
48201413206,2653.0,73281.0,2653.0,251.0,1430.0,26.0
48201421205,2377.0,33816.0,2377.0,901.0,852.0,287.0
48201422404,2676.0,40478.0,2676.0,598.0,905.0,272.0
48201422406,2757.0,44519.0,2721.0,679.0,1101.0,244.0
48201422502,3043.0,45382.0,3016.0,299.0,1437.0,229.0
48201422601,3272.0,46015.0,3118.0,768.0,1299.0,225.0
48201422602,2359.0,73162.0,2359.0,248.0,983.0,44.0
48201423001,3299.0,36117.0,3299.0,1084.0,1072.0,417.0
48201423201,2631.0,80141.0,2628.0,371.0,911.0,190.0
48201431600,3582.0,118409.0,3519.0,323.0,1846.0,0.0
48201532200,3566.0,36058.0,3566.0,1827.0,1328.0,235.0
48201533302,3938.0,47569.0,3647.0,710.0,1151.0,347.0
48201534002,5216.0,55481.0,5216.0,1057.0,1481.0,263.0
48201534003,2307.0,69661.0,2289.0,479.0,688.0,73.0
48201534203,2334.0,60461.0,2201.0,359.0,654.0,154.0
48201540503,5037.0,60318.0,5037.0,518.0,1714.0,440.0
48201541204,5826.0,86160.0,5811.0,137.0,1797.0,62.0
48201541401,4542.0,81122.0,4542.0,354.0,1376.0,135.0
48201541403,3278.0,52255.0,3278.0,627.0,1192.0,163.0
48201541404,3421.0,79421.0,3421.0,246.0,1115.0,97.0
48201541702,2644.0,64765.0,2644.0,112.0,1193.0,183.0
48201542003,3809.0,92004.0,3809.0,418.0,1111.0,19.0
48201542202,11845.0,76866.0,11801.0,2146.0,3371.0,498.0
48201542304,5523.0,84679.0,5498.0,352.0,1604.0,213.0
48201554409,7224.0,151082.0,7224.0,0.0,2471.0,0.0
48201555200,12804.0,101702.0,12732.0,1624.0,4026.0,420.0
48201555403,4474.0,82604.0,4398.0,318.0,1652.0,333.0
48201222701,2706.0,19739.0,2706.0,1389.0,938.0,664.0
48201222702,3218.0,22941.0,3218.0,1337.0,1476.0,685.0
48201232201,6726.0,46602.0,6457.0,2625.0,1833.0,502.0
48201232500,4397.0,44481.0,3860.0,1659.0,992.0,168.0
48201240503,2731.0,37138.0,2674.0,941.0,1195.0,360.0
48201240803,2325.0,49066.0,2303.0,616.0,968.0,93.0
48201241503,2644.0,51519.0,2618.0,458.0,736.0,132.0
48201250403,4543.0,82480.0,4543.0,376.0,1689.0,159.0
48201250801,3576.0,132574.0,3543.0,141.0,1357.0,69.0
48201250802,4597.0,140201.0,4597.0,585.0,1557.0,10.0
48201250902,5784.0,190950.0,5784.0,18.0,2007.0,23.0
48201251100,7435.0,107067.0,7416.0,264.0,2498.0,45.0
48201251200,6260.0,72500.0,6260.0,419.0,2392.0,275.0
48201251300,7242.0,131636.0,7242.0,207.0,2505.0,82.0
48201251701,4631.0,86486.0,4631.0,802.0,1426.0,170.0
48201252002,6630.0,135174.0,6618.0,62.0,1820.0,22.0
48201252601,3589.0,41075.0,3589.0,1371.0,1276.0,352.0
48201252602,3860.0,47609.0,3860.0,509.0,1116.0,316.0
48201252901,2268.0,49063.0,2248.0,454.0,907.0,39.0
48201321200,5008.0,33750.0,5008.0,1799.0,1412.0,599.0
48201321500,2700.0,40938.0,2700.0,1017.0,945.0,300.0
48201321600,6937.0,77050.0,6934.0,1081.0,1890.0,286.0
48201333801,4084.0,52550.0,4084.0,1273.0,1278.0,337.0
48201410101,2246.0,92813.0,2205.0,378.0,1103.0,142.0
48201410102,3956.0,73029.0,3956.0,836.0,2577.0,211.0
48201410201,1734.0,80037.0,1734.0,167.0,1285.0,20.0
48201410602,2647.0,93715.0,2647.0,196.0,1780.0,10.0
48201451003,3829.0,43787.0,3829.0,947.0,1669.0,213.0
48201454400,1013.0,60242.0,1013.0,93.0,654.0,175.0
48201510201,2450.0,118015.0,2450.0,249.0,1419.0,0.0
48201510202,6566.0,112284.0,6566.0,707.0,3815.0,105.0
48201533402,6434.0,53581.0,6278.0,1178.0,2044.0,321.0
48201533804,6437.0,91601.0,6437.0,892.0,1423.0,210.0
48201533903,4135.0,73625.0,4135.0,330.0,1167.0,175.0
48201541701,6879.0,94661.0,6851.0,1582.0,1709.0,537.0
48201541902,4756.0,102899.0,4756.0,624.0,1507.0,45.0
48201550102,2295.0,45634.0,2295.0,825.0,1046.0,407.0
48201553601,5173.0,115833.0,5127.0,363.0,1712.0,10.0
48201555001,2483.0,134444.0,2483.0,233.0,646.0,10.0
48201980700,2067.0,90972.0,2067.0,310.0,1303.0,31.0
48201233300,4436.0,61282.0,4436.0,961.0,1326.0,246.0
48201310800,3124.0,53281.0,3124.0,465.0,1242.0,123.0
48201320902,3685.0,85656.0,3685.0,245.0,1160.0,150.0
48201323601,4141.0,49542.0,4141.0,577.0,1700.0,409.0
48201331501,4551.0,75553.0,4551.0,653.0,1462.0,233.0
48201341600,6841.0,120704.0,6812.0,414.0,2781.0,45.0
48201342801,5306.0,126488.0,5306.0,124.0,1972.0,33.0
48201412901,1916.0,85773.0,1910.0,332.0,1031.0,111.0
48201412902,3184.0,95781.0,2995.0,475.0,1125.0,21.0
48201422304,4382.0,48780.0,4382.0,1394.0,1040.0,335.0
48201431001,2613.0,98911.0,2596.0,162.0,1119.0,40.0
48201431002,3020.0,106250.0,3020.0,32.0,1217.0,31.0
48201432301,3510.0,43515.0,3510.0,836.0,1808.0,292.0
48201432303,2778.0,58369.0,2778.0,869.0,1332.0,372.0
48201432401,3781.0,42297.0,3733.0,1046.0,1642.0,189.0
48201432402,2960.0,39861.0,2940.0,919.0,1449.0,461.0
48201450401,2020.0,63102.0,2020.0,518.0,1073.0,74.0
48201450803,4179.0,71755.0,4179.0,947.0,1614.0,223.0
48201451004,1700.0,51826.0,1700.0,435.0,857.0,85.0
48201451005,1967.0,33341.0,1967.0,734.0,1073.0,260.0
48201451405,2813.0,52619.0,2813.0,381.0,1332.0,83.0
48201451407,1785.0,29990.0,1785.0,504.0,968.0,160.0
48201452103,2559.0,84556.0,2513.0,481.0,757.0,414.0
48201452203,2195.0,50395.0,2099.0,571.0,1122.0,283.0
48201452204,2414.0,51145.0,2414.0,262.0,1319.0,96.0
48201452401,3187.0,45917.0,3145.0,649.0,1284.0,182.0
48201452502,4498.0,43866.0,4498.0,1197.0,1574.0,307.0
48201452702,4187.0,49904.0,4187.0,481.0,1506.0,515.0
48201454304,5934.0,65549.0,5934.0,758.0,2058.0,272.0
48201454305,3546.0,46644.0,3546.0,953.0,1509.0,255.0
48201543202,3905.0,73839.0,3905.0,521.0,1770.0,76.0
48201553300,3916.0,43695.0,3755.0,1331.0,1946.0,472.0
48201553500,7369.0,103684.0,7319.0,471.0,2485.0,37.0
48201554406,5054.0,124500.0,5054.0,272.0,1644.0,5.0
48201554408,9287.0,111601.0,9287.0,392.0,3041.0,116.0
