geoid,zero_vehicle_rate,renter_occupied_rate
48201211501,0.19816138917262513,0.5822267620020429
48201230900,0.2234539089848308,0.44049008168028003
48201231100,0.20270270270270271,0.37339971550497864
48201232500,0.16129032258064516,0.38911290322580644
48201251402,0.01018483591097699,0.4017351942663146
48201313400,0.18523153942428036,0.7415519399249061
48201313600,0.19087367835281024,0.5876460767946577
48201321200,0.07436260623229461,0.7549575070821529
48201330600,0.05293393516618793,0.3311448502256873
48201330801,0.042611415168100075,0.3655199374511337
48201331100,0.161543098251959,0.3821579264617239
48201331200,0.232171581769437,0.7302949061662198
48201331300,0.107386066003143,0.4311157674174961
48201331400,0.45380710659898477,0.9756345177664975
48201331700,0.21,0.4584615384615385
48201331800,0.14035087719298245,0.391812865497076
48201331900,0.09297374024130589,0.49893541518807666
48201332000,0.2332601536772777,0.5345773874862788
48201332100,0.0022148394241417496,0.4673311184939092
48201332200,0.044569993722536096,0.32642812303829255
48201332400,0.05292702485966319,0.2301523656776263
48201332600,0.11071428571428571,0.45982142857142855
48201432401,0.0341047503045067,0.6120584652862363
48201433003,0.3158150851581509,0.9508515815085158
48201452801,0.08,0.41315068493150686
48201452802,0.099601593625498,0.6414342629482072
48201453100,0.2095721537345903,0.7875271936185642
48201453201,0.2084967320261438,0.9738562091503268
48201453202,0.07142857142857142,0.7376623376623377
48201453300,0.08774038461538461,0.9825721153846154
48201453403,0.08761122518822724,0.728952772073922
48201453404,0.10730253353204174,0.5275707898658718
48201453501,0.09303458353628836,0.4968339016074038
48201453603,0.18384879725085912,0.697594501718213
48201453702,0.003142183817753339,0.572663000785546
48201211700,0.042263610315186245,0.3531518624641834
48201211900,0.07658505963590709,0.26616446955430006
48201212400,0.09417040358744394,0.3968609865470852
48201212500,0.14883401920438957,0.3004115226337449
48201231000,0.0397796817625459,0.2766217870257038
48201232701,0.07905803195962995,0.69932716568545
48201241501,0.14403778040141677,0.7532467532467533
48201313802,0.07525870178739416,0.5371589840075258
48201314003,0.1128808864265928,0.9937673130193906
48201314005,0.21324717285945072,0.8228325255788906
48201321301,0.15055350553505534,0.9638376383763838
48201330400,0.12515883100381195,0.4663278271918678
48201331603,0.028936742934051143,0.297442799461642
48201332300,0.12563323201621074,0.3110435663627153
48201332800,0.0930576070901034,0.7171344165435746
48201340900,0.03560573165436387,0.8410768562744246
48201421104,0.21010474430067777,1.0
48201421302,0.19117647058823528,0.707579185520362
48201432301,0.13440265486725664,0.9551991150442478
48201432303,0.0518018018018018,0.9834834834834835
48201432402,0.10973084886128365,0.9972394755003451
48201432501,0.031130876747141042,0.5972045743329097
48201432901,0.1366303436714166,0.7979882648784576
48201433004,0.37926509186351703,1.0
48201433100,0.2718181818181818,0.9018181818181819
48201433201,0.06269020085209982,0.5556908094948265
48201450302,0.0,0.7262895174708819
48201453002,0.08743570903747244,0.25936811168258633
48201453405,0.030283080974325215,0.7518104015799868
48201522301,0.2527950310559006,0.6434782608695652
48201531900,0.16122747199220652,0.4339990258158792
48201532600,0.02849264705882353,0.3556985294117647
48201533100,0.12531752751905165,0.47883149872988995
48201533402,0.13307240704500978,0.29403131115459885
48201533701,0.053784860557768925,0.6767928286852589
48201211502,0.08381839348079162,0.3213038416763679
48201230200,0.1288117770767613,0.5636172450052577
48201250602,0.07423580786026202,0.6568933250155957
48201311002,0.1654611211573237,0.445750452079566
48201311100,0.11602209944751381,0.5756906077348066
48201311800,0.14049586776859505,0.5740045078888054
48201312800,0.37176470588235294,0.9141176470588235
48201313300,0.3645240032546786,0.4524003254678601
48201313500,0.1537645811240721,0.5355249204665959
48201313700,0.21208907741251326,0.3860021208907741
48201314001,0.14528301886792452,0.6069182389937107
48201314004,0.32945091514143093,1.0
48201320201,0.14838709677419354,0.6490322580645161
48201330902,0.021636876763875823,0.4374412041392286
48201331604,0.2923076923076923,0.4956043956043956
48201332700,0.17785630153121318,0.41460541813898705
48201332900,0.07365627073656271,0.5467816854678168
48201333700,0.010655737704918032,0.2081967213114754
48201333801,0.0,0.6455399061032864
48201334102,0.043153526970954356,0.3775933609958506
48201420500,0.09900990099009901,0.9390708301599391
48201432302,0.09483667017913593,1.0
48201432806,0.3583098591549296,0.9571830985915493
48201432904,0.0748081841432225,0.7289002557544757
48201433005,0.30778739184178,1.0
48201433006,0.32181425485961124,1.0
48201433507,0.3400673400673401,0.9739057239057239
48201433602,0.09386281588447654,0.9939831528279182
48201451003,0.09406830437387657,0.8412222887956861
48201452203,0.22549019607843138,0.838680926916221
48201452900,0.03680981595092025,0.4815950920245399
48201453502,0.016144349477682812,0.42450142450142453
48201453800,0.19051959890610756,0.325432999088423
48201521701,0.04719600222098834,0.9789006107717935
48201532004,0.2534246575342466,0.8671232876712329
48201211600,0.2073170731707317,0.42401500938086306
48201221000,0.099609375,0.61328125
48201230700,0.13494191242180517,0.6648793565683646
48201233600,0.18758620689655173,0.33379310344827584
48201310900,0.12255965292841649,0.5976138828633406
48201311600,0.12774725274725274,0.9972527472527473
48201313801,0.35,0.6777777777777778
48201314301,0.38537970191625265,0.9496096522356281
48201314401,0.151673640167364,0.8880753138075314
48201331602,0.028618152085036794,0.5502861815208504
48201421101,0.14342105263157895,0.8967105263157895
48201431901,0.04429967426710098,0.7407166123778501
48201432200,0.08923742563547864,0.5878853434288804
48201432705,0.31820931639443434,0.9685420447670902
48201432803,0.10008703220191471,0.8337684943429069
48201432903,0.19808743169398907,0.8237704918032787
48201433007,0.21468926553672316,0.9736346516007532
48201433202,0.05779889152810768,0.5281076801266825
48201433400,0.24131944444444445,0.7106481481481481
48201433601,0.15137180700094607,0.8751182592242195
48201450301,0.03377110694183865,0.6425891181988743
48201451005,0.3196644920782852,1.0
48201451502,0.10225763612217796,0.7397078353253652
48201452204,0.13040181956027294,0.9211523881728583
48201452401,0.0,0.45482866043613707
48201452502,0.11118170266836086,0.49555273189326554
48201454305,0.011928429423459244,0.7581179589131876
48201520502,0.049939098660170524,0.8081607795371498
48201521401,0.061224489795918366,1.0
48201521402,0.06237424547283702,0.6126760563380281
48201522202,0.07315112540192927,0.6141479099678456
48201522302,0.017496635262449527,0.8506056527590848
48201532502,0.01854974704890388,0.25744800449690836
48201533200,0.23905723905723905,0.5804713804713805
48201540200,0.041294642857142856,0.4497767857142857
48201211301,0.28125,0.5883620689655172
48201222000,0.01675977653631285,0.3649906890130354
48201222702,0.07859078590785908,0.9214092140921409
48201230800,0.07151370679380215,0.3218116805721097
48201231300,0.1435670900055218,0.4732192159028161
48201310500,0.11748633879781421,0.4262295081967213
48201311001,0.14005876591576885,0.4005876591576885
48201313902,0.024793388429752067,0.8016528925619835
48201321800,0.034812880765883375,0.26370757180156656
48201330301,0.03728967712596635,0.1250568440200091
48201330302,0.10025380710659898,0.15291878172588833
48201331502,0.12731572723689397,0.35672053606621995
48201333302,0.0967741935483871,0.46725317693059626
48201421204,0.19259818731117825,1.0
48201421301,0.33275862068965517,0.9793103448275862
48201421401,0.2812971342383107,1.0
48201421402,0.14580031695721077,0.9786053882725833
48201421403,0.2334235453315291,0.8281461434370772
48201421501,0.21494661921708186,0.8918149466192171
48201422406,0.14168937329700274,0.695731153496821
48201422501,0.08665269042627533,0.8155136268343816
48201423402,0.00837404047452896,0.2903000697836706
48201431102,0.25922421948912017,0.8349101229895932
48201433503,0.08633093525179857,1.0
48201433504,0.24283154121863798,0.9363799283154122
48201440101,0.22860635696821516,0.9718826405867971
48201450401,0.04007455731593663,0.8508853681267474
48201450803,0.11028500619578686,0.5297397769516728
48201450804,0.010676156583629894,0.9857651245551602
48201452202,0.1444509688784498,0.9412800939518496
48201453601,0.061052631578947365,0.4694736842105263
48201454600,0.041837198726693954,0.758981355161437
48201521000,0.18045112781954886,0.6754385964912281
48201521100,0.048582995951417005,0.8016194331983806
48201521300,0.10071942446043165,0.3281374900079936
48201211302,0.26437768240343346,0.7030042918454935
48201221200,0.017207147584381206,0.26538716082064856
48201230500,0.05352986811481769,0.27773467804499613
48201230600,0.06,0.33263157894736844
48201231400,0.08214016578749057,0.1733232856066315
48201241503,0.1358695652173913,0.5421195652173914
48201310800,0.17552334943639292,0.6690821256038647
48201311502,0.09248554913294797,0.5048169556840078
48201311701,0.08432708688245315,0.5996592844974447
48201313000,0.1199411331861663,0.6467991169977925
48201313201,0.4002433090024331,0.5924574209245742
48201314302,0.3614457831325301,0.9253012048192771
48201320700,0.16835699797160245,0.7281947261663286
48201320901,0.10762331838565023,0.5192825112107623
48201321002,0.13489409141583056,0.3171683389074693
48201330200,0.04801536491677337,0.46286811779769527
48201340101,0.05125,0.93875
48201341303,0.04087193460490463,0.47520435967302455
48201350803,0.04574243490499648,0.5791695988740324
48201413301,0.23857868020304568,0.8189509306260575
48201420100,0.18081857055589493,0.7721441661576054
48201421203,0.1671794871794872,1.0
48201421205,0.34624413145539906,1.0
48201421502,0.21636876763875823,0.9209783631232361
48201422304,0.12692307692307692,0.635576923076923
48201422502,0.025052192066805846,0.7139874739039666
48201422701,0.02749551703526599,0.4997011356843993
48201423304,0.14650145772594753,0.46574344023323616
48201431205,0.1660457690260777,1.0
48201432502,0.16084788029925187,0.6708229426433915
48201432805,0.3010204081632653,0.9783163265306123
48201433505,0.18242343541944075,0.9374167776298269
48201451100,0.15708812260536398,0.4367816091954023
48201452402,0.07828894269572235,0.43341404358353514
48201520400,0.192831541218638,0.8136200716845878
48201210500,0.15010351966873706,0.4979296066252588
48201211200,0.25621414913957935,0.6319311663479924
48201220702,0.06073211314475874,0.4509151414309484
48201220800,0.17922948073701842,0.7864321608040201
48201221501,0.11548913043478261,0.4633152173913043
48201251000,0.017341040462427744,0.5953757225433526
48201311702,0.11600587371512482,0.9618208516886931
48201312901,0.49531459170013387,0.7991967871485943
48201320100,0.12,0.7170731707317073
48201320202,0.044543429844097995,0.6191536748329621
48201321101,0.09968652037617555,0.618808777429467
48201333501,0.13659359190556492,0.730185497470489
48201413203,0.23607647547797173,0.9875311720698254
48201413205,0.07918552036199095,0.6923076923076923
48201421206,0.2894393741851369,1.0
48201421801,0.10731244064577398,1.0
48201422200,0.3214967544864452,0.9599083619702177
48201422404,0.2143646408839779,0.8176795580110497
48201422800,0.16893203883495145,0.7644012944983819
48201422900,0.24190064794816415,0.6990640748740101
48201423100,0.16156282998944033,1.0
48201423301,0.13842482100238662,0.6009546539379474
48201451004,0.030338389731621937,0.8938156359393232
48201451404,0.1189663578742077,0.946855192588981
48201452102,0.045951859956236324,1.0
48201452501,0.07926829268292683,0.9634146341463414
48201522101,0.05632869449966865,0.6785950960901259
48201530702,0.1134453781512605,0.4362745098039216
48201531800,0.11683848797250859,0.3582474226804124
48201532200,0.12198795180722892,0.7582831325301205
48201533000,0.1931372549019608,0.7480392156862745
48201533301,0.18165627782724844,0.5369545859305432
48201534002,0.0054017555705604325,0.35178933153274816
48201541702,0.10477787091366303,0.9136630343671417
48201543202,0.0672316384180791,0.5853107344632769
48201211102,0.1121751025991792,0.5253077975376197
48201212300,0.19583333333333333,0.584375
48201220400,0.15077319587628865,0.41559278350515466
48201221400,0.21998913633894623,0.6072786529060293
48201222300,0.04344729344729345,0.25
48201230100,0.14985590778097982,0.6974063400576369
48201231500,0.09081081081081081,0.4097297297297297
48201231600,0.07552320291173795,0.2684258416742493
48201232703,0.08470588235294117,0.9564705882352941
48201233200,0.03427638737758433,0.1822633297062024
48201310400,0.09334248455730954,0.5888812628689087
48201310700,0.042976266837716486,0.31237973059653623
48201320500,0.0,0.14488188976377953
48201320602,0.13127930341594105,0.580040187541862
48201321302,0.024208566108007448,0.3202979515828678
48201324200,0.07167235494880546,0.23890784982935154
48201330303,0.006657156443176415,0.6238706609605326
48201333203,0.2765509989484753,0.6351209253417456
48201333204,0.1376037959667853,1.0
48201340502,0.03609756097560975,0.8146341463414634
48201422405,0.3274058577405858,1.0
48201423001,0.1875,0.9468283582089553
48201423002,0.24112303881090008,0.8711808422791082
48201432101,0.17962835512732278,0.856159669649002
48201433506,0.19208211143695014,1.0
48201450600,0.07612456747404844,0.6013071895424836
48201451401,0.07705779334500876,0.5878575598365441
48201451406,0.06998738965952081,0.8253467843631778
48201451903,0.2633085289066972,0.9811104751001717
48201452002,0.1597911227154047,1.0
48201520601,0.18609625668449198,0.7572192513368984
48201522402,0.07288135593220339,0.48559322033898306
48201533302,0.12076455256298871,0.3735881841876629
48201542500,0.03512623490669594,0.5801317233809001
48201551502,0.058399423215573176,0.31074260994953135
48201210700,0.03597122302158273,0.40184994861253853
48201220100,0.0,0.34330985915492956
48201221701,0.09919177075679647,0.429096252755327
48201311400,0.1127659574468085,0.5957446808510638
48201311501,0.09938524590163934,0.36885245901639346
48201321001,0.10426540284360189,0.6037914691943128
48201333201,0.0678154530294608,0.5886603668704836
48201333600,0.022885572139303482,0.1771144278606965
48201333905,0.014164305949008499,0.0906515580736544
48201334003,0.08231569425599276,0.5205789235639982
48201413204,0.27349228611500703,0.9453015427769986
48201413206,0.04825174825174825,0.7377622377622378
48201420200,0.17341040462427745,0.605009633911368
48201421103,0.16417910447761194,0.9867330016583747
48201422303,0.21408045977011494,0.9504310344827587
48201422601,0.33102386451116245,0.565050038491147
48201423203,0.08383233532934131,0.6754491017964072
48201423303,0.384418901660281,0.9310344827586207
48201432005,0.11262135922330097,0.8970873786407767
48201432102,0.14947156517362858,0.8062405636638148
48201432704,0.24486301369863014,0.9623287671232876
48201432706,0.30547945205479454,0.7726027397260274
48201432804,0.12077294685990338,0.8007246376811594
48201452101,0.06412005457025921,0.7268758526603001
48201452300,0.057623049219687875,0.24969987995198079
48201452701,0.0277337559429477,0.08399366085578447
48201454400,0.0,1.0
48201520501,0.10711493354182955,0.40578577013291633
48201521202,0.060836501901140684,0.5240811153358682
48201522201,0.05641421947449768,0.4806800618238022
48201531500,0.02066115702479339,0.3421487603305785
48201532102,0.058634538152610445,0.7807228915662651
48201532302,0.019148936170212766,0.6652482269503546
48201533500,0.02903225806451613,0.15161290322580645
48201552603,0.08657757117954677,0.9447995351539803
48201210900,0.20059435364041606,0.6151560178306092
48201211101,0.2390139335476956,0.5980707395498392
48201220701,0.16481294236602628,0.673407482305359
48201220900,0.19047619047619047,0.5773809523809523
48201222504,0.0574468085106383,0.9957446808510638
48201230400,0.0711523588553751,0.5529775715390565
48201231800,0.0033112582781456954,0.36423841059602646
48201240101,0.16944444444444445,1.0
48201240102,0.3087855297157623,0.8449612403100775
48201251200,0.07692307692307693,0.2938963210702341
48201310300,0.30009496676163344,0.5679012345679012
48201311900,0.13111888111888112,0.4772727272727273
48201320601,0.118508655126498,0.5725699067909454
48201330500,0.042348955392433656,0.26990400903444384
48201333301,0.23255813953488372,0.8837209302325582
48201333903,0.07632999228989977,0.5150346954510409
48201333904,0.026128266033254157,0.5078384798099762
48201410102,0.1990686845168801,0.8913465269693442
48201421601,0.29196337741607326,0.9776195320447609
48201423204,0.2814549791293977,0.979129397734049
48201423401,0.1305587229190422,0.5376282782212086
48201432003,0.23921200750469043,1.0
48201451405,0.21771771771771772,0.8025525525525525
48201451700,0.06589958158995816,0.5543933054393305
48201452001,0.06204906204906205,0.7152477152477152
48201453001,0.02249718785151856,0.32395950506186727
48201520301,0.07568113017154389,0.6831483350151363
48201521201,0.04155124653739612,0.6149584487534626
48201521702,0.1530324400564175,0.9421720733427362
48201530101,0.13581037796284434,0.6623959000640615
48201530800,0.045112781954887216,0.40010741138560685
48201532101,0.15609756097560976,0.525609756097561
48201541802,0.06780538302277432,0.8747412008281573
48201550102,0.121414913957935,1.0
48201553300,0.10226104830421377,1.0
48201210800,0.16907216494845362,0.7041237113402062
48201220200,0.08870967741935484,0.4731182795698925
48201220300,0.09234411996842937,0.4664561957379637
48201221301,0.03660714285714286,0.11517857142857142
48201221302,0.0,0.39424141749723146
48201221502,0.17419354838709677,0.8978494623655914
48201222601,0.3106796116504854,1.0
48201222602,0.3124406457739791,1.0
48201230300,0.05423280423280423,0.46164021164021163
48201241502,0.09587378640776699,0.9223300970873787
48201310600,0.18148820326678766,0.5281306715063521
48201311300,0.0,0.2744939271255061
48201330102,0.10252808988764045,0.12640449438202248
48201331501,0.07934336525307797,0.19767441860465115
48201333000,0.04431599229287091,0.37475915221579964
48201333205,0.13484848484848486,0.9803030303030303
48201334001,0.12179487179487179,0.75
48201341001,0.15371102327624067,0.9446640316205533
48201341002,0.016906700062617408,0.43268628678772697
48201421602,0.27767527675276754,0.7619926199261993
48201431803,0.0932475884244373,0.9498392282958199
48201451407,0.14359504132231404,0.8822314049586777
48201451501,0.03139968068121341,0.9920170303352848
48201451605,0.0,0.9290540540540541
48201451904,0.0,0.36341463414634145
48201453401,0.02708124373119358,0.5015045135406219
48201455300,0.09926539838010925,0.8749293652288567
48201521800,0.013087447947650209,0.3503866745984533
48201530501,0.10041265474552957,0.7166437414030261
48201532003,0.03236040609137056,0.9663705583756346
48201532301,0.13367875647668392,0.933678756476684
48201540504,0.06244796003330558,0.7560366361365529
48201541703,0.06648351648351648,0.8813186813186813
48201550201,0.11295180722891567,1.0
48201552002,0.02455661664392906,0.7175989085948158
48201211000,0.2704225352112676,0.5253521126760563
48201211400,0.18505942275042445,0.48047538200339557
48201220500,0.32799487508007685,0.7335041639974376
48201221100,0.07995951417004049,0.37044534412955465
48201222501,0.04789053591790194,0.7958950969213227
48201232600,0.0,0.21119324181626187
48201240503,0.09121338912133892,1.0
48201240504,0.1731974921630094,0.8761755485893417
48201240505,0.0429042904290429,1.0
48201311200,0.16858006042296073,0.565558912386707
48201312300,0.3728813559322034,0.5533898305084746
48201321700,0.021421616358325218,0.10223953261927946
48201333100,0.21413427561837456,0.5222614840989399
48201334002,0.0,0.9035714285714286
48201340501,0.060112359550561795,0.4606741573033708
48201340701,0.022790055248618785,0.2948895027624309
48201411700,0.06261101243339254,0.9702486678507993
48201422702,0.044064748201438846,0.2185251798561151
48201431203,0.250968992248062,0.8517441860465116
48201431206,0.19820717131474103,0.9661354581673307
48201431304,0.10959752321981424,0.908359133126935
48201431404,0.0,0.48540925266903917
48201432006,0.3167259786476868,0.9065836298932385
48201432703,0.008458646616541353,0.6879699248120301
48201511003,0.06419529837251356,0.596745027124774
48201520603,0.2757697456492637,0.8380187416331994
48201521501,0.18181818181818182,0.6578947368421053
48201522401,0.09243353783231084,0.4732106339468303
48201530400,0.037914691943127965,0.3004739336492891
48201530502,0.20197486535008977,0.526032315978456
48201530600,0.07715582450832073,0.5552193645990923
48201530701,0.31390134529147984,0.8804185351270553
48201531300,0.0841039189784236,0.7366798767062968
48201532800,0.04153354632587859,0.26677316293929715
48201550101,0.08255813953488372,0.8255813953488372
48201210400,0.1688135593220339,0.5383050847457627
48201222505,0.04509582863585118,0.133032694475761
48201250901,0.041827187671986794,0.42817831590533845
48201312603,0.09230114844746916,0.6333475116971502
48201313901,0.0,0.9335580163697641
48201314402,0.07722616233254531,0.5902285263987391
48201330101,0.015643802647412757,0.4019253910950662
48201334101,0.04681535061281897,0.8175607795860961
48201340600,0.005060728744939271,0.05668016194331984
48201340800,0.0508641975308642,0.10962962962962963
48201341302,0.030753968253968252,0.8650793650793651
48201410401,0.03778932451582428,0.4156825696740671
48201410704,0.2368766404199475,0.5479002624671916
48201410706,0.20526315789473684,0.893859649122807
48201410801,0.18363402061855671,0.6913659793814433
48201411902,0.10864197530864197,0.7308641975308642
48201412201,0.16337059329320722,0.6165090283748925
48201420600,0.034972677595628415,0.23060109289617486
48201420700,0.04369918699186992,0.11280487804878049
48201422602,0.04679552390640895,0.3611393692777213
48201430101,0.06917808219178082,0.3780821917808219
48201431204,0.1232711966325917,0.6656644618159951
48201431303,0.09702209414024976,0.74447646493756
48201431801,0.06087777253421425,0.7479943369513922
48201433300,0.02834467120181406,0.336734693877551
48201450100,0.002824858757062147,0.11440677966101695
48201450200,0.015503875968992248,0.47058823529411764
48201450500,0.04472630173564753,0.35847797062750336
48201450801,0.04113614103819784,0.7904015670910872
48201520200,0.046546546546546545,0.2424924924924925
48201520302,0.04435483870967742,0.5675403225806451
48201520604,0.04463519313304721,0.4695278969957081
48201520700,0.004705882352941176,0.1888235294117647
48201521502,0.008982035928143712,0.14271457085828343
48201530102,0.04151624548736462,0.8727436823104693
48201220600,0.17278617710583152,0.47300215982721383
48201250701,0.021286031042128603,0.15964523281596452
48201251503,0.022144522144522144,0.2680652680652681
48201310200,0.1720510894064613,0.4297520661157025
48201312000,0.10548523206751055,0.34458509142053445
48201321102,0.035175879396984924,0.0812395309882747
48201333502,0.11764705882352941,0.6163101604278075
48201340301,0.0,0.02237136465324385
48201350104,0.028051948051948054,0.5397402597402597
48201411302,0.0,0.8223713646532439
48201411504,0.05150462962962963,0.7123842592592593
48201411505,0.11901983663943991,0.7491248541423571
48201411506,0.0886339937434828,0.8409801876955162
48201422000,0.007667031763417305,0.1949616648411829
48201431101,0.07318789584799437,0.7202674173117523
48201431505,0.15248618784530388,0.38453038674033146
48201431902,0.10569620253164556,0.9158227848101266
48201451603,0.08013698630136987,0.5684931506849316
48201510100,0.02636916835699797,0.4164976335361731
48201510400,0.05403899721448468,0.35097493036211697
48201510500,0.006051437216338881,0.5578668683812406
48201510803,0.0062266500622665,0.6475716064757161
48201511001,0.045220377790498,0.4842587292501431
48201511202,0.018380241240666284,0.1935669155657668
48201511501,0.0,0.608433734939759
48201521900,0.03668683812405446,0.3880484114977307
48201522002,0.008610086100861008,0.5006150061500615
48201530200,0.08328411104548139,0.38038984051978736
48201530300,0.040289256198347105,0.4194214876033058
48201531200,0.05102675793403858,0.3341630367143746
48201531600,0.004694835680751174,0.09546165884194054
48201531700,0.0,0.14110871130309574
48201540101,0.0,0.11617021276595745
48201554809,0.040412486064659976,0.33612040133779264
48201980400,,
48201251504,0.0044444444444444444,0.03888888888888889
48201312601,0.05957230142566192,0.8335030549898167
48201313101,0.025505716798592787,0.8188214599824098
48201313202,0.1419642857142857,0.48392857142857143
48201333906,0.007792207792207792,0.03766233766233766
48201340302,0.0,0.035387673956262425
48201350601,0.047619047619047616,0.5616605616605617
48201410300,0.03251417769376182,0.7175803402646502
48201410402,0.05982905982905983,0.41737891737891736
48201410705,0.02756892230576441,0.5839598997493735
48201410900,0.0,0.6852380952380952
48201413100,0.0,0.07844827586206897
48201420300,0.005593536357986327,0.4487259167184587
48201421900,0.0,0.08919722497522299
48201422100,0.04970891177787729,0.13703537841468877
48201422302,0.06781376518218624,0.31781376518218624
48201430200,0.035667107001321,0.7159841479524438
48201430700,0.2540192926045016,0.6966773847802786
48201430800,0.022822365918600228,0.48345378470901484
48201430900,0.023322569070685324,0.2558306422676713
48201431302,0.031642116748499725,0.4206219312602291
48201431401,0.05843293492695883,0.6932270916334662
48201451604,0.08333333333333333,0.20535714285714285
48201451902,0.013437849944008958,0.032474804031354984
48201454502,0.00273224043715847,0.04781420765027322
48201454504,0.02111801242236025,0.40993788819875776
48201511004,0.021739130434782608,0.55175983436853
48201511301,0.12037765538945712,0.3772619984264359
48201511502,0.0,0.21793164669329781
48201511600,0.03357314148681055,0.4250599520383693
48201520100,0.007047216349541931,0.44608879492600423
48201522001,0.14505893019038985,0.37080689029918407
48201522102,0.0373015873015873,0.44761904761904764
48201980000,0.0,0.7272727272727273
48201980200,0.1793103448275862,0.8137931034482758
48201251505,0.008086253369272238,0.11859838274932614
48201312700,0.07323232323232323,0.5286195286195287
48201312902,0.024237685691946835,0.3377638780297107
48201330901,0.06536890170632059,0.2989665945686133
48201332500,0.0,0.08139534883720931
48201350300,0.007099391480730223,0.22464503042596348
48201350500,0.0,0.1798206278026906
48201410202,0.03901234567901234,0.6602469135802469
48201410502,0.013897280966767372,0.4598187311178248
48201411301,0.03413498836307215,0.7152831652443755
48201411507,0.028679245283018868,0.8369811320754716
48201411901,0.0,0.251959686450168
48201421802,0.1751054852320675,0.42616033755274263
48201422403,0.03350253807106599,0.483248730964467
48201423500,0.0,0.08136482939632546
48201430102,0.01148600143575018,0.6424982053122756
48201431506,0.0332409972299169,0.39667590027700833
48201431701,0.02617397998460354,0.550423402617398
48201431702,0.049103663289166016,0.1597817614964926
48201431804,0.03155680224403927,0.864656381486676
48201450700,0.006811989100817439,0.027247956403269755
48201450900,0.005649717514124294,0.3926553672316384
48201451200,0.007782101167315175,0.021400778210116732
48201510302,0.00759144237405107,0.31331953071083507
48201510601,0.030067895247332686,0.5892337536372454
48201510602,0.017837235228539576,0.4593088071348941
48201510801,0.0,0.4800509337860781
48201510802,0.014179608372721135,0.26401080351114115
48201510901,0.0,0.1762749445676275
48201510902,0.021443888491779844,0.5732666190135811
48201511400,0.07413010590015129,0.2216338880484115
48201530900,0.01639344262295082,0.39289617486338796
48201531100,0.07369196757553427,0.10980103168754606
48201531400,0.07119741100323625,0.3149946062567422
48201980100,,
48201100001,0.16158626812666468,1.0
48201310101,0.1677105080027836,0.5379262352122477
48201310102,0.11331444759206799,0.7152974504249292
48201312200,0.20555555555555555,0.8222222222222222
48201312400,0.470873786407767,0.6504854368932039
48201312502,0.09432146294513956,0.7295476419634264
48201312602,0.0,0.4908675799086758
48201313102,0.12108980827447023,0.686175580221998
48201340102,0.050082553659878924,0.3659878921298844
48201350201,0.04925241864555849,0.2040457343887423
48201410501,0.016881827209533268,0.39225422045680236
48201410601,0.05977496483825598,0.9940225035161744
48201410703,0.11892675852066716,0.6098622189992748
48201410802,0.08125,0.58625
48201411001,0.011363636363636364,0.6772727272727272
48201411002,0.02218821729150727,0.7146136189747513
48201411003,0.21579532814238042,0.6551724137931034
48201411503,0.051680883090817864,0.792272955343703
48201411801,0.05204872646733112,0.632890365448505
48201411802,0.25593869731800767,0.7908045977011494
48201412000,0.06906077348066299,0.3143646408839779
48201421700,0.11161473087818696,0.3631728045325779
48201431403,0.014462809917355372,0.5733471074380165
48201431503,0.011073253833049404,0.9148211243611585
48201431504,0.0,0.2365988909426987
48201432004,0.02619589977220957,0.1970387243735763
48201432600,0.07863849765258216,0.5563380281690141
48201451302,0.0,0.05855855855855856
48201451606,0.01932367149758454,0.30869565217391304
48201453604,0.08262910798122065,0.2140845070422535
48201510301,0.04803749267721148,0.3995313415348565
48201511201,0.025359835503769704,0.33447566826593556
48201511302,0.08006742520016856,0.3687315634218289
48201521600,0.015495867768595042,0.16735537190082644
48201980300,0.0,1.0
48201210600,0.15789473684210525,0.4458947368421053
48201250403,0.03848431024274719,0.320307874481942
48201251100,0.03482786228983187,0.14971977582065651
48201251300,0.011177644710578843,0.17804391217564872
48201251401,0.008064516129032258,0.09907834101382489
48201251701,0.07643758765778401,0.19424964936886396
48201252003,0.0,0.08148574719262885
48201312501,0.07177322074788903,0.5572979493365501
48201333802,0.05747711088504578,0.2466937945066124
48201340201,,
48201340202,0.005823912298732443,0.10757108598835217
48201340400,0.0,0.0
48201340702,0.09665955934612651,0.3759772565742715
48201341304,0.15846994535519127,0.9385245901639344
48201411100,0.023581899298916506,0.28935627788400253
48201411200,0.030525030525030524,0.2967032967032967
48201411400,0.0,0.12602965403624383
48201411600,0.01701837985023826,0.35466303607896527
48201412202,0.12014652014652015,0.4043956043956044
48201413000,0.04113475177304964,0.4418439716312057
48201413302,0.0,0.16897347174163782
48201420400,0.0904790065050266,0.407451212300414
48201420800,0.0,0.09782608695652174
48201423201,0.04171240395170143,0.22941822173435786
48201431600,0.13705308775731312,0.3049837486457205
48201450402,0.03924914675767918,0.6203071672354948
48201451006,0.07736625514403292,0.21316872427983538
48201451301,0.19169329073482427,0.4275825346112886
48201510701,0.0,0.8073115003808073
48201510702,0.023001095290251915,0.1248630887185104
48201511100,0.04689593568557392,0.4452880750334971
48201531000,0.0,0.2390057361376673
48201541701,0.0,0.18431831480397892
48201542305,0.0,0.14941740918437285
48201543201,0.04370564064251027,0.596563317146059
48201250902,0.0,0.008968609865470852
48201320902,0.04482758620689655,0.27413793103448275
48201410101,0.0,0.6482320942883046
48201410201,0.0715953307392996,0.9712062256809338
48201410602,0.010674157303370787,0.7730337078651686
48201412901,0.061105722599418044,1.0
48201412902,0.13866666666666666,0.5991111111111111
48201431001,0.01966041108132261,0.44414655942806075
48201431002,0.02218570254724733,0.20706655710764174
48201452103,0.046235138705416116,0.8982826948480845
48201510201,0.01620859760394644,0.9041578576462297
48201510202,0.04560943643512451,0.8028833551769332
48201980700,0.08979278587874137,0.782808902532617
