station_id,year,aadt,road,lat,lon,active
102A1001,2025,142994,IH0010,29.776525,-95.369505,1
102A125C,2025,180000,SH0288,29.722499,-95.376851,1
102A125CNBSR,2025,11500,SH0288,29.722628,-95.376161,1
102A125CSBSR,2025,9879,SH0288,29.723228,-95.377329,1
102A132B,2025,74881,SS0548,29.819694,-95.355469,1
102A146,2025,235691,IH0045,29.76346,-95.370031,1
102A1T,2025,18451,TL0011,29.630981,-95.481992,1
102A20AEBSR,2025,3649,-,30.10392,-95.432393,1
102A20AT,2025,33920,TL0000,30.104461,-95.432813,1
102A20AWBSR,2025,4291,-,30.10503,-95.433,1
102A22501,2025,20306,SH0225,29.711754,-95.274052,1
102A29001,2025,109988,US0290,29.992769,-95.752871,1
102A29001EBSR,2025,5718,US 290,29.992398,-95.753073,1
102A29001WBSR,2025,17074,US 290,29.993088,-95.752687,1
102A29004,2025,202372,US0290,29.825246,-95.475044,1
102A29004EBSR,2025,12682,US 290,29.825162,-95.475553,1
102A29004WBSR,2025,11289,US 290,29.825365,-95.474533,1
102A2NBSR,2025,12052,E HARDY ST,29.891214,-95.369674,1
102A2SBSR,2025,9667,W HARDY RD,29.890822,-95.37073,1
102A2T,2025,67194,TL0015,29.89102,-95.369982,1
102A3T,2025,18862,TL0015,29.957611,-95.368764,1
102A4501,2025,96959,IH0045,29.776794,-95.368612,1
102A4509,2025,200041,IH0045,29.747477,-95.368059,1
102A52701,2025,39260,SS0527,29.739929,-95.381886,1
102A6901,2025,168997,IH0069,29.758251,-95.351608,1
102A9001,2025,28007,US0090,29.82851,-95.185236,1
102A9001EBSR,2025,14543,US0090,29.827942,-95.185075,1
102A9001WBSR,2025,16675,US0090,29.829096,-95.18544,1
102A9002,2025,20668,US0090,29.915554,-95.044969,1
102A9002NBSR,2025,1887,US0090,29.915275,-95.044293,1
102A9002SBSR,2025,2131,US0090,29.91584,-95.045565,1
102AT226,2025,205585,IH0069,29.883979,-95.32209,1
102AT226NBSR,2025,21253,IH0069,29.884162,-95.321468,1
102AT226SBSR,2025,23192,IH0069,29.884449,-95.322344,1
102CE3013,2025,5560,ALMEDA SCHOOL RD,29.583512,-95.41713,1
102CE3031,2025,8439,ADDICKS CLODINE RD,29.697847,-95.664687,1
102CE3033EBSR,2025,13058,WESTPARK DR,29.707824,-95.681742,1
102CE3033WBSR,2025,11615,WESTPARK DR,29.708217,-95.682371,1
102CE3035A,2025,15146,S FRY RD,29.736827,-95.733375,1
102CE3035B,2025,14237,WESTHEIMER PKWY,29.739246,-95.738069,1
102CE3068,2025,27424,RILEY FUZZEL RD,30.091581,-95.406006,1
102CE3074,2025,26046,NORTHPARK DR,30.068782,-95.217237,1
102CR3413,2025,32000,S VOSS RD,29.738944,-95.500918,1
102CR3455,2025,14500,BUFFALO SPEEDWAY ,29.67143435,-95.42484822,1
102CR3480,2025,13507,WALLISVILLE RD,29.79478058,-95.24776652,1
102CR3481,2025,4583,INDUSTRIAL,29.76209281,-95.21029883,1
102CS118,2025,39802,-,29.782137,-95.751856,1
102CS132BNBSR,2025,20077,SL0008,29.760421,-95.557504,1
102CS132BSBSR,2025,15794,SL0008,29.759784,-95.558506,1
102CS143,2025,1595,SABINE ST,29.761208,-95.37535,1
102CS144SBSR,2025,12503,IH0045,29.762608,-95.372786,1
102CS145NBSR,2025,9105,IH0045,29.76319,-95.372108,1
102CS156,2025,11509,-,29.764713,-95.360541,1
102D111ANBSR,2025,32034,SL0008,29.778064,-95.562528,1
102D111ASBSR,2025,23138,SL0008,29.777908,-95.563261,1
102D113NBSR,2025,7234,SH0006,29.710399,-95.643849,1
102D113SBSR,2025,7704,SH0006,29.714602,-95.644364,1
102D11NBSR,2025,22217,SH0249,30.04736454,-95.61183687,1
102D12SBSR,2025,21330,SH0249,30.047145,-95.612841,1
102D146NBSR,2025,28021,IH0045,29.758221,-95.374258,1
102D146SBSR,2025,41233,IH0045,29.76047,-95.374813,1
102D177EBSR,2025,5625,UA0090,29.64933,-95.458382,1
102D177WBSR,2025,5350,UA0090,29.64974623,-95.45821236,1
102D187EBSR,2025,5690,IH0610,29.68037661,-95.37362804,1
102D19NBSR,2025,775,SH0146,29.630741,-95.031343,1
102D20SBSR,2025,336,SH0146,29.63087,-95.032323,1
102D21,2025,20370,SH0003,29.669731,-95.261254,1
102D22SBSR,2025,21111,IH0045,29.671059,-95.264085,1
102D23NBSR,2025,21517,IH0045,29.670538,-95.262831,1
102D2403NBSR,2025,1228,IH0610,29.70560249,-95.27314809,1
102D2403SBSR,2025,2651,IH0610,29.706185,-95.273549,1
102D24SBSR,2025,12729,IH0045,29.695401,-95.288253,1
102D25NBSR,2025,2574,IH0045,29.696256,-95.285826,1
102D27NBSR,2025,26227,SH0249,30.03732458,-95.60434536,1
102D28SBSR,2025,28417,SH0249,30.037486,-95.605523,1
102D31EBSR,2025,2003,US0290,29.997532,-95.766644,1
102D32WBSR,2025,4207,US0290,29.998056,-95.765468,1
102D36WBSR,2025,41174,IH0010,29.785665,-95.72762,1
102D37WBSR,2025,26475,IH0010,29.78582,-95.761628,1
102D41EBSR,2025,35633,IH0010,29.784953,-95.761924,1
102D46EBSR,2025,38360,IH0010,29.784828,-95.742974,1
102D47WBSR,2025,45680,IH0010,29.785742,-95.743601,1
102D48EBSR,2025,5180,IH0069,29.744782,-95.361894,1
102D49WBSR,2025,4219,IH0069,29.74663963,-95.36165963,1
102D67AEBSR,2025,10758,US0290,29.91606698,-95.61597679,1
102D68EBSR,2025,12620,IH0069,29.725463,-95.47536,1
102D7,2025,232,PR1836G,29.75221,-95.088083,1
102D7A,2025,232,PR1836G,29.746939,-95.083896,1
102D8,2025,182,PR1836A,29.74734,-95.082042,1
102D84EBSR,2025,35185,IH0010,29.784789,-95.728482,1
102D89WBSR,2025,46082,IH0010,29.785608,-95.712593,1
102D8A,2025,114,PR1836G,29.745167,-95.080876,1
102D8B,2025,117,PR1836G,29.743124,-95.07845,1
102D90EBSR,2025,40460,IH0010,29.784627,-95.712536,1
102D95NBSR,2025,29618,IH0045,29.64621279,-95.24678967,1
102D96SBSR,2025,29552,IH0045,29.646722,-95.248016,1
102E3000,2025,49493,SH0146,29.550125,-95.023624,1
102E3001,2025,29385,FM0270,29.535082,-95.096079,1
102E3001EBSR,2025,151,FM0270,29.53601,-95.097597,1
102E3001WBSR,2025,196,FM0270,29.53652,-95.096893,1
102E3002,2025,19175,SH0003,29.521637,-95.103151,1
102E3006,2025,23188,FM2351,29.54173,-95.197344,1
102E3009,2025,24299,SH0035,29.598011,-95.286533,1
102E3011,2025,22055,FM0865,29.58648,-95.352016,1
102E3012,2025,112062,SH0288,29.586197,-95.386347,1
102E3012NBSR,2025,17336,SH0288,29.586391,-95.385801,1
102E3012SBSR,2025,29763,SH0288,29.58595,-95.386814,1
102E3014,2025,22816,FM0521,29.583896,-95.430841,1
102E3018,2025,58000,UA0090,29.625388,-95.520537,1
102E3018EBSR,2025,9556,UA0090,29.625199,-95.520395,1
102E3018WBSR,2025,7044,UA0090,29.62564,-95.520641,1
102E3021,2025,28316,FM1092,29.646067,-95.565492,1
102E3030,2025,54202,SH0006,29.686921,-95.643699,1
102E3030EBSR,2025,5737,SH0006,29.70843035,-95.64425699,1
102E3034,2025,32636,FM1093,29.710632,-95.686121,1
102E3037A,2025,71558,SH0099,29.76343176,-95.77626433,1
102E3037ANBSR,2025,15276,SH0099,29.76342103,-95.77571642,1
102E3037ASBSR,2025,22500,SH0099,29.7634461,-95.7766545,1
102E3071,2025,9695,SL0494,30.042686,-95.250672,1
102FS43,2025,682,WAKEFIELD DR,29.824215,-95.433586,1
102H01T,2025,64298,TL0015,29.859809,-95.362157,1
102H01TA,2025,54242,TL0032,29.72277356,-95.50163541,1
102H02TA,2025,48010,TL0032,29.71881546,-95.5509839,1
102H03T,2025,68624,TL0015,30.003009,-95.39872,1
102H03TA,2025,72964,TL0032,29.71762932,-95.56566953,1
102H04T,2025,64124,TL0015,30.045001,-95.406563,1
102H04TA,2025,54993,TL0032,29.71163636,-95.63659936,1
102H05T,2025,59177,TL0015,30.075811,-95.41125,1
102H05TA,2025,56754,TL0032,29.710768,-95.646943,1
102H06T,2025,20389,TL0032,29.724302,-95.482397,1
102H100,2025,9838,FM1942,29.879936,-95.061669,1
102H1002,2025,238212,IH0010,29.785271,-95.736931,1
102H1002EBSR,2025,18452,IH0010,29.784803,-95.737154,1
102H1002WBSR,2025,17149,IH0010,29.78573,-95.736966,1
102H1003,2025,255074,IH0010,29.784887,-95.689616,1
102H1003EBSR,2025,14912,IH0010,29.784354,-95.689731,1
102H1003WBSR,2025,20709,IH0010,29.785504,-95.689522,1
102H1004,2025,330394,IH0010,29.784437,-95.500846,1
102H1004EBSR,2025,14836,IH0010,29.783892,-95.501098,1
102H1004WBSR,2025,22594,IH0010,29.784954,-95.50054,1
102H1005,2025,226618,IH0010,29.777537,-95.410188,1
102H1005EBSR,2025,13348,IH0010,29.777039,-95.410161,1
102H1005WBSR,2025,13721,IH0010,29.778026,-95.410129,1
102H1006,2025,213361,IH0010,29.776715,-95.390155,1
102H1006EBSR,2025,18273,IH0010,29.776291,-95.390729,1
102H1006WBSR,2025,14322,IH0010,29.777195,-95.389785,1
102H1007,2025,153209,IH0010,29.774194,-95.322009,1
102H1008,2025,156460,IH0010,29.77796,-95.288072,1
102H1009,2025,144803,IH0010,29.770891,-95.162824,1
102H1009EBSR,2025,4928,IH0010,29.770451,-95.162918,1
102H1009WBSR,2025,7604,IH0010,29.77124,-95.162357,1
102H101,2025,8305,FM1942,29.876745,-95.025165,1
102H1010,2025,141872,IH0010,29.774887,-95.137836,1
102H1010EBSR,2025,5347,IH0010,29.774677,-95.137037,1
102H1010WBSR,2025,4229,IH0010,29.775229,-95.137876,1
102H1011,2025,134768,IH0010,29.785471,-95.105366,1
102H1011EBSR,2025,2869,IH0010,29.785143,-95.105245,1
102H1011WBSR,2025,2355,IH0010,29.785839,-95.105436,1
102H1012,2025,237502,IH0010,29.78509,-95.72075,1
102H1012EBSR,2025,20588,IH0010,29.784529,-95.720833,1
102H1012WBSR,2025,25000,IH0010,29.785625,-95.721099,1
102H107ANBSR,2025,23822,SH0099,29.799022,-95.775326,1
102H107ASBSR,2025,23593,SH0099,29.798582,-95.776436,1
102H107AT,2025,69171,SH0099,29.798277,-95.775933,1
102H107EBSR,2025,34804,IH0010,29.785064,-95.789863,1
102H108,2025,247933,IH0010,29.784901,-95.651954,1
102H108EBSR,2025,34882,IH0010,29.784448,-95.651947,1
102H108WBSR,2025,32559,IH0010,29.785356,-95.651993,1
102H109NBSR,2025,15281,SH0006,29.787282,-95.644611,1
102H109SBSR,2025,18112,SH0006,29.787267,-95.645096,1
102H10T,2025,131153,TL0008,29.938018,-95.440777,1
102H11,2025,26954,FM2920,30.089847,-95.631015,1
102H110,2025,239720,IH0010,29.784872,-95.627688,1
102H110A,2025,309526,IH0010,29.784647,-95.582356,1
102H110AEBSR,2025,51242,IH0010,29.784176,-95.582339,1
102H110AWBSR,2025,26764,IH0010,29.78519,-95.582363,1
102H110EBSR,2025,39085,IH0010,29.784399,-95.629707,1
102H110WBSR,2025,40758,IH0010,29.785372,-95.627446,1
102H111,2025,311340,IH0010,29.78449,-95.541916,1
102H111BNBSR,2025,27666,SL0008,29.790124,-95.562684,1
102H111BSBSR,2025,32320,SL0008,29.790194,-95.563705,1
102H111EBSR,2025,31994,IH0010,29.783952,-95.541898,1
102H111WBSR,2025,34943,IH0010,29.785084,-95.541895,1
102H112,2025,35760,FM1093,29.733653,-95.652486,1
102H113,2025,52135,SH0006,29.732491,-95.643998,1
102H113A,2025,16354,FM1876,29.701513,-95.614718,1
102H113B,2025,13899,FM1876,29.675774,-95.614311,1
102H114,2025,37829,FM1093,29.735628,-95.641024,1
102H115,2025,48971,FM1093,29.736271,-95.598826,1
102H115ANBSR,2025,24920,SL0008,29.73562,-95.557091,1
102H115ASBSR,2025,19185,SL0008,29.735357,-95.558383,1
102H115BNBSR,2025,28032,SL0008,29.738916,-95.557137,1
102H115BSBSR,2025,21762,SL0008,29.737944,-95.558434,1
102H116,2025,59149,FM1093,29.737701,-95.494002,1
102H117EBSR,2025,15434,US0290,29.806196,-95.455025,1
102H117WBSR,2025,16394,US0290,29.806986,-95.45458,1
102H118,2025,167022,IH0610,29.809433,-95.439776,1
102H118EBSR,2025,16769,IH0610,29.80804121,-95.44199683,1
102H118WBSR,2025,14509,IH0610,29.808276,-95.443479,1
102H119,2025,303669,IH0610,29.792147,-95.451857,1
102H119A,2025,319927,IH0010,29.78422567,-95.46554129,1
102H119AEBSR,2025,15922,IH0010,29.783641,-95.465579,1
102H119AWBSR,2025,10410,IH0010,29.784767,-95.465552,1
102H119B,2025,269197,IH0010,29.77893212,-95.44190542,1
102H119NBSR,2025,3754,IH0610,29.791716,-95.45103,1
102H119SBSR,2025,3266,IH0610,29.791711,-95.453134,1
102H11T,2025,64407,TL0008,29.752873,-95.145863,1
102H12,2025,24774,FM2920,30.099663,-95.594879,1
102H120,2025,180432,IH0610,29.71213,-95.460139,1
102H120A,2025,297474,IH0069,29.729868,-95.447827,1
102H120AEBSR,2025,5054,IH0069,29.729456,-95.448045,1
102H120AWBSR,2025,2456,IH0069,29.73031,-95.448033,1
102H120NBSR,2025,17857,IH0610,29.712316,-95.459672,1
102H120SBSR,2025,8585,IH0610,29.712122,-95.460563,1
102H125B,2025,62161,SS0527,29.73406277,-95.38577021,1
102H125BNBSR,2025,5291,SS0527,29.734299,-95.38507,1
102H126,2025,23171,UA0090,29.699467,-95.383599,1
102H126A,2025,22564,UA0090,29.701618,-95.371186,1
102H127,2025,3973,FM0865,29.703309,-95.34834,1
102H128,2025,11764,UA0090,29.71016,-95.331574,1
102H128A,2025,14478,SS0005,29.712325,-95.333409,1
102H129,2025,28224,UA0090,29.717974,-95.313974,1
102H129A,2025,193685,IH0045,29.711883,-95.310391,1
102H129ANBSR,2025,15135,IH0045,29.712339,-95.310497,1
102H129ASBSR,2025,19656,IH0045,29.711297,-95.31015,1
102H129B,2025,203416,IH0045,29.738873,-95.352485,1
102H129BNBSR,2025,7410,IH0045,29.739628,-95.352981,1
102H129BSBSR,2025,5046,IH0045,29.738608,-95.353211,1
102H129C,2025,13789,SS0005,29.743103,-95.357643,1
102H129CNBML,2025,4326,SS0005,29.742824,-95.357942,1
102H129CSBML,2025,9463,SS0005,29.743372,-95.357191,1
102H129D,2025,40434,SS0005,29.733883,-95.344873,1
102H129DNBSR,2025,4686,IH0045,29.73408,-95.344496,1
102H129DSBSR,2025,4123,IH0045,29.73365,-95.345483,1
102H129G,2025,21519,SS0005,29.725422,-95.337138,1
102H129GNBSR,2025,3935,SS0005,29.72533,-95.336796,1
102H129GSBSR,2025,5544,SS0005,29.725137,-95.337502,1
102H12A,2025,25231,FM2920,30.099765,-95.592097,1
102H13,2025,28501,FM2978,30.100877,-95.593818,1
102H130A,2025,153615,IH0010,29.769978,-95.351528,1
102H130AEBSR,2025,2125,IH0010,29.76957234,-95.351678,1
102H130AWBSR,2025,9668,IH0010,29.770518,-95.351794,1
102H131A,2025,174409,IH0069,29.77721452,-95.34008354,1
102H131ANBSR,2025,4980,IH0069,29.777852,-95.339597,1
102H131ASBSR,2025,6528,IH0069,29.776607,-95.340561,1
102H132,2025,154922,IH0610,29.805223,-95.297578,1
102H132EBSR,2025,2042,IH0610,29.804564,-95.297073,1
102H132WBSR,2025,2737,IH0610,29.805826,-95.298066,1
102H133,2025,137555,IH0610,29.78752442,-95.26605433,1
102H133A,2025,166643,IH0610,29.80927503,-95.32324115,1
102H133AEBSR,2025,1310,IH0610,29.80889938,-95.32269644,1
102H133AWBSR,2025,2288,IH0610,29.80966513,-95.32384087,1
102H133NBSR,2025,18924,IH0610,29.788046,-95.265858,1
102H133SBSR,2025,12862,IH0610,29.7881541,-95.26672875,1
102H134,2025,9312,UA0090,29.795837,-95.272563,1
102H135,2025,24563,BU0090U,29.807945,-95.261974,1
102H137,2025,15594,BU0090U,29.812787,-95.256555,1
102H138,2025,19828,FM0526,29.80155,-95.218904,1
102H139,2025,24312,FM0526,29.772007,-95.214579,1
102H13T,2025,76275,TL0008,29.655709,-95.156166,1
102H140,2025,155413,IH0010,29.771474,-95.197941,1
102H140EBSR,2025,3903,IH0010,29.771198,-95.197978,1
102H140WBSR,2025,5125,IH0010,29.771731,-95.197848,1
102H141A,2025,72239,SL0008,29.762432,-95.14688,1
102H141ANBSR,2025,1304,SL0008,29.763089,-95.146639,1
102H141ASBSR,2025,1991,SL0008,29.76173,-95.147173,1
102H141B,2025,103222,SL0008,29.783177,-95.158563,1
102H141BNBSR,2025,4913,SL0008,29.783727,-95.158245,1
102H141BSBSR,2025,3216,SL0008,29.782715,-95.158893,1
102H141C,2025,98252,SL0008,29.802614,-95.163377,1
102H141CNBSR,2025,12550,SL0008,29.80297,-95.162974,1
102H141CSBSR,2025,9800,SL0008,29.802092,-95.163722,1
102H141D,2025,83088,SL0008,29.81903,-95.165642,1
102H141DNBSR,2025,15624,SL0008,29.817298,-95.16453,1
102H141DSBSR,2025,14461,SL0008,29.817121,-95.165247,1
102H142,2025,135840,IH0010,29.771825,-95.22712,1
102H142EBSR,2025,22599,IH0010,29.77161371,-95.22773179,1
102H142WBSR,2025,22420,IH0010,29.7723255,-95.22764142,1
102H143,2025,173004,IH0010,29.773829,-95.252953,1
102H143EBSR,2025,3108,IH0010,29.773392,-95.252479,1
102H143WBSR,2025,1059,IH0010,29.774325,-95.253539,1
102H145A,2025,162009,IH0610,29.730149,-95.266502,1
102H145ANBSR,2025,3201,IH0610,29.730108,-95.26591,1
102H145ASBSR,2025,3455,IH0610,29.729864,-95.267035,1
102H14601,2025,92212,SH0146,29.68121568,-95.03026469,1
102H14601NBSR,2025,3285,SH0146,29.68123432,-95.02985163,1
102H14601SBSR,2025,2849,SH0146,29.681202,-95.030743,1
102H14602,2025,98175,SH0146,29.697012,-95.024811,1
102H14605,2025,44675,SH0146,29.597463,-95.030403,1
102H14605SBSR,2025,2824,SH0146,29.59747,-95.030828,1
102H147,2025,159981,IH0610,29.701869,-95.278701,1
102H147EBSR,2025,9296,IH0610,29.70112,-95.279129,1
102H147WBSR,2025,10946,IH0610,29.701631,-95.280021,1
102H148,2025,129148,SH0225,29.707082,-95.25316,1
102H148EBSR,2025,1300,SH0225,29.706648,-95.252666,1
102H148WBSR,2025,1242,SH0225,29.707512,-95.253523,1
102H149,2025,106940,SH0225,29.708236,-95.226564,1
102H149NBSR,2025,1207,SH0225,29.708181,-95.225941,1
102H149SBSR,2025,1028,SH0225,29.708346,-95.227164,1
102H14T,2025,71239,TL0008,29.621922,-95.181624,1
102H154A,2025,83861,SH0225,29.71254,-95.173446,1
102H154AEBSR,2025,5713,SH0225,29.712161,-95.174002,1
102H154AWBSR,2025,6466,SH0225,29.712902,-95.172896,1
102H154BNBSR,2025,13806,TL0008,29.713748,-95.153004,1
102H154BSBSR,2025,12864,SL0008,29.713875,-95.153809,1
102H155,2025,19591,LS0000,29.706988,-95.092014,1
102H156,2025,3297,INDEPENDENCE PKWY,29.735303,-95.089855,1
102H157,2025,190,PR1836A,29.73566,-95.088218,1
102H157A,2025,72,PR1836C,29.74895,-95.07992,1
102H15T,2025,105107,SL0008,29.615255,-95.193359,1
102H16,2025,36308,FM2920,30.077668,-95.559635,1
102H169,2025,35255,SS0330,29.78739866,-95.04248889,1
102H169A,2025,141445,IH0010,29.79378938,-95.07565125,1
102H169AWBSR,2025,125,IH0010,29.79389086,-95.07643867,1
102H169NBSR,2025,7766,SS0330,29.78766245,-95.04232003,1
102H169SBSR,2025,7831,IH0010,29.78711705,-95.04261706,1
102H16T,2025,90882,SL0008,29.601042,-95.22042,1
102H17,2025,30454,FM2920,30.073056,-95.548086,1
102H171ANBSR,2025,16724,SL0008,29.673304,-95.559999,1
102H171ASBSR,2025,12986,SL0008,29.672841,-95.560891,1
102H175,2025,53537,FM1093,29.736986,-95.554501,1
102H176,2025,176297,IH0069,29.68095428,-95.53653983,1
102H176AEBSR,2025,29852,SL0008,29.6494,-95.545884,1
102H176AWBSR,2025,32705,SL0008,29.649761,-95.545241,1
102H176BEBSR,2025,16463,SL0008,29.628601,-95.521299,1
102H176BWBSR,2025,22884,SL0008,29.630252,-95.521895,1
102H176C,2025,80200,UA0090,29.628725,-95.512324,1
102H176NBSR,2025,29985,IH0069,29.681019,-95.535887,1
102H176SBSR,2025,29928,IH0069,29.679687,-95.53842,1
102H177,2025,97500,UA0090,29.651263,-95.453953,1
102H177A,2025,168838,IH0610,29.688184,-95.458973,1
102H177ANBSR,2025,9833,IH0610,29.688536,-95.458533,1
102H177ASBSR,2025,10977,IH0610,29.68774,-95.459444,1
102H178,2025,74855,UA0090,29.676293,-95.428705,1
102H178NBSR,2025,3531,UA0090,29.675431,-95.429189,1
102H178SBSR,2025,3065,UA0090,29.675573,-95.429474,1
102H179,2025,52854,UA0090,29.680819,-95.425053,1
102H17T,2025,93448,TL0000,29.60068137,-95.2421845,1
102H18,2025,33805,FM2920,30.070536,-95.480098,1
102H181A,2025,194170,IH0610,29.680636,-95.392089,1
102H181AEBSR,2025,5965,SH0288,29.680111,-95.390081,1
102H181AWBSR,2025,8977,IH0610,29.68091,-95.391252,1
102H182,2025,19898,FM0521,29.662609,-95.400095,1
102H182A,2025,25511,FM0521,29.683438,-95.392155,1
102H183,2025,21108,FM0521,29.618909,-95.417486,1
102H183AEBSR,2025,17767,SL0008,29.596647,-95.39728,1
102H183AWBSR,2025,17397,SL0008,29.597473,-95.397682,1
102H183BEBSR,2025,27972,SL0008,29.597362,-95.377487,1
102H183BWBSR,2025,24210,SL0008,29.598135,-95.37773,1
102H183CEBSR,2025,13207,SL0008,29.599719,-95.344651,1
102H183CWBSR,2025,15035,SL0008,29.600539,-95.345273,1
102H184,2025,23489,FM0521,29.603726,-95.423512,1
102H184AEBSR,2025,18095,SL0008,29.596301,-95.417494,1
102H184AWBSR,2025,21371,SL0008,29.596981,-95.417524,1
102H184BEBSR,2025,13499,SL0008,29.596757,-95.428014,1
102H184BWBSR,2025,19880,SL0008,29.597409,-95.429234,1
102H184CEBSR,2025,13980,SL0008,29.609934,-95.487204,1
102H184CWBSR,2025,14603,SL0008,29.611043,-95.48741,1
102H186NBSR,2025,1441,IH0610,29.686656,-95.378439,1
102H187,2025,189926,IH0610,29.68048024,-95.36076358,1
102H187EBSR,2025,1547,IH0610,29.68005537,-95.36003175,1
102H188,2025,20532,FM0865,29.678371,-95.355841,1
102H188A,2025,172279,IH0610,29.696657,-95.307371,1
102H188AEBSR,2025,2915,IH0610,29.696119,-95.306383,1
102H188AWBSR,2025,2980,IH0610,29.696898,-95.306105,1
102H189,2025,18429,FM0865,29.648863,-95.356208,1
102H18T,2025,88463,TL0000,29.600075,-95.282848,1
102H19,2025,47853,FM2920,30.073925,-95.438077,1
102H190,2025,16624,FM0865,29.640063,-95.355892,1
102H191,2025,13363,FM0865,29.686721,-95.354565,1
102H192,2025,23568,SH0035,29.626016,-95.285466,1
102H193,2025,25470,SH0035,29.654601,-95.28882,1
102H197,2025,171870,IH0045,29.635783,-95.237728,1
102H197A,2025,244087,IH0045,29.689235,-95.281435,1
102H197ANBSR,2025,1413,IH0045,29.689974,-95.281604,1
102H197ASBSR,2025,5899,IH0045,29.689476,-95.282087,1
102H197B,2025,24111,SH0035,29.693775,-95.291001,1
102H197BEBSR,2025,319,SH0035,29.696659,-95.291028,1
102H197NBSR,2025,24326,IH0045,29.636325,-95.237675,1
102H197SBSR,2025,23440,IH0045,29.634791,-95.237087,1
102H198,2025,7662,FM1959,29.600009,-95.177699,1
102H198A,2025,29432,FM1959,29.583985,-95.187337,1
102H199,2025,14472,SH0003,29.599618,-95.176032,1
102H19T,2025,100000,TL0000,29.600082,-95.343438,1
102H1NBSR,2025,10758,E HARDY ST,29.859835,-95.361827,1
102H1SBSR,2025,21279,W HARDY RD,29.859605,-95.362932,1
102H1T,2025,121450,TL0000,29.610931,-95.488294,1
102H20,2025,195768,IH0045,30.101141,-95.435522,1
102H200,2025,14745,SH0003,29.601699,-95.178025,1
102H200A,2025,15735,SH0003,29.61718,-95.192938,1
102H201,2025,6963,FM2553,29.607661,-95.187325,1
102H201ANBSR,2025,30905,SL0008,29.622431,-95.180275,1
102H201ASBSR,2025,31267,SL0008,29.622142,-95.182018,1
102H201BNBSR,2025,15422,SL0008,29.611199,-95.198069,1
102H201BSBSR,2025,14361,SL0008,29.611691,-95.199212,1
102H202,2025,11958,SH0003,29.638756,-95.212713,1
102H202ANBSR,2025,13754,SL0008,29.656582,-95.155771,1
102H202ASBSR,2025,9459,SL0008,29.655792,-95.156543,1
102H202BNBSR,2025,22805,SL0008,29.710368,-95.153094,1
102H202BSBSR,2025,19605,SL0008,29.709803,-95.153814,1
102H208,2025,69337,SH0146,29.645019,-95.029845,1
102H208A,2025,4200,BS0146D,29.636577,-95.02805,1
102H208NBSR,2025,1983,SH0146,29.646,-95.029351,1
102H208SBSR,2025,1604,SH0146,29.646037,-95.030387,1
102H20NBSR,2025,8067,IH0045,30.101432,-95.435126,1
102H20SBSR,2025,15515,IH0045,30.101375,-95.436037,1
102H20T,2025,64107,TL0000,29.71442841,-95.60366558,1
102H210,2025,2516,SS0501,29.620638,-95.018325,1
102H211,2025,4377,BS0146D,29.644508,-95.018832,1
102H212,2025,19633,FM0525,29.930382,-95.318209,1
102H215,2025,26397,FM2351,29.568467,-95.169984,1
102H2158,2025,89000,UA0090,29.661603,-95.440315,1
102H2158EBSR,2025,5147,UA0090,29.661621,-95.440046,1
102H2158WBSR,2025,5822,UA0090,29.661484,-95.440644,1
102H216,2025,210927,IH0045,29.578879,-95.176794,1
102H216A,2025,187381,IH0045,29.617996,-95.218128,1
102H216ANBSR,2025,17440,IH0045,29.618566,-95.218178,1
102H216ASBSR,2025,19136,IH0045,29.61719,-95.21779,1
102H216BEBSR,2025,12418,SL0008,29.601166,-95.213755,1
102H216BWBSR,2025,12205,SL0008,29.601622,-95.215151,1
102H216CEBSR,2025,14481,SL0008,29.599683,-95.283855,1
102H216CWBSR,2025,14646,SL0008,29.600603,-95.285108,1
102H216NBSR,2025,23563,IH0045,29.579732,-95.176945,1
102H216SBSR,2025,22034,IH0045,29.577929,-95.176603,1
102H216SEBSR,2025,14712,SL0008,29.599704,-95.291778,1
102H216SWBSR,2025,16664,SL0008,29.600634,-95.291548,1
102H217,2025,39417,FM0528,29.526558,-95.133621,1
102H218,2025,20089,LS0000,29.530808,-95.127591,1
102H219,2025,190912,IH0045,29.530958,-95.132836,1
102H219NBSR,2025,23416,IH0045,29.531542,-95.132814,1
102H219SBSR,2025,17927,IH0045,29.530396,-95.133014,1
102H22,2025,15138,FM2100,30.055431,-95.08692,1
102H220,2025,27169,FM2351,29.579274,-95.158924,1
102H220A,2025,31993,CLEAR LAKE CITY BLVD,29.581165,-95.156341,1
102H220B,2025,22286,RED BLUFF RD,29.614065,-95.08504,1
102H221,2025,17224,SH0003,29.548062,-95.127839,1
102H222,2025,25391,E NASA PKWY,29.538754,-95.116518,1
102H222A,2025,72524,SHNASA,29.535453,-95.110378,1
102H223,2025,32763,FM0270,29.544721,-95.105147,1
102H225,2025,69867,SHNASA,29.546393,-95.104741,1
102H22501,2025,88850,SH0225,29.71170021,-95.14629059,1
102H22501EBSR,2025,4388,SH0225,29.71137174,-95.14627986,1
102H22501WBSR,2025,20430,SH0225,29.711996,-95.146294,1
102H22502,2025,86348,SH0225,29.70692457,-95.10085945,1
102H22502EBSR,2025,1254,SH0225,29.706484,-95.101036,1
102H22502WBSR,2025,4489,SH0225,29.707331,-95.100669,1
102H22503,2025,83251,SH0225,29.70078103,-95.0808618,1
102H22503EBSR,2025,1435,SH0225,29.700396,-95.080969,1
102H22503WBSR,2025,3173,SH0225,29.701131,-95.080762,1
102H22504,2025,77664,SH0225,29.68803868,-95.03776507,1
102H22504EBSR,2025,1897,SH0225,29.687649,-95.037965,1
102H22504WBSR,2025,1884,SH0225,29.688469,-95.037642,1
102H22505,2025,96739,SH0225,29.710908,-95.213632,1
102H22505EBSR,2025,5173,SH0225,29.710747,-95.213227,1
102H22505WBSR,2025,4621,SH0225,29.711179,-95.213282,1
102H225EBSR,2025,7511,SHNASA,29.546517,-95.103705,1
102H225WBSR,2025,8999,SHNASA,29.546841,-95.104061,1
102H226,2025,36146,SHNASA,29.557484,-95.075467,1
102H227,2025,22068,SHNASA,29.560984,-95.031043,1
102H2275,2025,29193,SH0006,29.78139999,-95.644718,1
102H2275NBSR,2025,24641,SH0006,29.781252,-95.644484,1
102H2275SBSR,2025,22896,SH0006,29.781522,-95.64499,1
102H228,2025,34934,SH0146,29.5813124,-95.02871555,1
102H228NBSR,2025,9614,SH0146,29.58134,-95.028412,1
102H228SBSR,2025,8404,SH0146,29.581242,-95.029104,1
102H22A,2025,14301,FM2100,30.058657,-95.087269,1
102H22B,2025,11930,FM2100,30.073089,-95.108039,1
102H22C,2025,11680,FM2100,30.077941,-95.111002,1
102H230NBSR,2025,16745,SL0008,29.712664,-95.556855,1
102H230SBSR,2025,18365,SL0008,29.712553,-95.557737,1
102H231NBSR,2025,15129,SL0008,29.916285,-95.555681,1
102H231SBSR,2025,15491,SL0008,29.915894,-95.556475,1
102H231T,2025,143503,TL0000,29.915104,-95.556054,1
102H234A,2025,32591,SL0008,29.763139,-95.557966,1
102H235EBSR,2025,12042,SL0008,29.600283,-95.242114,1
102H235WBSR,2025,13732,SL0008,29.600931,-95.242643,1
102H236EBSR,2025,36235,SL0008,29.937684,-95.441556,1
102H236WBSR,2025,27006,SL0008,29.938329,-95.441578,1
102H238NBSR,2025,16766,SL0008,29.63829,-95.531619,1
102H238SBSR,2025,15050,SL0008,29.637715,-95.532255,1
102H239NBSR,2025,14687,SL0008,29.654764,-95.551014,1
102H239SBSR,2025,11471,SL0008,29.654295,-95.551891,1
102H24,2025,133504,US0290,29.979924,-95.719076,1
102H24901,2025,126583,SH0249,29.95963511,-95.54602664,1
102H24901NBSR,2025,28000,SH0249,29.95992,-95.545638,1
102H24901SBSR,2025,21401,SH0249,29.959298,-95.546419,1
102H24902,2025,149350,SH0249,29.9666366,-95.55568366,1
102H24902NBSR,2025,20995,SH0249,29.966717,-95.554919,1
102H24902SBSR,2025,17328,SH0249,29.9665,-95.556434,1
102H24903,2025,135497,SH0249,29.985763,-95.570545,1
102H24903NBSR,2025,17482,SH0249,29.985907,-95.570181,1
102H24903SBSR,2025,14639,SH0249,29.985626,-95.570901,1
102H24904,2025,81432,SH0249,30.042478,-95.608622,1
102H24904NBSR,2025,15444,SH0249,30.04995414,-95.61350373,1
102H24904SBSR,2025,14503,SH0249,30.04969411,-95.6146839,1
102H24905,2025,41578,SH0249,30.0855084,-95.63583089,1
102H24905NBSR,2025,14067,SH0249,30.085514,-95.635394,1
102H24905SBSR,2025,13260,SH0249,30.085438,-95.63627,1
102H24906,2025,35210,SH0249,30.095993,-95.636242,1
102H24906NBSR,2025,15266,SH0249,30.096079,-95.63582,1
102H24906SBSR,2025,18117,SH0249,30.095904,-95.636681,1
102H24A,2025,132101,US0290,29.974174,-95.701785,1
102H24AEBSR,2025,6691,US0290,29.97354,-95.700905,1
102H24AWBSR,2025,18251,US0290,29.974698,-95.702508,1
102H24C,2025,7198,BU0290L,29.971782,-95.701387,1
102H24D,2025,5783,BU0290L,29.96527,-95.691966,1
102H24EBSR,2025,6839,US0290,29.979846,-95.719882,1
102H24T,2025,64730,TL0000,29.832528,-95.355337,1
102H24TNBSR,2025,7946,-,29.832829,-95.354954,1
102H24TSBSR,2025,8751,HARDY ST,29.832216,-95.355663,1
102H24WBSR,2025,8812,US0290,29.979955,-95.718261,1
102H25,2025,49489,FM1960,29.941385,-95.570839,1
102H250T,2025,65689,SH0099,29.85372,-95.756312,1
102H251T,2025,56185,SH0099,29.963065,-95.769687,1
102H252T,2025,47413,SH0099,30.024657,-95.766453,1
102H253T,2025,57630,SH0099,30.052248,-95.640576,1
102H254T,2025,82997,SH0099,30.067852,-95.56344,1
102H255T,2025,81238,SH0099,30.093553,-95.482285,1
102H256T,2025,66054,SH0099,30.092597,-95.422204,1
102H26,2025,108720,SH0249,30.010289,-95.588942,1
102H260,2025,20785,UA0090,29.713818,-95.315927,1
102H261,2025,15637,OLD GALVESTON RD,29.534985,-95.115575,1
102H262,2025,26898,FM2920,30.089376,-95.639137,1
102H263,2025,18572,FM0865,29.609544,-95.355444,1
102H265,2025,32537,FM0529,29.875296,-95.754836,1
102H266,2025,42413,SH0006,29.832274,-95.645647,1
102H267,2025,39763,FM0529,29.879618,-95.604457,1
102H268,2025,41725,FM0529,29.879527,-95.610723,1
102H269,2025,26975,FM0529,29.875236,-95.759738,1
102H26A,2025,54394,SH0249,30.063134,-95.620623,1
102H26ANBSR,2025,21612,SH0249,30.063286,-95.62022,1
102H26ASBSR,2025,17456,SH0249,30.063003,-95.62102,1
102H26NBSR,2025,24744,SH0249,30.011184,-95.588866,1
102H26SBSR,2025,29540,SH0249,30.011815,-95.590423,1
102H270,2025,54522,FM1960,29.932101,-95.586302,1
102H271,2025,40774,FM1960,29.974945,-95.521807,1
102H272,2025,52778,FM1960,30.004685,-95.468183,1
102H273,2025,56434,FM1960,30.00758199,-95.46275,1
102H274,2025,29775,UA0090,29.776223,-95.291519,1
102H275,2025,15421,UA0090,29.702343,-95.35848699,1
102H276,2025,23267,UA0090,29.69868799,-95.38765799,1
102H277,2025,20750,UA0090,29.69459399,-95.405395,1
102H278,2025,62831,SH0006,29.73659399,-95.64407,1
102H279,2025,77252,SHNASA,29.52729501,-95.11534667,1
102H27T,2025,180789,TL0008,29.939786,-95.424266,1
102H280,2025,56144,FM1960,30.01237966,-95.3353989,1
102H281,2025,29965,FM0529,29.87969083,-95.72550678,1
102H282,2025,40426,FM0529,29.87893962,-95.67675802,1
102H283,2025,58564,SH0006,29.69804513,-95.64388825,1
102H284,2025,62142,SH0006,29.72421946,-95.64400672,1
102H285,2025,56668,SH0006,29.9008314,-95.6350966,1
102H286,2025,49536,SH0006,29.8849981,-95.64468626,1
102H287,2025,56578,SH0006,29.90437827,-95.63282151,1
102H288,2025,46457,SH0006,29.86545209,-95.64516933,1
102H28801,2025,158959,SH0288,29.634169,-95.387064,1
102H28802,2025,169758,SH0288,29.663594,-95.385434,1
102H28803,2025,165936,SH0288,29.69128,-95.377926,1
102H28804,2025,128000,SH0288,29.738299,-95.367424,1
102H289,2025,22747,UA0090,29.69542162,-95.40204443,1
102H28EBSR,2025,15854,FM1960,29.95866384,-95.5494296,1
102H28T,2025,133627,TL0008,29.940313,-95.286164,1
102H28WBSR,2025,19173,FM1960,29.959032,-95.549802,1
102H290,2025,15948,UA0090,29.69206689,-95.4152802,1
102H29003,2025,119892,US0290,29.967246,-95.69081,1
102H29003EBSR,2025,20755,US 290,29.967349,-95.691302,1
102H29003WBSR,2025,25473,US 290,29.967178,-95.690335,1
102H291,2025,9831,UA0090,29.70383923,-95.34934879,1
102H292,2025,11439,UA0090,29.70535706,-95.34540889,1
102H293,2025,27484,UA0090,29.72807724,-95.30980536,1
102H294,2025,16788,UA0090,29.74247055,-95.30282434,1
102H294NBDR,2025,2432,UA0090,29.742153,-95.301858,1
102H294SBDR,2025,14356,UA0090,29.742748,-95.303885,1
102H295,2025,32698,UA0090,29.76944178,-95.29316229,1
102H296,2025,36015,SHNASA,29.56672746,-95.06139438,1
102H297,2025,53858,FM1960,29.95197716,-95.55765169,1
102H298,2025,50359,SH0249,29.92627543,-95.50239803,1
102H299NBSR,2025,5000,SH0146,29.57390327,-95.02722156,1
102H299SBSR,2025,4000,SH0146,29.57378745,-95.02783476,1
102H29AEBSR,2025,25341,SL0008,29.936542,-95.513318,1
102H29AWBSR,2025,25538,SL0008,29.937468,-95.514162,1
102H29BEBSR,2025,29476,SL0008,29.936281,-95.521,1
102H29BWBSR,2025,29354,SL0008,29.937224,-95.522584,1
102H29CNBSR,2025,5267,SH0249,29.93607,-95.514269,1
102H29CSBSR,2025,5212,SH0249,29.935487,-95.515031,1
102H29T,2025,65736,TL0008,29.932227,-95.206669,1
102H2T,2025,123298,TL0000,29.629214,-95.521325,1
102H30,2025,24517,FM1960,29.961921,-95.546107,1
102H300,2025,60375,SH0006,29.81188479,-95.64530188,1
102H301,2025,16855,FM1876,29.6849153,-95.61438886,1
102H302T,2025,36642,SH0099,30.07882814,-95.54081422,1
102H305,2025,5129,FRANKLIN ,29.75853929,-95.35275012,1
102H306,2025,15611,MAIN ,29.72704309,-95.38858373,1
102H30EBSR,2025,12754,FM1960,29.96167,-95.54599,1
102H30T,2025,49263,SAM HOUSTON PKWY,29.85018,-95.186969,1
102H30WBSR,2025,16472,FM1960,29.962041,-95.546297,1
102H31,2025,49353,FM1960,29.987417,-95.499157,1
102H318,2025,21000,UA0090,29.70042315,-95.37865681,1
102H319,2025,11000,UA0090,29.77941092,-95.28407523,1
102H31T,2025,52470,TL0008,29.841023,-95.183876,1
102H32,2025,40826,FM1960,29.988438,-95.497344,1
102H33,2025,52731,FM1960,30.0185,-95.438231,1
102H33001,2025,47743,SS0330,29.77174593,-95.01473459,1
102H33001NBSR,2025,7638,SS 330,29.77197688,-95.01435908,1
102H33001SBSR,2025,7377,SS 330,29.77152242,-95.01520559,1
102H334,2025,1000,PR0138,29.855194,-95.15902,1
102H33EBSR,2025,13839,FM1960,30.02053495,-95.43084463,1
102H33WBSR,2025,18213,FM1960,30.0209739,-95.43100645,1
102H34,2025,199643,IH0045,30.0148273,-95.428193,1
102H34AEBSR,2025,8522,SL0008,29.939621,-95.423323,1
102H34AWBSR,2025,8485,SL0008,29.940376,-95.42352,1
102H34NBSR,2025,29253,IH0045,30.015292,-95.427768,1
102H34SBSR,2025,25370,IH0045,30.013727,-95.42859,1
102H34T,2025,62139,TL0008,29.597696,-95.377872,1
102H35,2025,25075,FM1960,30.021813,-95.427118,1
102H351,2025,174435,IH0610,29.678738,-95.404088,1
102H35EBSR,2025,4619,FM1960,30.02597761,-95.40645326,1
102H35T,2025,84152,TL0008,29.597062,-95.397812,1
102H35WBSR,2025,6780,FM1960,30.02653132,-95.4062336,1
102H36,2025,44344,FM1960,30.020544,-95.381815,1
102H36A,2025,51179,FM1960,30.026898,-95.402811,1
102H36AEBSR,2025,8121,FM1960,30.02680828,-95.40203712,1
102H36AWBSR,2025,7640,FM1960,30.02726756,-95.40177923,1
102H36T,2025,65033,TL00015,29.92466,-95.377998,1
102H37,2025,139888,TL0000,29.939184,-95.335416,1
102H37EBSR,2025,17749,SL0008,29.93882037,-95.33443746,1
102H37T,2025,71489,TL0015,29.981782,-95.39343,1
102H37WBSR,2025,26484,SL0008,29.939501,-95.336417,1
102H38,2025,169484,TL0008,29.939367,-95.313829,1
102H38AEBSR,2025,8683,SL0008,29.93982,-95.286673,1
102H38AWBSR,2025,9496,SL0008,29.940863,-95.28684,1
102H38EBSR,2025,7977,SL0008,29.939036,-95.31335,1
102H38WBSR,2025,5561,SL0008,29.93968463,-95.31499392,1
102H39,2025,21908,BF1960A,30.001559,-95.278448,1
102H39T,2025,73141,TL0015,29.952896,-95.383754,1
102H3T,2025,136107,TL0000,29.63769378,-95.53149398,1
102H4,2025,11786,FM2920,30.069593,-95.77798,1
102H40,2025,11436,BF1960A,30.002189,-95.305693,1
102H41,2025,58280,FM1960,30.005478,-95.314146,1
102H42,2025,46425,FM1960,30.004438,-95.30584,1
102H42T,2025,124396,TL0008,29.649947,-95.546007,1
102H43,2025,53022,FM1960,30.004966,-95.275421,1
102H44A,2025,148670,IH0069,30.0024903,-95.26914964,1
102H44ANBSR,2025,9882,IH0069,30.002055,-95.268788,1
102H44ASBSR,2025,21045,IH0069,30.001869,-95.269945,1
102H45,2025,198968,IH0069,29.958717,-95.28747,1
102H4501,2025,190912,IH0045,29.528473,-95.130563,1
102H4501NBSR,2025,13256,IH0045,29.528054,-95.129471,1
102H4501SBSR,2025,14297,IH0045,29.527516,-95.130246,1
102H4502,2025,213844,IH0045,29.555052,-95.155675,1
102H4502NBSR,2025,17864,IH0045,29.555377,-95.155127,1
102H4502SBSR,2025,19193,IH0045,29.554783,-95.155876,1
102H4503,2025,204409,IH0045,29.591479,-95.189835,1
102H4503NBSR,2025,30149,IH0045,29.591661,-95.189379,1
102H4503SBSR,2025,23759,IH0045,29.591353,-95.190334,1
102H4504,2025,231469,IH0045,29.600858,-95.199587,1
102H4504NBSR,2025,18076,IH0045,29.601085,-95.1993,1
102H4504SBSR,2025,18541,IH0045,29.600627,-95.199901,1
102H4505,2025,163112,IH0045,29.659603,-95.256061,1
102H4505NBSR,2025,25033,IH0045,29.659671,-95.255618,1
102H4505SBSR,2025,23623,IH0045,29.659414,-95.256402,1
102H4506,2025,211104,IH0045,29.676525,-95.268711,1
102H4506NBSR,2025,9011,IH0045,29.676704,-95.26836,1
102H4506SBSR,2025,8423,IH0045,29.676294,-95.269078,1
102H4507,2025,194672,IH0045,29.704304,-95.299071,1
102H4507NBSR,2025,4870,IH0045,29.704502,-95.298907,1
102H4507SBSR,2025,10317,IH0045,29.704027,-95.299213,1
102H4508,2025,216036,IH0045,29.723803,-95.330201,1
102H4508NBSR,2025,6642,IH0045,29.724041,-95.329992,1
102H4508SBSR,2025,2442,IH0045,29.723516,-95.330386,1
102H4510,2025,201319,IH0045,29.792608,-95.371727,1
102H4510NBSR,2025,7279,IH0045,29.79261,-95.371252,1
102H4510SBSR,2025,8628,IH0045,29.792578,-95.372084,1
102H4512,2025,206319,IH0045,29.839529,-95.388833,1
102H4512NBSR,2025,17673,IH0045,29.839624,-95.388482,1
102H4512SBSR,2025,16248,IH0045,29.839401,-95.389147,1
102H4513,2025,230980,IH0045,29.90105,-95.412324,1
102H4513A,2025,271938,IH0045,29.958951,-95.418478,1
102H4513ANBSR,2025,8000,IH0045,29.958945,-95.417951,1
102H4513ASBSR,2025,7066,IH0045,29.958956,-95.418998,1
102H4513NBSR,2025,15672,IH0045,29.901094,-95.411914,1
102H4513SBSR,2025,15188,IH0045,29.901099,-95.412724,1
102H4514,2025,265446,IH0045,29.967558,-95.419549,1
102H4514NBSR,2025,14958,IH0045,29.967616,-95.419042,1
102H4514SBSR,2025,16539,IH0045,29.967616,-95.420126,1
102H4515,2025,261101,IH0045,29.992094,-95.424459,1
102H4515NBSR,2025,8530,IH0045,29.992194,-95.423952,1
102H4515SBSR,2025,8805,IH0045,29.992013,-95.424918,1
102H4516,2025,199643,IH0045,30.022384,-95.428937,1
102H4516NBSR,2025,24644,IH0045,30.022556,-95.428438,1
102H4516SBSR,2025,24905,IH0045,30.02247,-95.429498,1
102H4517,2025,217751,IH0045,30.054466,-95.432195,1
102H4517NBSR,2025,13939,IH0045,30.054452,-95.431664,1
102H4517SBSR,2025,12419,IH0045,30.053916,-95.432611,1
102H4518,2025,174174,IH0045,30.081214,-95.437034,1
102H4518NBSR,2025,29623,IH0045,30.080056,-95.436491,1
102H4518SBSR,2025,36528,IH0045,30.081123,-95.437396,1
102H45NBSR,2025,16590,IH0069,29.958839,-95.286831,1
102H45SBSR,2025,14131,IH0069,29.959624,-95.287645,1
102H46,2025,42490,FM1960,30.00497,-95.263025,1
102H46EBSR,2025,277,FM1960,30.00461982,-95.26163711,1
102H46WBSR,2025,259,FM1960,30.00540777,-95.26146341,1
102H47,2025,11151,BF1960A,29.999983,-95.265646,1
102H48,2025,9277,BF1960A,29.999197,-95.251392,1
102H49,2025,41694,FM1960,30.001601,-95.248484,1
102H4T,2025,167854,TL0000,29.655007,-95.552083,1
102H5,2025,17507,FM2920,30.079451,-95.703477,1
102H50,2025,47167,FM1960,29.99927,-95.239783,1
102H51,2025,34959,FM1960,29.998234,-95.168156,1
102H52,2025,36447,FM1960,30.000384,-95.158062,1
102H53,2025,30343,FM1960,30.022107,-95.091825,1
102H54,2025,14661,FM2100,30.025286,-95.089132,1
102H55,2025,16843,FM2100,30.042648,-95.089347,1
102H56,2025,12178,FM1960,30.026767,-95.079651,1
102H57,2025,19853,FM2100,30.020787,-95.090573,1
102H58,2025,21829,FM2100,29.944228,-95.075377,1
102H59,2025,26903,US0090,29.938893,-95.02887,1
102H5T,2025,182169,TL0000,29.672085,-95.560402,1
102H6,2025,25832,FM2920,30.079569,-95.666113,1
102H61,2025,44503,FM0529,29.879151,-95.64792,1
102H61001,2025,206693,IH0610,29.812769,-95.421575,1
102H61001EBSR,2025,10912,IH0610,29.812329,-95.421626,1
102H61001WBSR,2025,8202,IH0610,29.813158,-95.42147,1
102H61002,2025,187605,IH0610,29.813839,-95.367348,1
102H61002EBSR,2025,2507,IH0610,29.813529,-95.367308,1
102H61002WBSR,2025,3397,IH0610,29.814176,-95.367453,1
102H61003,2025,192763,IH0610,29.810629,-95.344361,1
102H61004,2025,141533,IH0610,29.80014,-95.276405,1
102H61004NBSR,2025,15895,IH0610,29.79977,-95.275142,1
102H61005,2025,178650,IH0610,29.765245,-95.265399,1
102H61006,2025,176318,IH0610,29.691062,-95.327373,1
102H61006EBSR,2025,6647,IH0610,29.690626,-95.327183,1
102H61006WBSR,2025,6044,IH0610,29.691451,-95.327671,1
102H61007,2025,115841,IH0610,29.677737,-95.418347,1
102H61007EBSR,2025,37549,IH0610,29.677339,-95.41806,1
102H61007WBSR,2025,26164,IH0610,29.678112,-95.418409,1
102H61008,2025,223634,IH0610,29.739621,-95.458434,1
102H61008NBSR,2025,20804,IH0610,29.739005,-95.458109,1
102H61008SBSR,2025,16515,IH0610,29.739662,-95.458887,1
102H61A,2025,39089,FM0529,29.879898,-95.688331,1
102H62,2025,44798,SH0006,29.877967,-95.645345,1
102H62A,2025,47340,SH0006,29.837624,-95.645697,1
102H63,2025,37171,FM0529,29.879203,-95.643225,1
102H64,2025,53359,SH0006,29.91371,-95.622346,1
102H64EBSR,2025,4798,SH0006,29.91354,-95.622112,1
102H64WBSR,2025,2475,SH0006,29.913912,-95.62238,1
102H65A,2025,132244,US0290,29.921115,-95.620269,1
102H65AEBSR,2025,5950,US0290,29.92078,-95.620569,1
102H65AWBSR,2025,27396,US0290,29.921261,-95.619846,1
102H66A,2025,36632,FM1960,29.917436,-95.614232,1
102H66AEBSR,2025,12553,FM1960,29.918394,-95.61185,1
102H66AWBSR,2025,13560,FM1960,29.91872,-95.612002,1
102H67A,2025,139264,US0290,29.909825,-95.611378,1
102H67AEBSR,2025,9054,US0290,29.909414,-95.611641,1
102H67AWBSR,2025,20420,US0290,29.909518,-95.61068,1
102H68,2025,198095,US0290,29.881357,-95.571642,1
102H68AEBSR,2025,9288,US0290,29.876174,-95.562857,1
102H68AWBSR,2025,14361,US0290,29.877085,-95.562378,1
102H68EBSR,2025,11047,US0290,29.88074,-95.571349,1
102H68WBSR,2025,13163,US0290,29.881396,-95.570796,1
102H69,2025,36739,FM0529,29.88028,-95.57771,1
102H6901,2025,214000,IH0069,29.650561,-95.569193,1
102H6901NBSR,2025,16443,IH0069,29.650298,-95.568755,1
102H6901SBSR,2025,17148,IH0069,29.650801,-95.569588,1
102H6902,2025,205184,IH0069,29.702383,-95.515422,1
102H6902NBSR,2025,12241,IH0069,29.702147,-95.515121,1
102H6902SBSR,2025,12609,IH0069,29.702583,-95.515724,1
102H6903,2025,245720,IH0069,29.73056,-95.422605,1
102H6903EBSR,2025,37000,IH0069,29.730209,-95.422571,1
102H6903WBSR,2025,36000,IH0069,29.730952,-95.422596,1
102H6904,2025,175025,IH0069,29.73284,-95.37633,1
102H6904A,2025,170000,IH0069,29.74001,-95.366119,1
102H6904ANBSR,2025,8539,IH0069,29.739649,-95.36551,1
102H6904ASBSR,2025,5949,IH0069,29.740337,-95.36671,1
102H6905,2025,168997,IH0069,29.751421,-95.35699,1
102H6905NBSR,2025,13658,IH0069,29.751312,-95.356728,1
102H6906,2025,179644,IH0069,29.798089,-95.339821,1
102H6906NBSR,2025,5781,IH0069,29.798106,-95.339289,1
102H6906SBSR,2025,4249,IH0069,29.798146,-95.34035,1
102H6908,2025,201538,IH0069,29.931756,-95.299361,1
102H6908NBSR,2025,442,IH0069,29.931708,-95.298821,1
102H6908SBSR,2025,12554,IH0069,29.931813,-95.299957,1
102H6909,2025,139385,IH0069,30.011558,-95.265107,1
102H6909NBSR,2025,32153,IH0069,30.011405,-95.26462,1
102H6909SBSR,2025,22722,IH0069,30.011652,-95.265579,1
102H6910,2025,160737,IH0069,30.027148,-95.258548,1
102H6911,2025,200982,IH0069,29.7182,-95.497534,1
102H6911NBSR,2025,20065,IH0069,29.717978,-95.497241,1
102H6911SBSR,2025,17040,IH0069,29.718277,-95.498009,1
102H6912,2025,202000,IH0069,29.654411,-95.565056,1
102H6912NBSR,2025,22329,IH0069,29.654306,-95.564611,1
102H6912SBSR,2025,27500,IH0069,29.654533,-95.565506,1
102H69ANBSR,2025,25494,SL0008,29.865381,-95.563518,1
102H69ASBSR,2025,21585,SL0008,29.864541,-95.564252,1
102H69BNBSR,2025,21512,SL0008,29.875362,-95.55076,1
102H69BSBSR,2025,19586,SL0008,29.876173,-95.551381,1
102H69CNBSR,2025,19068,SL0008,29.84742,-95.563402,1
102H69CSBSR,2025,19169,SL0008,29.849229,-95.564304,1
102H6T,2025,184338,TL0000,29.73379,-95.557597,1
102H7,2025,29796,FM2920,30.089402,-95.633705,1
102H70B,2025,200687,US0290,29.860397,-95.526038,1
102H70BEBSR,2025,16226,US0290,29.859778,-95.525601,1
102H70BWBSR,2025,15073,US0290,29.860971,-95.526264,1
102H70C,2025,181224,US0290,29.842675,-95.494495,1
102H70CEBSR,2025,15805,US0290,29.842823,-95.495395,1
102H70CWBSR,2025,22018,US0290,29.842758,-95.493874,1
102H71,2025,45562,SH0249,29.918439,-95.491548,1
102H74A,2025,31057,SS0261,29.850356,-95.411843,1
102H75,2025,31997,SS0261,29.873091,-95.412439,1
102H75NBSR,2025,4953,SS0261,29.873194,-95.412223,1
102H75SBSR,2025,11012,SS0261,29.87295,-95.41263,1
102H76,2025,214258,IH0045,29.87107,-95.408434,1
102H76NBSR,2025,12202,IH0045,29.871668,-95.408327,1
102H76SBSR,2025,6684,IH0045,29.870394,-95.408418,1
102H77,2025,210631,IH0045,29.854618,-95.399281,1
102H77A,2025,229039,IH0045,29.824286,-95.379968,1
102H77ANBSR,2025,10672,IH0045,29.824708,-95.379666,1
102H77ASBSR,2025,10746,IH0045,29.824363,-95.3804,1
102H77C,2025,213495,IH0045,29.80862,-95.373485,1
102H77CNBSR,2025,2011,IH0045,29.808688,-95.372999,1
102H77CSBSR,2025,1858,IH0045,29.808227,-95.373783,1
102H77NBSR,2025,15697,IH0045,29.855159,-95.399214,1
102H77SBSR,2025,16553,IH0045,29.854528,-95.399617,1
102H78,2025,222622,IH0045,29.880902,-95.41198,1
102H78NBSR,2025,10169,IH0045,29.88142,-95.411543,1
102H78SBSR,2025,13637,IH0045,29.880373,-95.412313,1
102H79,2025,43188,SH0249,29.898165,-95.416794,1
102H7T,2025,186145,TL0000,29.776468,-95.562868,1
102H8,2025,25273,BS0249B,30.082991,-95.630817,1
102H80,2025,41958,SH0249,29.897572,-95.458229,1
102H801NBSR,2025,15830,SL0008,29.823747,-95.563231,1
102H801SBSR,2025,16782,SL0008,29.823705,-95.564279,1
102H801T,2025,159089,TL0000,29.8236,-95.563754,1
102H802NBSR,2025,16200,SL0008,29.896228,-95.549219,1
102H802SBSR,2025,26591,SL0008,29.896112,-95.549939,1
102H802T,2025,136989,TL0000,29.896137,-95.549565,1
102H803EBSR,2025,21956,SL0008,29.937336,-95.467944,1
102H803T,2025,140794,TL0000,29.937668,-95.468118,1
102H803WBSR,2025,21846,SL0008,29.937949,-95.468024,1
102H804EBSR,2025,9285,SL0008,29.939362,-95.399137,1
102H804T,2025,177730,TL0000,29.939513,-95.398233,1
102H804WBSR,2025,8764,SL0008,29.939962,-95.39845,1
102H805EBSR,2025,26569,SL0008,29.933993,-95.239416,1
102H805T,2025,78721,TL0000,29.934353,-95.239215,1
102H805WBSR,2025,26364,SL0008,29.934613,-95.239033,1
102H806NBSR,2025,16901,SL0008,29.893986,-95.20253,1
102H806SBSR,2025,19351,SL0008,29.893941,-95.20359,1
102H806T,2025,62096,TL0000,29.893929,-95.203029,1
102H807NBSR,2025,31000,SL0008,29.68809,-95.557165,1
102H807SBSR,2025,30000,SL0008,29.68844,-95.558126,1
102H807T,2025,149894,TL0000,29.688442,-95.557608,1
102H808NBSR,2025,12943,SL0008,29.61866,-95.502648,1
102H808SBSR,2025,24788,SL0008,29.617772,-95.502527,1
102H808T,2025,120892,TL0000,29.618404,-95.50305,1
102H809EBSR,2025,16230,SL0008,29.596508,-95.456121,1
102H809T,2025,104060,TL0000,29.596846,-95.456193,1
102H809WBSR,2025,16984,SL0008,29.597133,-95.455901,1
102H81,2025,247146,IH0045,29.925986,-95.412108,1
102H810NBSR,2025,14553,SL0008,29.688228,-95.153147,1
102H810SBSR,2025,9791,SL0008,29.688256,-95.153904,1
102H810T,2025,64035,TL0000,29.688184,-95.153579,1
102H811NBSR,2025,15659,SL0008,29.640721,-95.158959,1
102H811SBSR,2025,15932,SL0008,29.641012,-95.160053,1
102H811T,2025,74343,TL0000,29.640932,-95.159487,1
102H81ANBSR,2025,27531,IH0045,29.945161,-95.414976,1
102H81ASBSR,2025,22801,IH0045,29.944244,-95.415724,1
102H81NBSR,2025,14757,IH0045,29.926442,-95.41164,1
102H81SBSR,2025,32024,IH0045,29.925291,-95.412538,1
102H82,2025,32324,FM0525,29.931706,-95.407933,1
102H82A,2025,29568,FM0525,29.932677,-95.380315,1
102H83,2025,19294,FM0525,29.930365,-95.346926,1
102H84,2025,13797,FM0525,29.92835,-95.30286,1
102H85,2025,201413,IH0069,29.918379,-95.306907,1
102H85NBSR,2025,17374,IH0069,29.918424,-95.306305,1
102H85SBSR,2025,17117,IH0069,29.918005,-95.307713,1
102H86NBSR,2025,7075,IH0069,29.873667,-95.327535,1
102H86SBSR,2025,8913,IH0069,29.873457,-95.328719,1
102H87A,2025,228618,IH0069,29.820164,-95.335284,1
102H87ANBSR,2025,3656,IH0069,29.82022,-95.334818,1
102H87ASBSR,2025,2408,IH0069,29.820347,-95.335785,1
102H89ANBSR,2025,18846,TL0008,29.932021,-95.205638,1
102H89ASBSR,2025,20191,TL0008,29.931446,-95.206477,1
102H8A,2025,49183,SH0249,30.069366,-95.626183,1
102H8ANBSR,2025,9666,SH0249,30.069688,-95.625917,1
102H8ASBSR,2025,9606,SH0249,30.069136,-95.626459,1
102H8T,2025,156030,TL0000,29.796861,-95.563501,1
102H9,2025,11163,BS0249B,30.09051,-95.632807,1
102H90,2025,12500,BU0090U,29.831328,-95.2133,1
102H9001,2025,74102,US0090,29.79199158,-95.23472944,1
102H9002,2025,61611,US0090,29.80998413,-95.21319989,1
102H91,2025,20268,FM0526,29.831034,-95.20996,1
102H92,2025,13367,BU0090U,29.83309,-95.209121,1
102H93,2025,13227,BU0090U,29.842351,-95.186972,1
102H93ANBSR,2025,22827,TL0008,29.848995,-95.186405,1
102H93ASBSR,2025,27681,TL0008,29.849402,-95.187471,1
102H93BNBSR,2025,23533,TL0008,29.841785,-95.183903,1
102H93BSBSR,2025,26118,TL0008,29.841261,-95.18463,1
102H93C,2025,28007,US0090,29.83033078,-95.18105706,1
102H93CEBSR,2025,16214,US0090,29.829381,-95.181372,1
102H93CWBSR,2025,8510,US0090,29.831292,-95.180929,1
102H93D,2025,50148,US0090,29.836726,-95.166238,1
102H93DNBSR,2025,5940,US0090,29.836518,-95.165344,1
102H93DSBSR,2025,2049,US0090,29.837003,-95.166996,1
102H94,2025,36482,FM2100,29.890206,-95.063317,1
102H94A,2025,5195,BU0090U,29.875804,-95.096066,1
102H94B,2025,10010,BU0090U,29.843852,-95.183558,1
102H95NBSR,2025,530,FM2100,29.90845,-95.066736,1
102H95SBSR,2025,1265,FM2100,29.908171,-95.066864,1
102H96,2025,35978,FM2100,29.911788,-95.068956,1
102H96NBSR,2025,1288,FM2100,29.911719,-95.068769,1
102H96SBSR,2025,1740,FM2100,29.911844,-95.069128,1
102H97,2025,23042,US0090,29.892866,-95.05857,1
102H97NBSR,2025,1727,US0090,29.892939,-95.057951,1
102H97SBSR,2025,8239,US0090,29.89275,-95.059289,1
102H98,2025,20668,US0090,29.903933,-95.052209,1
102H98NBSR,2025,3341,US0090,29.903821,-95.051855,1
102H98SBSR,2025,5358,US0090,29.904155,-95.052512,1
102H99,2025,27912,FM1942,29.881404,-95.063159,1
102H9901,2025,98058,SH0099,29.7730559,-95.77731303,1
102H9901NBSR,2025,10071,SH0099,29.773063,-95.776773,1
102H9901SBSR,2025,14857,SH0099,29.773038,-95.77784,1
102H9902T,2025,56405,SH0099,29.98981554,-95.76925853,1
102H9903T,2025,51736,SH0099,29.932436,-95.763406,1
102H9904,2025,78166,SH0099,29.82491269,-95.76546753,1
102H99A,2025,40270,US0090,29.880015,-95.06802,1
102H99ANBSR,2025,47,US0090,29.878906,-95.068512,1
102H99ASBSR,2025,399,US0090,29.880326,-95.068694,1
102H9T,2025,132912,TL0000,29.864816,-95.563847,1
102HP1002,2025,29073,-,29.653677,-95.248742,1
102HP1003,2025,30475,KINGWOOD DR,30.04846,-95.214622,1
102HP1005,2025,8593,-,29.644058,-95.335985,1
102HP1006,2025,3853,-,29.875377,-95.410013,1
102HP1007,2025,1194,-,29.742227,-95.288216,1
102HP1010,2025,13313,-,29.641545,-95.443496,1
102HP1011,2025,12565,-,29.6427,-95.406989,1
102HP1012,2025,24368,-,29.643566,-95.385664,1
102HP1014,2025,17168,-,29.645247,-95.366921,1
102HP1015,2025,10215,-,29.647682,-95.355465,1
102HP1018,2025,16360,-,29.655516,-95.289412,1
102HP1019,2025,18903,AIRPORT,29.656186,-95.288077,1
102HP1020,2025,24942,-,29.652182,-95.25312,1
102HP1022,2025,12884,-,29.644251,-95.50724,1
102HP1026,2025,31296,-,29.552436,-95.123904,1
102HP1027,2025,33134,-,29.674141,-95.569211,1
102HP1028,2025,9337,-,29.674941,-95.574485,1
102HP1033,2025,24000,FC0000,29.682908,-95.2774,1
102HP1036,2025,9056,CLINTON,29.73974,-95.267681,1
102HP1037,2025,17844,CLINTON,29.737272,-95.263855,1
102HP1041,2025,25532,-,29.767632,-95.213226,1
102HP1043,2025,19538,-,29.752571,-95.212727,1
102HP1046,2025,12017,-,29.941918,-95.407508,1
102HP1047,2025,17888,-,29.826,-95.493994,1
102HP1048,2025,13114,-,29.808769,-95.470054,1
102HP1049,2025,10407,-,29.783025,-95.436765,1
102HP1050,2025,36000,-,29.725232,-95.501099,1
102HP1052,2025,16511,-,29.695451,-95.492999,1
102HP1053,2025,18463,-,29.676309,-95.493683,1
102HP1054,2025,15476,-,29.643439,-95.493199,1
102HP1055,2025,15108,-,29.632142,-95.493099,1
102HP1056,2025,15172,-,29.656198,-95.492038,1
102HP1059,2025,32662,KIRBY DR,29.733738,-95.418688,1
102HP1062,2025,526,-,29.809025,-95.291752,1
102HP1063,2025,19190,-,29.971458,-95.426254,1
102HP1064,2025,13749,-,29.864031,-95.426986,1
102HP1066,2025,14017,-,29.775437,-95.315202,1
102HP1069,2025,23708,-,29.722622,-95.392077,1
102HP1074,2025,23426,-,29.912471,-95.495839,1
102HP1076NBSR,2025,22346,S POST OAK RD,29.671354,-95.461349,1
102HP1076SBSR,2025,22519,S POST OAK RD,29.671328,-95.46184,1
102HP1077,2025,48602,-,29.660137,-95.463995,1
102HP1078,2025,42211,-,29.642015,-95.463626,1
102HP1079,2025,31278,-,29.627698,-95.465125,1
102HP1091,2025,1184,TIDAL,29.760667,-95.081688,1
102HP1093,2025,1586,FC0000,29.7873,-95.314585,1
102HP1096,2025,4927,WEBSTER,29.747269,-95.370764,1
102HP1098,2025,13234,WESCOTT,29.763458,-95.421617,1
102HP1099,2025,48563,FC0000,29.984837,-95.304726,1
102HP1100,2025,25912,WOODWAY,29.766664,-95.454929,1
102HP1103,2025,12257,RED BLUFF,29.718481,-95.210096,1
102HP1108,2025,34728,BELLAIRE,29.705768,-95.461063,1
102HP111,2025,45315,FC0000,29.54357,-95.135804,1
102HP1111,2025,14954,BARBOURS CUT,29.673129,-95.027182,1
102HP1112,2025,10091,BARBOURSCUT,29.673292,-95.017914,1
102HP1113,2025,14162,REDBLUFF,29.588778,-95.030622,1
102HP1118,2025,17000,FONDREN,29.625866,-95.507323,1
102HP1125,2025,31686,BINGLE,29.842058,-95.488856,1
102HP1126,2025,17877,BINGLE,29.827396,-95.492196,1
102HP1127,2025,18180,BINGLE RD,29.809706,-95.500868,1
102HP1134,2025,76704,JFK BLVD,29.984029,-95.342253,1
102HP1135,2025,73839,JFK BLVD,29.976258,-95.342564,1
102HP1135NBSR,2025,973,-,29.976411,-95.341375,1
102HP1136,2025,15889,JFK BLVD,29.937093,-95.331459,1
102HP1141,2025,14643,WMT HOUS,29.891226,-95.298889,1
102HP1147,2025,13606,VETERANS MEM,29.877159,-95.413191,1
102HP1148,2025,629,FC0000,29.713656,-95.1826,1
102HP1149,2025,4856,S SHAVER,29.716702,-95.211693,1
102HP1150,2025,7229,S SHAVER,29.709782,-95.211626,1
102HP1152,2025,8069,S SHAVER,29.689317,-95.210221,1
102HP1153,2025,18613,-,29.684714,-95.209007,1
102HP1155,2025,15050,S SHAVER,29.65039,-95.207942,1
102HP1165,2025,24321,BINGLE,29.785441,-95.499196,1
102HP1168,2025,30847,VOSS,29.760232,-95.500827,1
102HP1170,2025,15743,BINGLE,29.796277,-95.500426,1
102HP1172,2025,8127,BRAZOS,29.751061,-95.375908,1
102HP1176,2025,14701,MYKAWA,29.691,-95.325699,1
102HP1178,2025,13515,WALLISVILLE,29.79493,-95.245221,1
102HP1182,2025,5073,102AA9996,29.751732,-95.18414,1
102HP1185,2025,3801,HOPPER,29.879737,-95.365397,1
102HP1186,2025,5848,FRICK,29.922825,-95.480108,1
102HP1190,2025,16146,CR0000,29.648629,-95.097871,1
102HP1191,2025,15433,MORTON RD,29.814856,-95.717687,1
102HP1193,2025,10275,ELLA,29.94728,-95.433771,1
102HP1195,2025,2670,FURAY AVE,29.885335,-95.28708,1
102HP1197,2025,9240,WILL CLAYTON PKWY,29.98502686,-95.29583681,1
102HP1198,2025,14597,HUFSMITH-KOHRVILLE RD,30.096436,-95.594038,1
102HP1199,2025,634,DILLARD,29.879457,-95.564993,1
102HP1200,2025,20066,CYPRESS NORTH HOUSTON,29.95226,-95.606225,1
102HP1201,2025,7667,BOUDREAUX,30.08280949,-95.54546113,1
102HP1202,2025,6938,FALLBROOK DR,29.925313,-95.494391,1
102HP1206,2025,23951,CROSBY LYNCHBURG,29.875434,-95.06349,1
102HP1207,2025,11275,-,29.903592,-95.332434,1
102HP1208,2025,3182,-,29.89233399,-95.200248,1
102HP1209,2025,11222,CE KING PKWY,29.881326,-95.208455,1
102HP1210,2025,15976,-,29.84707899,-95.21413299,1
102HP1212,2025,8092,-,29.883163,-95.188772,1
102HP1214,2025,27056,-,29.86309899,-95.60717699,1
102HP1215,2025,11138,-,29.89161699,-95.27079999,1
102HP1216,2025,1579,-,29.725913,-95.07921699,1
102HP1217,2025,366,-,29.756111,-95.149819,1
102HP1218,2025,9142,-,30.066372,-95.41397799,1
102HP1220,2025,35205,-,30.063962,-95.440318,1
102HP1222,2025,18408,-,29.981652,-95.364954,1
102HP1223,2025,22919,ALDINE MAIL RD,29.902735,-95.324799,1
102HP1225,2025,55731,-,29.95122599,-95.674366,1
102HP1226,2025,13839,-,29.85070499,-95.59631899,1
102HP1227,2025,19682,CR0000,29.97393499,-95.68529999,1
102HP1228,2025,14278,MUESCHKE,30.020727,-95.725083,1
102HP1229,2025,13000,BAUER RD,30.005292,-95.779097,1
102HP1231,2025,14190,-,29.988827,-95.732938,1
102HP1232,2025,3473,PORT RD,29.60372,-95.032947,1
102HP1233,2025,15429,CR0000,29.599944,-95.368002,1
102HP1234,2025,2721,-,29.784613,-95.01727799,1
102HP1235,2025,3999,CR0000,29.782572,-95.10309,1
102HP1236,2025,31722,-,29.97357299,-95.17162999,1
102HP1237,2025,15991,-,29.789327,-95.140362,1
102HP1240,2025,12871,-,30.043729,-95.659812,1
102HP1241,2025,2839,SCHIEL RD,30.027679,-95.777847,1
102HP1242,2025,6301,BAUER RD,30.064753,-95.781532,1
102HP1243,2025,13658,CR0000,29.988653,-95.718456,1
102HP1244,2025,6019,CR0000,29.903633,-95.155977,1
102HP1245,2025,11790,-,29.933735,-95.249545,1
102HP1246,2025,10019,-,29.903062,-95.46879,1
102HP1247,2025,21298,-,29.853278,-95.188634,1
102HP1248,2025,3019,-,29.973277,-95.08831799,1
102HP1250,2025,5092,-,29.838854,-95.21472499,1
102HP1251,2025,9873,BELKNAP,29.674609,-95.62317,1
102HP1252,2025,28082,ELDRIDGE,29.877261,-95.608489,1
102HP1253,2025,24442,CR0000,29.989455,-95.721176,1
102HP1254,2025,21356,CYPRESSWOOD,29.98045,-95.569132,1
102HP1255,2025,19105,AIRLINE,29.860016,-95.384683,1
102HP1256,2025,4077,LAKE HOUSTON,29.893279,-95.186963,1
102HP1257,2025,1236,LAKE HOUSTON PKWY,29.89624299,-95.200174,1
102HP1260,2025,3073,CR0000,29.78630599,-95.027731,1
102HP1261,2025,19307,QUEENSTON,29.898206,-95.668949,1
102HP1262,2025,25592,STUEBNER AIRLINE,30.068973,-95.54926599,1
102HP1266,2025,9282,CLINTON,29.743384,-95.27327199,1
102HP1267,2025,11506,IMPERIAL,29.964705,-95.402243,1
102HP1268,2025,603,REGIONAL PARK DR,29.95902499,-95.390771,1
102HP1269,2025,19502,WESTHEIMER,29.72560799,-95.707914,1
102HP1271,2025,20312,SILBER,29.785489,-95.468019,1
102HP1273,2025,1731,MAIN,29.757894,-95.364177,1
102HP1274,2025,331,S MAC GREGOR,29.711222,-95.338195,1
102HP1275,2025,8057,LEE,29.940939,-95.303495,1
102HP1277,2025,6809,HOLLISTER,29.83176,-95.509285,1
102HP1279,2025,1200,HALL,29.602999,-95.279196,1
102HP1280,2025,12308,LAKE HOUSTON,30.079403,-95.192102,1
102HP1283,2025,328,WAKEFIELD,29.8243,-95.447079,1
102HP1284,2025,1689,SCHURMIER RD,29.607778,-95.35204299,1
102HP1285,2025,13643,WOODLAND HILLS,30.066539,-95.211352,1
102HP1286,2025,33091,LAKE HOUSTON,29.934455,-95.176301,1
102HP1287,2025,2426,TODVILLE RD,29.558186,-95.017148,1
102HP1288,2025,13492,SENATE AVE,29.873984,-95.563819,1
102HP1289,2025,5384,LUELLA,29.665753,-95.112998,1
102HP1291,2025,13394,TC JESTER BLVD,29.963795,-95.453633,1
102HP1292,2025,31069,KUYKENDAHL RD,30.106501,-95.547901,1
102HP1293,2025,9180,PEEK RD,29.770174,-95.77256,1
102HP1294,2025,13263,RICHMOND,29.729617,-95.62755,1
102HP1295,2025,7776,HARDY ST,29.910295,-95.375135,1
102HP1296,2025,2241,LAKESIDE DR,29.781057,-95.103046,1
102HP1297,2025,13666,N MAIN ST,29.854569,-95.058979,1
102HP1298,2025,6596,KINGS RIVER DR,30.017548,-95.177819,1
102HP1300,2025,20810,SPEARS RD,29.96463,-95.468316,1
102HP1301,2025,7323,HUGHES RD,29.584476,-95.238743,1
102HP1304,2025,12960,RED BLUFF RD,29.64901298,-95.12049351,1
102HP1305,2025,28068,SPENCER HWY,29.66583605,-95.14304325,1
102HP1306,2025,8987,BAY AREA BLVD,29.65706729,-95.04760526,1
102HP15,2025,464,-,29.802134,-95.356317,1
102HP155,2025,759,W 34TH,29.818309,-95.40308,1
102HP157,2025,507,-,29.823049,-95.637045,1
102HP158,2025,285,BELLEAU WOOD,30.007033,-95.220173,1
102HP160,2025,1334,FIRNAT,29.844926,-95.309288,1
102HP162,2025,508,-,29.601746,-95.255208,1
102HP164,2025,6078,LEY RD,29.830786,-95.260824,1
102HP165,2025,991,LIBERTY,29.798675,-95.290652,1
102HP18,2025,23,WOOSTER,29.752021,-95.030719,1
102HP19,2025,5775,EDDINGTON,29.730149,-95.333798,1
102HP211,2025,2660,SH0006,29.954305,-95.456144,1
102HP22,2025,7464,ERNESTINE,29.731307,-95.33567,1
102HP221,2025,823,LA BRANCH,29.733104,-95.377449,1
102HP226A,2025,19500,-,29.677593,-95.52695,1
102HP234,2025,1018,DOULTON,29.671904,-95.33547,1
102HP24,2025,13020,FANNIN,29.70249,-95.402476,1
102HP240,2025,1314,N MAIN,29.761805,-95.361105,1
102HP241,2025,258,FC0000,29.568959,-95.145422,1
102HP244,2025,3705,SAMPSON,29.754724,-95.336071,1
102HP255,2025,948,BROADWY,29.672713,-95.019423,1
102HP256,2025,5071,L  ST,29.680065,-95.074979,1
102HP266,2025,935,FC0000,29.826779,-95.616567,1
102HP277,2025,5769,LIBERTY,29.803661,-95.279093,1
102HP279,2025,14992,COOK,29.690995,-95.595925,1
102HP280,2025,11373,COOK,29.712579,-95.596344,1
102HP292,2025,404,WHITECAP DR,29.577329,-95.039526,1
102HP293,2025,8939,COLONIAL PKWY,29.793635,-95.779463,1
102HP294,2025,1600,N MAIN ,29.74986944,-95.37051852,1
102HP295,2025,552,DELANO ST,29.74204406,-95.35396109,1
102HP31,2025,970,S MACGREGOR,29.710542,-95.347179,1
102HP33,2025,12716,HUGHES,29.591528,-95.222787,1
102HP36,2025,14224,LOCKWOOD,29.807706,-95.317104,1
102HP4,2025,4334,MCKINNEY,29.746352,-95.347344,1
102HP49,2025,1343,MANSFIELD ST,29.85142,-95.430094,1
102HP5005,2025,23046,-,29.705708,-95.46882199,1
102HP5008,2025,2464,-,29.765505,-95.367963,1
102HP5009,2025,26979,FC0000,29.57288199,-95.10915899,1
102HP5272,2025,20886,OREM,29.62764,-95.388383,1
102HP5405,2025,37938,-,29.727838,-95.48419,1
102HP5517,2025,10793,-,29.799059,-95.316965,1
102HP5525A,2025,12051,-,29.78737299,-95.31593599,1
102HP5526,2025,10648,-,29.78262999,-95.44311299,1
102HP5613,2025,931,MARKET ST,29.772777,-95.317891,1
102HP5649,2025,10625,-,29.74491599,-95.302313,1
102HP5698,2025,14335,-,29.75459299,-95.373733,1
102HP58,2025,6385,WEBSTER,29.743692,-95.364874,1
102HP5856,2025,890,TELEPHONE,29.738568,-95.333033,1
102HP6106,2025,519,-,29.664633,-95.235995,1
102HP6169,2025,1969,-,29.75325699,-95.37421399,1
102HP6190,2025,4705,ATASCOCITA ,30.02079399,-95.157791,1
102HP6206,2025,38811,-,29.70370999,-95.58840399,1
102HP6208,2025,37336,-,29.704768,-95.514372,1
102HP6210,2025,24212,-,29.70559399,-95.47682299,1
102HP6221,2025,31930,-,29.675127,-95.585621,1
102HP6223,2025,43000,-,29.676033,-95.539724,1
102HP6243,2025,19208,-,29.67929499,-95.46263399,1
102HP6276,2025,21447,-,29.86550499,-95.52175999,1
102HP6281,2025,12087,FC0000,29.678398,-95.47666199,1
102HP6295,2025,5453,-,29.76229699,-95.35254899,1
102HP6332,2025,5111,-,29.803783,-95.35147599,1
102HP6333,2025,7376,-,29.76556799,-95.35086599,1
102HP6336,2025,4341,FC0000,29.732821,-95.38276199,1
102HP6404,2025,23598,-,29.706244,-95.405548,1
102HP6405,2025,21684,-,29.7051,-95.383641,1
102HP6443,2025,25696,-,29.87065899,-95.331142,1
102HP6475,2025,8366,FC0000,29.773313,-95.45496899,1
102HP6513,2025,11996,FC0000,29.841193,-95.51534,1
102HP6531,2025,4429,FONDEN MEADOW DR,29.649295,-95.52631,1
102HP6537,2025,18000,-,29.67020099,-95.241554,1
102HP6578,2025,20689,SPACE CENTER BLVD,29.649079,-95.143595,1
102HP6580,2025,30396,-,29.96584899,-95.420879,1
102HP6581,2025,198,-,29.656184,-95.45488799,1
102HP6600,2025,8995,TRAVIS ST,29.76307,-95.36141,1
102HP6670,2025,5978,-,29.709704,-95.20950899,1
102HP6676,2025,1716,-,29.71437499,-95.211193,1
102HP6682,2025,6126,-,29.71480799,-95.218425,1
102HP6809,2025,10462,CHOATE RD,29.619537,-95.036471,1
102HP6821,2025,22793,TOWNSEND BLVD,30.017423,-95.260124,1
102HP6828,2025,11127,FC0000,29.74781699,-95.370848,1
102HP6929,2025,3565,ASHLAND,29.79516454,-95.13100125,1
102HP6932,2025,1618,N BATTLE BELL RD,29.81216461,-95.02653187,1
102HP6953,2025,962,CHART DR,29.92400012,-95.09618521,1
102HP7,2025,1576,FRIENDLY,29.849732,-95.327576,1
102HP8027,2025,545,-,30.04548699,-95.20457399,1
102HP85A,2025,23588,-,29.865716,-95.492873,1
102S128,2025,76104,SH0006,29.770105,-95.643146,1
102S167,2025,28230,UA0090,29.754973,-95.295708,1
102S226,2025,223974,IH0069,29.85862,-95.333517,1
102S226NBSR,2025,10057,IH0069,29.858517,-95.332996,1
102S226SBSR,2025,8848,IH0069,29.858531,-95.334026,1
102SP125,2025,85889,IH0010,29.795118,-95.038222,1
102SP125EBSR,2025,2168,IH0010,29.795344,-95.03681,1
102SP125WBSR,2025,1886,IH0010,29.795235,-95.038885,1
102SP140,2025,295352,IH0069,29.72596,-95.471559,1
102SP140WBSR,2025,6678,IH0069,29.726506,-95.469779,1
102SP155,2025,154291,IH0010,29.777715,-95.276922,1
102SP155EBSR,2025,1248,IH0010,29.777309,-95.276979,1
102SP155WBSR,2025,2360,IH0010,29.778084,-95.276869,1
102SP156,2025,227693,IH0610,29.760382,-95.455653,1
102SP156NBSR,2025,15938,IH0610,29.760723,-95.455272,1
102SP156SBSR,2025,40185,IH0610,29.759524,-95.455952,1
102SP157,2025,197792,IH0610,29.81400534,-95.38724617,1
102SP157EBSR,2025,4052,IH0610,29.81371968,-95.38643429,1
102SP157WBSR,2025,2627,IH0610,29.81456151,-95.38810892,1
102SP166,2025,121533,IH0610,29.67857325,-95.4323166,1
102SP166EBSR,2025,21773,IH0610,29.678092,-95.431741,1
102SP166WBSR,2025,21922,IH0610,29.679023,-95.432629,1
102SP182,2025,162009,IH0610,29.7248,-95.26625834,1
102SP256,2025,26183,SH0035,29.603052,-95.286177,1
102SP258,2025,144525,SH0249,29.979434,-95.566627,1
102SP258NBSR,2025,15790,SH0249,29.979947,-95.566329,1
102SP258SBSR,2025,15281,SH0249,29.978924,-95.566936,1
102SP3,2025,120107,US0290,29.956442,-95.678358,1
102SP3EBSR,2025,18756,US0290,29.95553,-95.677669,1
102SP3WBSR,2025,26773,US0290,29.957571,-95.679383,1
102T1,2025,22612,FM2920,30.096964,-95.616564,1
102T132B,2025,197362,TL0000,29.760967,-95.557979,1
102T2,2025,23925,FM2920,30.097826,-95.614563,1
102T4,2025,9818,BF1960A,29.999144,-95.257825,1
102T5,2025,9800,BF1960A,29.999176,-95.25678,1
102T6,2025,30083,SH0146,29.565528,-95.026215,1
102T7,2025,38360,SH0146,29.561632,-95.025672,1
102T9,2025,29795,SHNASA,29.566551,-95.057283,1
102U1000,2025,10105,-,29.76488099,-95.315452,1
102U1019,2025,5541,-,29.76343,-95.31478199,1
102U1022,2025,7188,-,29.75074999,-95.324227,1
102U1030,2025,6965,-,29.75524,-95.291331,1
102U1064,2025,18098,-,29.79182299,-95.266803,1
102U1093,2025,25686,-,29.76624399,-95.21318499,1
102U1095,2025,21639,-,29.75980299,-95.21298599,1
102U1167,2025,1109,-,29.767385,-95.15569599,1
102U1170,2025,8420,-,29.75391599,-95.141234,1
102U1193,2025,4910,CR0000,29.7585,-95.123966,1
102U1194,2025,1349,-,29.756398,-95.106857,1
102U1214,2025,1920,INDEPENDENCE PKWY N,29.789041,-95.058099,1
102U1217A,2025,16806,CR0000,29.79642399,-95.05522399,1
102U1374,2025,25308,-,29.70396499,-95.643038,1
102U1412,2025,15331,ELDRIDGE PKWY SOUTH,29.691749,-95.622405,1
102U1414,2025,32634,-,29.70348799,-95.613423,1
102U1415,2025,35013,-,29.70349299,-95.603359,1
102U1465,2025,16147,-,29.716518,-95.55868099,1
102U1468,2025,39173,-,29.70444599,-95.55846399,1
102U1474,2025,39363,-,29.70372599,-95.58699999,1
102U1479,2025,11200,COOK ,29.688643,-95.595915,1
102U1494,2025,43568,-,29.704547,-95.55612,1
102U1523A,2025,40024,FC0000,29.705133,-95.52199899,1
102U1530,2025,33500,-,29.729059,-95.522218,1
102U1541,2025,32977,-,29.73603,-95.5009,1
102U1561,2025,24697,-,29.704018,-95.51184,1
102U1596,2025,30782,-,29.675761,-95.54382799,1
102U1602,2025,19632,-,29.64278999,-95.54062699,1
102U1603,2025,19534,FC0000,29.644787,-95.53818099,1
102U1606,2025,14693,-,29.64156699,-95.526178,1
102U1629,2025,22465,-,29.672399,-95.53295399,1
102U1635,2025,16480,-,29.67132999,-95.52729899,1
102U1642A,2025,21021,-,29.67581099,-95.50578699,1
102U1670,2025,32758,FC0000,29.72659299,-95.48417399,1
102U1676,2025,44956,-,29.717505,-95.5,1
102U1677,2025,42000,-,29.715676,-95.498014,1
102U1678A,2025,19072,-,29.706735,-95.49305099,1
102U1681,2025,13371,-,29.69370799,-95.49299399,1
102U1713,2025,26519,-,29.70576599,-95.458264,1
102U18,2025,16428,-,29.76733999,-95.372984,1
102U1851,2025,27962,FC0000,29.70615099,-95.41752899,1
102U1854,2025,26517,-,29.706099,-95.426769,1
102U1857,2025,25138,-,29.70597999,-95.43951299,1
102U1874,2025,28170,-,29.693601,-95.415038,1
102U1877,2025,26324,FC0000,29.69742999,-95.41201,1
102U1885,2025,19092,-,29.705164,-95.40589399,1
102U1921,2025,1996,-,29.74194499,-95.37679699,1
102U1927,2025,5852,-,29.740981,-95.366732,1
102U1943,2025,8219,-,29.731343,-95.383899,1
102U1944,2025,7576,FC0000,29.73166899,-95.38493599,1
102U1963,2025,31203,FC0000,29.711085,-95.40120199,1
102U1964,2025,30968,FC0000,29.706226,-95.40213399,1
102U1969,2025,12327,-,29.70013,-95.40181499,1
102U1970,2025,16409,-,29.69483799,-95.400644,1
102U1986,2025,10791,-,29.701707,-95.37395399,1
102U20,2025,37402,-,29.763688,-95.376375,1
102U205A,2025,1050,MANSFIELD ST,29.85189,-95.415666,1
102U2089,2025,17031,-,29.68755199,-95.492406,1
102U2098,2025,18280,-,29.678094,-95.493212,1
102U2099,2025,15250,FC0000,29.67782199,-95.496703,1
102U2101,2025,13876,-,29.674796,-95.487363,1
102U2104,2025,16886,-,29.67805499,-95.468425,1
102U2117,2025,14912,-,29.66554499,-95.492191,1
102U2134,2025,50431,-,29.665235,-95.463761,1
102U2155A,2025,7956,-,29.67788399,-95.40315299,1
102U2173,2025,12830,-,29.625665,-95.49516699,1
102U2180,2025,27298,-,29.626439,-95.46513599,1
102U22,2025,20632,FC0000,29.76658399,-95.372323,1
102U2243,2025,8896,-,29.74671699,-95.307739,1
102U2319,2025,11032,-,29.7443,-95.30040799,1
102U2392,2025,13310,-,29.73244199,-95.23938799,1
102U2436,2025,12355,-,29.73249099,-95.22942499,1
102U2446,2025,12447,-,29.70454799,-95.21986,1
102U2452,2025,17097,-,29.689991,-95.21972599,1
102U2462,2025,1917,-,29.712058,-95.209541,1
102U2468,2025,13756,257508,29.713163,-95.197517,1
102U2473,2025,2343,257476,29.719161,-95.182745,1
102U2479,2025,9660,FC0000,29.7116,-95.197242,1
102U2511,2025,1176,BURKE RD,29.71145099,-95.176916,1
102U2519,2025,14284,FC0000,29.69333199,-95.17068199,1
102U2538,2025,2000,DOULTON ,29.67213899,-95.32462399,1
102U2583,2025,20574,-,29.67157,-95.277111,1
102U26,2025,6090,FC0000,29.75210299,-95.37701699,1
102U2606,2025,22299,-,29.65670599,-95.265317,1
102U2678,2025,22364,-,29.66443699,-95.22987199,1
102U2690,2025,16208,-,29.68203699,-95.20895799,1
102U2694,2025,25426,-,29.66480899,-95.20692499,1
102U2695,2025,20479,FC0000,29.66465899,-95.214731,1
102U2714,2025,22935,-,29.627743,-95.22589999,1
102U2728,2025,16304,FC0000,29.657738,-95.208172,1
102U2758,2025,25788,-,29.66510099,-95.185637,1
102U2770,2025,18013,FC0000,29.674682,-95.172447,1
102U2772,2025,23037,-,29.66531999,-95.171524,1
102U2775A,2025,8673,CR0000,29.74928999,-95.12333299,1
102U2794,2025,8408,FC0000,29.68368699,-95.046805,1
102U2797,2025,9988,FC0000,29.66618799,-95.046401,1
102U2799,2025,14544,FC0000,29.66513099,-95.03928499,1
102U2824,2025,9977,FC0000,29.651445,-95.122565,1
102U2838,2025,17844,-,29.689277,-95.16395199,1
102U2849,2025,21616,FC0000,29.66565499,-95.15498,1
102U2855,2025,17638,FC0000,29.68326599,-95.153711,1
102U2857,2025,17607,-,29.68076299,-95.14946399,1
102U286,2025,16230,FC0000,29.81883199,-95.48393099,1
102U2866,2025,5589,FC0000,29.71218599,-95.113166,1
102U287,2025,12937,FC0000,29.817708,-95.482385,1
102U2877,2025,30500,FC0000,29.663545,-95.131927,1
102U2878,2025,25604,-,29.663738,-95.12170999,1
102U290,2025,18720,FC0000,29.819115,-95.499833,1
102U2902,2025,19311,FC0000,29.664327,-95.086195,1
102U2914,2025,20497,FC0000,29.66400299,-95.105652,1
102U293,2025,18763,-,29.824774,-95.49461599,1
102U3005,2025,27301,-,29.60091699,-95.46454599,1
102U301,2025,18167,-,29.834387,-95.490246,1
102U302,2025,29665,-,29.839888,-95.48883499,1
102U31,2025,2173,-,29.74889099,-95.37126699,1
102U312,2025,30537,-,29.86208299,-95.48806399,1
102U3220,2025,17061,FC0000,29.591151,-95.102082,1
102U3222,2025,21088,-,29.620255,-95.092208,1
102U3226,2025,14096,FC0000,29.60110399,-95.067783,1
102U3227,2025,16864,-,29.603369,-95.066836,1
102U3240A,2025,15507,-,29.611728,-95.047098,1
102U3241,2025,8047,-,29.622344,-95.044366,1
102U3244,2025,7818,PORT RD,29.603768,-95.03059,1
102U3269,2025,23633,FC0000,29.70593899,-95.385272,1
102U3274,2025,14871,-,29.688059,-95.40328999,1
102U3289,2025,9721,-,29.762485,-95.316144,1
102U3298,2025,23551,-,30.020021,-95.52253099,1
102U3370,2025,4006,ALVIN A. KLEIN DR,30.07222452,-95.5343075,1
102U37,2025,3146,CRAWFORD ST,29.745822,-95.366142,1
102U4253,2025,36000,-,29.72217199,-95.50104699,1
102U4257,2025,13832,-,29.66293499,-95.42691099,1
102U4319,2025,9343,-,29.65456199,-95.125181,1
102U4320,2025,16774,-,29.777405,-95.12447199,1
102U474,2025,10396,-,29.804565,-95.464307,1
102U475,2025,15929,FC0000,29.801924,-95.460725,1
102U477,2025,15346,FC0000,29.798751,-95.456359,1
102U5091,2025,14937,WEST RD,29.909241,-95.722319,1
102U514,2025,27115,-,29.78314099,-95.498918,1
102U5172,2025,5378,FC0000,29.723191,-95.390565,1
102U526,2025,10000,SILBER RD,29.802142,-95.46821199,1
102U5277,2025,5771,FC0000,29.613834,-95.380243,1
102U556,2025,17824,N DURHAM DR,29.804378,-95.412293,1
102U592,2025,13171,FC0000,29.79392499,-95.449762,1
102U599,2025,25386,-,29.77919399,-95.43161899,1
102U59B,2025,10382,FC0000,29.74419933,-95.3620733,1
102U602,2025,12347,WASHINGTON AVENUE,29.77354,-95.425151,1
102U603,2025,15366,WESTCOTT STREET,29.772675,-95.42512,1
102U605,2025,30166,-,29.765253,-95.43628,1
102U614,2025,39889,FC0000,29.76191699,-95.403481,1
102U616,2025,34602,-,29.761684,-95.409388,1
102U655,2025,39772,-,29.76387799,-95.395247,1
102U658,2025,47746,-,29.76202199,-95.38440599,1
102U779,2025,5645,-,29.79360599,-95.351176,1
102U78,2025,7974,-,29.757645,-95.35121899,1
102U781,2025,4031,-,29.78932899,-95.351089,1
102U784,2025,3365,-,29.78349599,-95.34546899,1
102U802,2025,3567,-,29.779751,-95.350553,1
102U81A,2025,4024,-,29.761507,-95.354388,1
102U81B,2025,1548,-,29.760877,-95.35415899,1
102U851,2025,14915,-,29.833036,-95.211284,1
102U899,2025,5800,HIRSCH RD,29.822872,-95.32884,1
102U915,2025,1900,FIRNAT ,29.845025,-95.301469,1
102U94,2025,2790,N YORK ST,29.75253199,-95.336767,1
102U976,2025,1734,WALLISVILLE RD,29.787429,-95.310878,1
102UR1017,2025,23925,CR0000,29.991581,-95.50115,1
102UR1018,2025,23824,CR0000,29.986615,-95.497507,1
102UR1041,2025,27690,CR0000,29.97056999,-95.485268,1
102UR1043,2025,31281,CR0000,29.968914,-95.484016,1
102UR1066,2025,23968,CR0000,29.95016299,-95.46966199,1
102UR1070,2025,19312,-,29.94539199,-95.45500499,1
102UR1116,2025,17678,CR0000,29.98006799,-95.43615799,1
102UR1117,2025,28969,-,29.98326,-95.439816,1
102UR1185,2025,22244,ALDINE WESTFIELD RD,29.941588,-95.356382,1
102UR1198,2025,50421,FC0000,29.94959199,-95.331622,1
102UR1209,2025,40926,FC0000,29.985228,-95.31069699,1
102UR1244,2025,19130,CR0000,29.93514199,-95.45812199,1
102UR1250,2025,6265,FRICK RD,29.923154,-95.451526,1
102UR1254,2025,6091,CR0000,29.920528,-95.44756,1
102UR1257,2025,15937,CR0000,29.912584,-95.440574,1
102UR1298,2025,6400,SWEETWATER LN,29.887451,-95.408588,1
102UR1305,2025,15098,FC0000,29.896443,-95.42805299,1
102UR1352,2025,22480,-,29.888126,-95.49443099,1
102UR1358A,2025,22249,-,29.898502,-95.495669,1
102UR1418,2025,11589,-,29.92801099,-95.331365,1
102UR1447,2025,1829,HIRSCH RD,29.897634,-95.303769,1
102UR1454,2025,15876,-,29.890972,-95.31643599,1
102UR1459,2025,1925,-,29.879616,-95.30735699,1
102UR1495,2025,41477,-,29.98305999,-95.28241599,1
102UR1557,2025,11820,-,29.891161,-95.302038,1
102UR1573,2025,13795,-,29.891843,-95.24703,1
102UR1583,2025,8552,-,29.896529,-95.206803,1
102UR1584,2025,5943,-,29.889515,-95.205732,1
102UR1595A,2025,30122,-,29.985164,-95.16151999,1
102UR1616,2025,765,-,29.88369699,-95.12749299,1
102UR169,2025,22008,-,30.074751,-95.514086,1
102UR170,2025,21711,-,30.073227,-95.51247899,1
102UR176,2025,22158,CR0000,30.043815,-95.538174,1
102UR1966,2025,14469,-,29.77475399,-95.75093899,1
102UR2036,2025,4050,FC0000,29.870187,-95.55626,1
102UR2038A,2025,8747,FC0000,29.86611499,-95.55045599,1
102UR2094,2025,14410,FC0000,29.834256,-95.50559,1
102UR2115,2025,9950,-,29.840654,-95.51454699,1
102UR2126,2025,9820,FC0000,29.84773999,-95.524536,1
102UR2128,2025,9599,FC0000,29.8509,-95.528968,1
102UR2165,2025,7514,LS0000,29.787924,-95.64379499,1
102UR2254,2025,43539,-,29.782698,-95.606458,1
102UR2360,2025,34258,-,29.751624,-95.50110999,1
102UR244,2025,36956,-,30.009945,-95.465804,1
102UR274,2025,28978,-,30.038712,-95.487374,1
102UR276,2025,26820,-,30.04839999,-95.491931,1
102UR277,2025,28086,-,30.05152999,-95.493207,1
102UR385,2025,33650,FC0000,30.051125,-95.226997,1
102UR395,2025,42000,FC0000,30.068611,-95.20985899,1
102UR411,2025,2155,-,30.05496399,-95.185233,1
102UR418,2025,29630,-,30.05083799,-95.18475999,1
102UR502,2025,12175,CR0000,29.969632,-95.697373,1
102UR525,2025,14441,CR0000,29.99274,-95.65371099,1
102UR529,2025,22302,-,29.983579,-95.65856,1
102UR545,2025,11290,-,29.945563,-95.651676,1
102UR546,2025,24857,CR0000,29.945198,-95.647023,1
102UR556,2025,23132,CR0000,29.947423,-95.627271,1
102UR892,2025,15875,N ELDRIDGE PKWY,29.902378,-95.603073,1
102UR968,2025,3959,FC0000,29.876032,-95.56455599,1
102UY1001,2025,31000,FC0000,29.57158999,-95.10985799,1
102UY1101,2025,30454,FC0000,29.555367,-95.119457,1
146H49,2025,822,FM0686,30.0568,-95.021623,1
170H121,2025,35758,FM1314,30.104588,-95.239209,1
170H123,2025,18130,FM1314,30.102708,-95.230783,1
170H124,2025,9315,SL0494,30.096771,-95.231651,1
170H124A,2025,7887,SL0494,30.055282,-95.246036,1
170H124B,2025,13644,SL0494,30.069509,-95.241057,1
170H250T,2025,63541,SH0099,30.097665,-95.401133,1
170H6901,2025,116080,IH0069,30.100767,-95.237631,1
170H6901NBSR,2025,24021,IH 69,30.101326,-95.236997,1
170H6901SBSR,2025,21150,IH 69,30.100805,-95.238017,1
170H6904,2025,107675,IH0069,30.06082284,-95.24966064,1
170HP38NBSR,2025,22119,SH0099,30.101759,-95.396299,1
170HP38SBSR,2025,22157,SH0099,30.103276,-95.396305,1
170SP174,2025,142590,IH0069,30.04294484,-95.25424575,1
170SP174NBSR,2025,10851,IH0069,30.042897,-95.253843,1
170SP174SBSR,2025,10207,IH0069,30.04300499,-95.25462534,1
170T42,2025,12996,SL0494,30.103314,-95.229362,1
170T43,2025,18957,SL0494,30.101159,-95.23011,1
170UN4,2025,33232,-,30.05192599,-95.248087,1
20CR549,2025,13000,KIRCY RD,29.55502788,-95.39791802,1
20H104,2025,100643,SH0288,29.546017,-95.387423,1
20H104A,2025,30547,FM2234,29.580211,-95.390091,1
20H105,2025,31269,FM0518,29.558958,-95.3516,1
20H106,2025,19635,FM0865,29.560868,-95.35047,1
20H107,2025,29310,FM0518,29.559244,-95.334883,1
20H108,2025,10587,FM1128,29.552977,-95.330928,1
20H110,2025,30460,FM0518,29.55931,-95.328721,1
20H111,2025,24807,FM0518,29.559694,-95.300261,1
20H112,2025,28985,SH0035,29.584136,-95.286416,1
20H113,2025,29151,FM0518,29.554727,-95.260597,1
20H114,2025,17280,SH0035,29.552777,-95.281195,1
20H161,2025,99927,SH0288,29.571763,-95.386465,1
20H161NBSR,2025,17417,SH0288,29.571889,-95.385892,1
20H161SBSR,2025,30645,SH0288,29.572048,-95.387008,1
20H162,2025,40606,FM0518,29.555972,-95.382894,1
20H48,2025,21152,FM2234,29.580313,-95.382611,1
20HP36,2025,13720,BUSINESS CENTER DR,29.578825,-95.392374,1
20HP41,2025,2907,CHOCOLATE BAYOU RD,29.528321,-95.347237,1
20HP63,2025,27033,-,29.580855,-95.268165,1
20HP65,2025,7904,-,29.561111,-95.27286999,1
20HP67,2025,13320,FC0000,29.582667,-95.27278599,1
20HP69,2025,13397,FC0000,29.579639,-95.399955,1
20HP76,2025,12302,BROOKSIDE,29.581722,-95.349769,1
20T46,2025,23878,SH0035,29.564505,-95.286064,1
20T47,2025,22457,FM0518,29.563661,-95.285296,1
20T48,2025,25273,FM0518,29.547826,-95.233187,1
20T49,2025,16198,SH0035,29.563189,-95.286044,1
20T50,2025,23177,FM0518,29.563674,-95.287218,1
20UR37A,2025,9582,MYKAWA RD,29.586765,-95.295023,1
80A3T,2025,11481,TL0011,29.527466,-95.523788,1
80A9901T,2025,28477,SH0099,29.57315671,-95.68209037,1
80CE16,2025,22531,HILLCROFT AVE,29.61322,-95.495155,1
80D16AWBSR,2025,14744,FM1093,29.701351,-95.767093,1
80D19SBSR,2025,22068,SH0099,29.701914,-95.776331,1
80D2A,2025,27440,FM1093,29.708893,-95.688847,1
80D2NBSR,2025,7244,SH0099,29.57265623,-95.68180122,1
80D3SBSR,2025,8239,SH0099,29.573039,-95.682818,1
80D4121EBSR,2025,8845,FM1093,29.700629,-95.76683,1
80D4133,2025,21355,FM1093,29.706709,-95.695009,1
80D5WBSR,2025,12128,IH0069,29.561543,-95.692003,1
80H01T,2025,43439,WESTPARK TOLLWAY,29.70749595,-95.68950222,1
80H12,2025,12203,FM0359,29.626795,-95.75904,1
80H13,2025,26974,FM0359,29.595573,-95.742369,1
80H14,2025,24694,UA0090,29.601284,-95.688098,1
80H144,2025,21592,FM2234,29.580273,-95.508282,1
80H146,2025,45562,SH0006,29.527153,-95.499184,1
80H148,2025,52897,SH0006,29.553746,-95.554016,1
80H149,2025,38444,SH0006,29.540096,-95.539998,1
80H14ANBSR,2025,6169,SH0099,29.599795,-95.683107,1
80H14ASBSR,2025,8183,SH0099,29.599599,-95.683826,1
80H15,2025,15973,FM1464,29.606549,-95.683646,1
80H150,2025,40720,SH0006,29.532938,-95.513715,1
80H152,2025,44271,SH0006,29.522256,-95.489814,1
80H157,2025,17744,FM1876,29.652316,-95.61901299,1
80H158,2025,48295,SH0006,29.65865529,-95.64508613,1
80H159,2025,52291,SH0006,29.58687701,-95.59198264,1
80H15A,2025,64520,SH0099,29.61042826,-95.68929694,1
80H15B,2025,23,FS1464,29.60321,-95.683539,1
80H16,2025,17278,FM1464,29.634061,-95.682848,1
80H160,2025,33697,FM2759,29.55816392,-95.69226863,1
80H163,2025,24010,FM1464,29.67091843,-95.68798078,1
80H164,2025,15769,FM1464,29.65558892,-95.68172587,1
80H166,2025,35067,FM1092,29.62620767,-95.5648724,1
80H169T,2025,90603,SH0099,29.72524967,-95.77283314,1
80H17,2025,32293,FM1464,29.706474,-95.688125,1
80H170,2025,60000,UA0090,29.628502,-95.587649,1
80H180,2025,44180,FM1093,29.70235573,-95.75088627,1
80H18T,2025,48734,FM1093,29.705432,-95.713297,1
80H19,2025,57490,SH0006,29.673955,-95.643368,1
80H1AT,2025,44636,FORT BEND PARKWAY TOLL ROAD,29.56669386,-95.50693125,1
80H1T,2025,9433,TL0011,29.542056,-95.501271,1
80H1TNBSR,2025,11242,TL0011,29.53144375,-95.50515763,1
80H1TSBSR,2025,10720,TL0011,29.53182,-95.505796,1
80H20,2025,54824,SH0006,29.643919,-95.651531,1
80H21,2025,38451,SH0006,29.615465,-95.649903,1
80H21NBSR,2025,6323,SH0006,29.615087,-95.649528,1
80H21SBSR,2025,7403,SH0006,29.614802,-95.650056,1
80H22,2025,54621,UA0090,29.612011,-95.652552,1
80H23,2025,45192,UA0090,29.615054,-95.646361,1
80H25,2025,138293,IH0069,29.592804,-95.629083,1
80H25NBSR,2025,29433,IH0069,29.592866,-95.628208,1
80H25SBSR,2025,39476,IH0069,29.593689,-95.628696,1
80H26,2025,70380,SH0006,29.597559,-95.620114,1
80H26A,2025,63942,SH0006,29.599163,-95.624674,1
80H26AEBSR,2025,14036,SH0006,29.6093244,-95.64479638,1
80H26AWBSR,2025,11442,SH0006,29.609656,-95.643407,1
80H27,2025,14947,FM1876,29.623803,-95.618862,1
80H28,2025,16159,FM1876,29.63538,-95.618746,1
80H29,2025,18021,FM1876,29.669299,-95.61649,1
80H2AT,2025,38464,FORT BEND PARKWAY TOLL ROAD,29.59811294,-95.50366138,1
80H30,2025,57158,UA0090,29.623407,-95.617623,1
80H31A,2025,171000,IH0069,29.61255,-95.608554,1
80H31ANBSR,2025,30231,IH0069,29.612318,-95.608228,1
80H31ASBSR,2025,28182,IH0069,29.613304,-95.608447,1
80H32,2025,181000,IH0069,29.62711,-95.594285,1
80H32NBSR,2025,16066,IH0069,29.626913,-95.593936,1
80H32SBSR,2025,12985,IH0069,29.626899,-95.595181,1
80H33,2025,161000,IH0069,29.634651,-95.586215,1
80H33NBSR,2025,30804,IH0069,29.634007,-95.586367,1
80H33SBSR,2025,22698,IH0069,29.635518,-95.586038,1
80H34A,2025,54994,UA0090,29.626002,-95.579285,1
80H34AEBSR,2025,6193,UA0090,29.625793,-95.579391,1
80H34AWBSR,2025,4014,UA0090,29.626157,-95.579271,1
80H34EBSR,2025,17339,UA0090,29.628323,-95.590861,1
80H34WBSR,2025,13985,UA0090,29.628703,-95.590903,1
80H35NBSR,2025,3872,FM1092,29.619795,-95.564327,1
80H35SBSR,2025,3975,FM1092,29.620077,-95.565001,1
80H36,2025,33398,FM1092,29.61396,-95.564589,1
80H38,2025,72981,UA0090,29.614697,-95.550937,1
80H38EBDR,2025,34226,UA0090,29.614184,-95.550891,1
80H38WBDR,2025,38755,UA0090,29.615336,-95.551009,1
80H39,2025,31438,FM2234,29.608415,-95.52711,1
80H61,2025,18483,FM2218,29.532714,-95.777603,1
80H62,2025,14820,FM2218,29.535619,-95.775816,1
80H64,2025,11771,FM2977,29.542764,-95.742787,1
80H65,2025,75742,IH0069,29.53472,-95.77515,1
80H65EBSR,2025,10985,IH0069,29.534532,-95.774474,1
80H65WBSR,2025,7375,IH0069,29.535242,-95.775129,1
80H66,2025,10107,FM2218,29.558182,-95.762824,1
80H67,2025,12885,FM1640,29.558329,-95.764359,1
80H68,2025,23609,FM1640,29.5612,-95.759948,1
80H69,2025,21493,FM0762,29.563765,-95.760137,1
80H6903,2025,112371,IH0069,29.563245,-95.681378,1
80H6903EBSR,2025,28061,IH0069,29.562788,-95.681232,1
80H6903WBSR,2025,31872,IH0069,29.563689,-95.68151,1
80H70,2025,26990,UA0090,29.576212,-95.772328,1
80H71,2025,9929,FM3155,29.578682,-95.770788,1
80H72,2025,4983,FM3155,29.581694,-95.7743,1
80H73,2025,2426,FM3155,29.585708,-95.781974,1
80H74,2025,29486,UA0090,29.587835,-95.749865,1
80H75,2025,27746,FM0762,29.548697,-95.748658,1
80H76,2025,79777,IH0069,29.54935287,-95.74035737,1
80H76EBSR,2025,17370,IH0069,29.549047,-95.740191,1
80H76WBSR,2025,11540,IH0069,29.549693,-95.740553,1
80H77,2025,17374,FM0762,29.543958,-95.742976,1
80H78,2025,23314,FM2759,29.539278,-95.701792,1
80H79,2025,20543,FM0762,29.536043,-95.702207,1
80H7C,2025,41458,SH0099,29.659156,-95.716866,1
80H7CNBSR,2025,15466,SH0099,29.659621,-95.716753,1
80H7CSBSR,2025,12592,SH0099,29.658707,-95.71701,1
80H80,2025,9206,FM2759,29.537293,-95.700366,1
80H81,2025,2400,FM2759,29.528635,-95.647394,1
80H83,2025,50384,SH0006,29.571633,-95.56988,1
80H84,2025,63515,SH0006,29.564249,-95.563211,1
80H85,2025,45000,FM1092,29.573219,-95.563961,1
80H85A,2025,27103,FM3345,29.582628,-95.562021,1
80H85B,2025,38165,FM1092,29.585174,-95.564112,1
80H86,2025,18587,FM2234,29.580309,-95.499415,1
80H86A,2025,24044,FM3345,29.583606,-95.526533,1
80H87,2025,17950,FM2234,29.581612,-95.432346,1
80H87A,2025,21092,FM2234,29.581641,-95.430632,1
80H88,2025,22500,FM0521,29.580887,-95.431854,1
80H9901SBSR,2025,9030,SH0099,29.69468619,-95.77369019,1
80H9901T,2025,57288,SH0099,29.694581,-95.773047,1
80H9902,2025,71630,SH0099,29.70874772,-95.77562745,1
80H9902NBSR,2025,20955,SH0099,29.708664,-95.775255,1
80H9903,2025,80560,SH0099,29.73862702,-95.77297802,1
80H9904NBSR,2025,22167,SH0099,29.602636,-95.684586,1
80H9904SBSR,2025,20576,SH0099,29.602563,-95.685375,1
80H9905T,2025,47346,SH0099,29.59485,-95.680937,1
80HP1001,2025,21357,W AIRPORT,29.643081,-95.574991,1
80HP1004,2025,1767,HILLCROFT,29.597234,-95.504653,1
80HP1005,2025,6553,STAFFORD,29.616929,-95.556882,1
80HP23,2025,23301,BELFORT BLVD,29.667487,-95.67088,1
80HP27,2025,17835,LJ,29.535734,-95.573859,1
80HP29,2025,18522,CINCO RANCH,29.733074,-95.784988,1
80HP32,2025,16129,AIRPORT,29.650357,-95.705976,1
80HP33,2025,30094,UNIVERSITY,29.577979,-95.647879,1
80HP37,2025,2780,CLODINE,29.655365,-95.679223,1
80HP38,2025,12527,PEEK,29.69944,-95.76026799,1
80HP50,2025,20702,BELLFORT DR,29.662514,-95.631139,1
80HP5158,2025,21273,BAY HILL BLVD,29.75673846,-95.77941132,1
80HP5180,2025,11500,W AIRPORT BLVD,29.64998077,-95.65321501,1
80HP9,2025,10731,BURNEY,29.632127,-95.637206,1
80T15,2025,15621,UA0090,29.579776,-95.767484,1
80T16,2025,21108,UA0090,29.581393,-95.763306,1
80T17,2025,32453,UA0090,29.582819,-95.758739,1
80T17EBDR,2025,15517,UA0090,29.582433,-95.758456,1
80T17WBDR,2025,15936,UA0090,29.583114,-95.758992,1
80T18,2025,10538,FS0762,29.581468,-95.759215,1
80T19,2025,11529,FS0762,29.576495,-95.764826,1
80T20,2025,23116,FM0762,29.575118,-95.764792,1
80T21,2025,12239,FM0762,29.579341,-95.76677,1
80T23,2025,53897,UA0090,29.619719,-95.635794,1
80T24,2025,54701,UA0090,29.620039,-95.634414,1
80T25,2025,79086,UA0090,29.618106,-95.563309,1
80T25EBDR,2025,36886,UA0090,29.617584,-95.563567,1
80T25WBDR,2025,42200,UA0090,29.61854,-95.562934,1
80T26EBSR,2025,6252,UA0090,29.618335,-95.538597,1
80T26WBSR,2025,5706,UA0090,29.618674,-95.538839,1
80T27,2025,74290,UA0090,29.621507,-95.531082,1
80T27EBSR,2025,10639,UA0090,29.61878337,-95.53747612,1
80T27WBSR,2025,8690,UA0090,29.619113,-95.537735,1
80T28,2025,30710,FM2234,29.618212,-95.537559,1
80T29,2025,18120,FM0521,29.534863,-95.450221,1
80U4122,2025,28551,-,29.71470399,-95.77559299,1
80UE19,2025,10066,-,29.55208799,-95.694275,1
80XA18A,2025,4444,CR0000,29.700176,-95.78520099,1
80XA51,2025,7500,CLODINE RD,29.683678,-95.680255,1
80XA52,2025,1556,-,29.66936199,-95.67878499,1
80XA9,2025,15024,WESTHEIMER PKWY,29.733875,-95.753276,1
80XB10,2025,7816,-,29.668284,-95.643983,1
80XB13A,2025,14000,-,29.65046,-95.663118,1
80XB4,2025,6848,ADDICKS CLODINE RD,29.688381,-95.663328,1
80XG107,2025,4250,FC0000,29.592521,-95.513386,1
80XH1A,2025,2624,HILLCROFT AVE,29.603485,-95.50081,1
85H119,2025,16435,FM2094,29.542006,-95.051231,1
85H51,2025,19692,FM0518,29.532771,-95.205035,1
85H51A,2025,20195,FM0518,29.540848,-95.218349,1
85H52,2025,16232,FM2351,29.532918,-95.206626,1
85H53,2025,23988,FM2351,29.535258,-95.204031,1
85H89,2025,28678,FM0270,29.522848,-95.080894,1
85H89EBSR,2025,151,FM0270,29.53212962,-95.09395991,1
85H89WBSR,2025,72,FM0270,29.53269506,-95.09318583,1
85H91,2025,16499,FM0518,29.523094,-95.074536,1
85H91A,2025,35655,FM2094,29.523503,-95.076046,1
85H92,2025,17368,FM2094,29.541085,-95.039876,1
85H93,2025,16954,FM2094,29.540843,-95.020945,1
85H94,2025,10976,FM0518,29.53687,-95.019997,1
85H95,2025,14128,FM0518,29.527961,-95.040247,1
85H95A,2025,15085,FM0518,29.528777,-95.037305,1
85H97,2025,32241,SH0146,29.536934,-95.017743,1
85H97A,2025,21396,SH0096,29.52545,-95.012915,1
85HP178,2025,3751,FC0000,29.522214,-95.064977,1
