geoid,lat,lon,daytime_jobs
482012223001,29.896287,-95.3426736,370
482015110011,29.8041748,-95.4401341,789
482013311003,29.675337,-95.3599217,88
482013312001,29.6634591,-95.3595876,451
482013312002,29.6643738,-95.36676,86
482013313003,29.6373075,-95.3822325,25
482013313001,29.6521377,-95.3810172,383
482013314001,29.6519044,-95.3664585,97
482013217001,29.6789282,-95.2401798,127
482013331002,29.6752782,-95.2731167,418
482013332012,29.6677237,-95.2669882,33
482012507012,30.0123552,-95.2293773,8966
482015113011,29.8004427,-95.4026836,1278
482015113013,29.7932626,-95.4086127,641
482015113014,29.799999,-95.4088355,919
482015114001,29.7970888,-95.3861595,316
482015114003,29.7982224,-95.38279,302
482015216001,29.8394583,-95.5284996,11617
482015219001,29.8274354,-95.554461,1316
482015206011,29.8119055,-95.4932106,92
482013313002,29.6486167,-95.3714864,19
482013318001,29.648819,-95.3439566,0
482013327002,29.6854361,-95.3165281,2230
482014319022,29.7335925,-95.4641122,5081
482014319021,29.7381049,-95.4641335,18552
482014318032,29.743305,-95.4656238,1612
482014318041,29.7456002,-95.4605339,19501
482014318043,29.754065,-95.459371,6583
482014317012,29.7587814,-95.4603158,4754
482012415011,29.967693,-95.2937807,519
482012405063,29.9555797,-95.3967414,0
482015502012,29.9631552,-95.426001,5
482015206032,29.8049379,-95.4869603,126
482015323023,29.8606261,-95.5028177,1788
482015320041,29.856154,-95.4654345,0
482012206003,29.8411897,-95.3613872,498
482012207013,29.8433483,-95.3538427,383
482012207023,29.825311,-95.3510369,65
482012106003,29.8073372,-95.3694152,454
482012106001,29.8104679,-95.3614505,134
482014211013,29.7193029,-95.4743613,551
482014327051,29.7247069,-95.4953977,717
482013335012,29.6687698,-95.2792655,337
482013333021,29.6456281,-95.2557821,3429
482015333011,29.874196,-95.4162023,452
482013144021,29.6951588,-95.4116491,370
482014122013,29.7082414,-95.4083281,864
482014315051,29.7518295,-95.4842905,2700
482014312041,29.7405868,-95.5030097,325
482014546003,29.7787409,-95.7425239,2979
482015203022,29.797675,-95.4805572,1110
482015203011,29.7995102,-95.4719142,222
482014107041,29.7403505,-95.3860373,172
482015110032,29.7942834,-95.433403,601
482015112022,29.8026888,-95.4172455,967
482014109001,29.7327262,-95.405146,593
482014327062,29.7288081,-95.4916083,847
482015115012,29.8074718,-95.4026257,647
482012216011,29.8929975,-95.4087305,295
482014320032,29.7364278,-95.4871215,678
482015527012,29.9692364,-95.5514455,3689
482015301011,29.8156294,-95.4478229,23
482014313031,29.7390844,-95.4986603,280
482014321021,29.7345864,-95.5092029,1173
482013329001,29.688375,-95.2882412,2714
482012405051,29.9510306,-95.3965443,0
482015515013,29.952975,-95.5477541,2309
482012520032,29.9615288,-95.1550615,299
482015205023,29.829999,-95.4836061,2629
482015215011,29.8274878,-95.5246901,53
482013303011,29.6331257,-95.478517,96
482015504051,29.9980073,-95.469723,732
482015220022,29.8286991,-95.5288936,90
482015503081,29.9857004,-95.4278828,1026
482015321022,29.8476314,-95.4743013,26
482015323021,29.8541447,-95.4946716,5639
482014104014,29.7499729,-95.4050879,69
482013117021,29.7010603,-95.2990496,1779
482012207021,29.8335636,-95.3458268,33
482014115041,29.7378704,-95.4323856,10484
482014115042,29.7328676,-95.4335312,18993
482014115062,29.7308882,-95.4389332,1195
482014115052,29.7328324,-95.4447139,757
482013129012,29.7152142,-95.3570693,42
482015107021,29.767813,-95.4011989,331
482014317022,29.7595859,-95.4703775,1005
482014317011,29.7651889,-95.4643798,1296
482014301021,29.7725653,-95.46686,1433
482014301013,29.78171,-95.4717386,132
482014301012,29.7806349,-95.4622158,906
482014301011,29.7772272,-95.45726,774
482015109022,29.785095,-95.4373941,6429
482015108021,29.7680634,-95.4418715,371
482015108012,29.7684047,-95.4182205,203
482013134003,29.6943743,-95.3365194,143
482012327041,29.7973532,-95.2122712,81
482012327032,29.7731385,-95.2219755,718
482012325002,29.8082774,-95.2309006,1065
482014319011,29.7305866,-95.4652554,851
482014315061,29.7597353,-95.4798413,1574
482015106011,29.7733226,-95.4064192,947
482015106022,29.7758814,-95.4149656,1244
482013409003,29.5676546,-95.148688,183
482012312002,29.8540626,-95.2580631,104
482015104001,29.7862035,-95.389835,2848
482015103022,29.789381,-95.3816413,73
482013332042,29.659662,-95.2756313,27
482012205004,29.8363102,-95.3804872,351
482013202021,29.6917124,-95.2744607,36
482013207001,29.6678299,-95.2527371,3627
482013129022,29.7157415,-95.3661642,75
482014216012,29.701535,-95.4877436,255
482014216021,29.7041868,-95.4840927,317
482014215011,29.7071019,-95.4797747,564
482014230021,29.6758631,-95.5225108,206
482014228002,29.6843506,-95.5180143,307
482014230022,29.6809182,-95.5142691,152
482014230011,29.6792289,-95.5112379,214
482014226013,29.6848977,-95.5060592,86
482014226022,29.685332,-95.501254,28
482014224032,29.6619278,-95.4944857,21
482014225021,29.6700821,-95.4972559,116
482014224061,29.6621998,-95.50256,8
482014224062,29.6618182,-95.5054229,6
482014133011,29.6919854,-95.4207875,716
482014130003,29.6998327,-95.4392275,459
482015417022,29.7881886,-95.6702049,15742
482014223041,29.6493757,-95.5018457,4
482014224042,29.6553458,-95.5029519,1
482014224041,29.6548707,-95.4955654,14
482015425002,29.7922306,-95.7637897,2731
482014226021,29.6878602,-95.4961186,394
482014216023,29.7014033,-95.4836545,224
482014132061,29.6990496,-95.4171116,20
482014122022,29.7073366,-95.4154528,440
482014132051,29.7031646,-95.420566,2088
482015417032,29.7955529,-95.6847851,25
482015418021,29.7970212,-95.6938226,61
482015417021,29.7869912,-95.6511959,1125
482015429014,29.8105999,-95.7694286,2437
482014225022,29.6684187,-95.5041957,1750
482014132031,29.7034791,-95.4252449,595
482015424022,29.7917787,-95.7459246,5477
482013202023,29.6947347,-95.2716081,11
482012215022,29.8670875,-95.4001847,113
482012215021,29.8673786,-95.4046267,98
482014102022,29.7549357,-95.395117,539
482014319013,29.728749,-95.4643974,266
482012207022,29.8255224,-95.3463471,38
482013117012,29.6989092,-95.3043667,206
482014115071,29.7381671,-95.4385028,1097
482014115051,29.7388936,-95.4447621,3735
482014113011,29.7521982,-95.4523634,14724
482014318042,29.7517648,-95.4579116,2929
482015301013,29.8126633,-95.4463808,251
482015301021,29.8164475,-95.4624565,853
482015203021,29.8013096,-95.4795194,110
482015112021,29.8072613,-95.4173739,485
482013339043,29.6234727,-95.243201,353
482013333011,29.6332557,-95.2448294,7
482013339051,29.6230058,-95.2578334,1031
482015108013,29.7636032,-95.4193136,711
482014105022,29.7507092,-95.3820013,79
482013115023,29.7106342,-95.2758155,189
482013139023,29.6837393,-95.3827774,203
482012415032,29.9549708,-95.3301149,11201
482012405041,29.9468823,-95.3920741,3
482015215021,29.8291651,-95.5209644,201
482014115061,29.7354402,-95.4400324,24509
482014117003,29.724032,-95.4545809,3392
482013413041,29.5685861,-95.08649,5594
482012111023,29.7885224,-95.3249183,2
482012115013,29.7681686,-95.2949992,251
482012115021,29.7681845,-95.3094456,907
482013110022,29.7484372,-95.2987962,311
482013105004,29.7403018,-95.3168485,72
482012327031,29.7743723,-95.2194006,4
482013338012,29.6153028,-95.2797608,63
482013338022,29.6060119,-95.277522,182
482013501042,29.5960664,-95.2633895,611
482013335021,29.663827,-95.2856633,10
482013339052,29.6151618,-95.2582364,119
482012322011,29.9373471,-95.2779297,573
482012225012,29.9287699,-95.4057653,526
482012302004,29.8293344,-95.3001237,92
482012303001,29.8375701,-95.3112228,11
482012306002,29.8448117,-95.3164626,29
482012125003,29.747716,-95.2815259,4133
482012210002,29.8545032,-95.3445323,289
482012220001,29.8683924,-95.3371157,1084
482012308001,29.8431137,-95.2931787,0
482012307001,29.8551176,-95.3158676,37
482012307002,29.8511549,-95.3047129,151
482014546001,29.7825365,-95.746022,1415
482013328001,29.6939044,-95.3149881,651
482013326003,29.6739335,-95.3134911,875
482013326004,29.6718148,-95.305443,19
482013328003,29.6894618,-95.3048936,462
482013329002,29.69355,-95.2963926,229
482013330001,29.6819562,-95.2891064,155
482014233013,29.6668017,-95.5215324,34
482014233011,29.6701713,-95.5223795,460
482014234013,29.6445846,-95.5130819,23
482014234021,29.6500997,-95.5318558,164
482014227011,29.6907182,-95.5055252,215
482015201001,29.7922757,-95.4604356,7892
482014227013,29.6968469,-95.4989283,7
482014222001,29.641668,-95.4988223,11
482015202001,29.789357,-95.4803227,1664
482015202003,29.7884702,-95.4713875,911
482015204002,29.8063778,-95.4737876,1538
482012319004,29.8816461,-95.2981493,47
482012309001,29.8266937,-95.2772054,90
482012309002,29.8164462,-95.280893,17
482012309003,29.8117943,-95.2758111,27
482012309004,29.8180056,-95.2881106,70
482012320001,29.9066333,-95.2940584,23
482012310001,29.8407217,-95.2721035,72
482012310002,29.8395246,-95.2838823,78
482014214011,29.7140533,-95.490704,23
482014234022,29.6451871,-95.5248503,155
482013303032,29.6224416,-95.5020623,1341
482014205003,29.6541808,-95.4701893,557
482014205001,29.6446991,-95.4778698,251
482014231001,29.6685646,-95.5455161,4098
482013340021,29.6081198,-95.2135827,14
482013207002,29.682316,-95.2489211,33
482013413021,29.5542886,-95.1100412,4514
482013413022,29.550022,-95.1001263,1345
482013206021,29.6724969,-95.2621989,358
482014117002,29.7214632,-95.453067,28
482014214021,29.7155447,-95.4868725,52
482014528022,29.6916382,-95.6010806,79
482012304001,29.8333101,-95.321285,21
482013217002,29.6772305,-95.2318921,302
482013303031,29.6299086,-95.499847,303
482013303033,29.6319844,-95.4877533,10
482014522021,29.7227889,-95.5616855,3726
482014514012,29.7511296,-95.6178048,37
482014528013,29.7007301,-95.6057687,11
482012112001,29.8030878,-95.3205741,43
482012124002,29.7885803,-95.282897,6471
482012332003,29.7758252,-95.1875498,510
482012318002,29.8809075,-95.3057461,133
482012325001,29.8037375,-95.2559871,2902
482013302001,29.6406321,-95.4530684,992
482013302002,29.6334506,-95.4605568,227
482013303021,29.609699,-95.4730442,646
482013304001,29.6240596,-95.4529364,51
482014206001,29.6611026,-95.47013,1615
482014512001,29.7575794,-95.599269,1363
482014512002,29.7528564,-95.5901833,70
482014509002,29.7424319,-95.5693816,380
482014511001,29.7584042,-95.5809358,866
482014511002,29.7521197,-95.5842351,40
482014307001,29.7759733,-95.5347881,33
482014307002,29.7711427,-95.5422886,3816
482014509001,29.7419374,-95.5623163,9272
482014203002,29.6761571,-95.451008,226
482014204002,29.6599834,-95.4525588,146
482014204003,29.6544987,-95.4557189,471
482014201002,29.6777596,-95.4356507,68
482014538001,29.673457,-95.6112305,252
482013316022,29.6339031,-95.3345979,1
482013330002,29.6811617,-95.2803955,433
482013326002,29.6762654,-95.297192,347
482013331001,29.6748523,-95.2845067,176
482013340033,29.6044947,-95.2306953,117
482012511004,30.0261835,-95.231997,86
482014506003,29.7721442,-95.6169376,1602
482014318013,29.7405076,-95.473884,3174
482012327013,29.7924342,-95.2291452,126
482015116002,29.8005226,-95.3744175,25
482013109004,29.7372531,-95.3080677,766
482012515011,30.0743555,-95.1630495,101
482015406021,29.87575,-95.6409367,620
482015325021,29.8820729,-95.4980782,75
482013307001,29.6011566,-95.455409,24
482013336001,29.6649285,-95.2936616,169
482013336002,29.6571555,-95.2999617,50
482013336003,29.653963,-95.3084323,32
482013337001,29.6304024,-95.2762482,142
482013337002,29.6369221,-95.2973076,4417
482013304002,29.6184393,-95.4568506,192
482013304003,29.6099364,-95.4558205,250
482013305001,29.6238515,-95.4231881,40
482013305002,29.6231715,-95.4332917,1
482013305003,29.6237489,-95.4406927,34
482013306001,29.6166321,-95.4245211,142
482013306002,29.6099716,-95.4314192,838
482013306003,29.6097156,-95.4439302,271
482015308003,29.8438605,-95.4230508,137
482015310001,29.8245777,-95.4257608,659
482015310002,29.8255415,-95.4164468,374
482015311002,29.8244951,-95.4348757,425
482015312001,29.8270609,-95.4560258,18
482015312002,29.8287871,-95.4494635,97
482015312003,29.8230523,-95.4476834,54
482015313002,29.8239016,-95.4675315,1164
482014535022,29.6727865,-95.6003853,226
482014536011,29.6822336,-95.591578,147
482015207001,29.8009368,-95.4891303,317
482015207003,29.79911,-95.4959954,499
482015216002,29.8519886,-95.5400834,1690
482015311001,29.8254514,-95.4420959,803
482015319003,29.8548993,-95.455494,395
482015207004,29.7998221,-95.5042388,719
482014533001,29.6707995,-95.5651265,1789
482012316001,29.8637542,-95.3104933,8
482012316002,29.8604886,-95.3056047,117
482013206023,29.6793289,-95.2603968,59
482014501001,29.7772428,-95.5669287,106
482014507001,29.7673995,-95.6019614,322
482012318001,29.869875,-95.3078484,438
482012319001,29.8856313,-95.2917889,11
482012105001,29.7972828,-95.3621874,368
482012106002,29.8035199,-95.3614806,180
482012107001,29.8067305,-95.3535208,406
482013105002,29.7457945,-95.3246675,87
482014109002,29.7331824,-95.3933459,693
482012308002,29.8355912,-95.294426,11
482014528012,29.6924794,-95.609441,144
482013319003,29.66092,-95.3441338,6
482013109002,29.7308246,-95.2965798,88
482015405022,29.8453859,-95.6288578,46
482012514023,30.0724853,-95.2000216,53
482014202002,29.6763861,-95.4433348,17
482013136001,29.698357,-95.3557052,472
482014204001,29.6606393,-95.4601883,98
482015207002,29.7969506,-95.4890038,444
482015332002,29.8670101,-95.4539815,8
482014326001,29.728286,-95.5053954,118
482013322003,29.6825549,-95.3376618,23
482013205002,29.6961467,-95.2433121,5
482013113003,29.70756,-95.2987745,111
482015332003,29.8646909,-95.4616882,36
482012512001,30.0638041,-95.2160986,427
482014232012,29.6607248,-95.5389422,31
482014220001,29.6641664,-95.4866528,30
482014332021,29.7009716,-95.541196,19
482015204001,29.8109512,-95.4817758,1580
482015113023,29.7973437,-95.3972673,864
482014114002,29.7447576,-95.431309,590
482012302002,29.8223921,-95.3161463,17
482015315002,29.8349848,-95.4761021,2
482013103006,29.7425558,-95.339462,86
482015308002,29.8557793,-95.4241804,99
482013306004,29.6164766,-95.4385862,196
482013332013,29.6672273,-95.2744368,10
482015324001,29.8748587,-95.48962,398
482015324002,29.8698577,-95.4955957,362
482014120002,29.7203003,-95.4156147,4614
482015521022,29.9453479,-95.6139963,87
482015331003,29.8768843,-95.4573836,3
482015223011,29.7934807,-95.5280223,1340
482015223012,29.7897714,-95.5226378,35
482015224021,29.7910581,-95.5584496,3088
482015224011,29.808522,-95.5497229,164
482015317002,29.8323408,-95.4344597,514
482015213002,29.8185297,-95.5135487,54
482014120001,29.7230906,-95.4043492,554
482015105002,29.7807067,-95.4029481,1286
482013311002,29.6759517,-95.3707271,1014
482012332002,29.7778046,-95.1960131,57
482013124001,29.732947,-95.3670241,103
482015308001,29.8608576,-95.4177386,162
482014534011,29.6569803,-95.5793722,299
482012203001,29.8261424,-95.3720112,366
482015335001,29.8872988,-95.4162609,308
482014112001,29.7540208,-95.4325604,681
482014112002,29.7505278,-95.4273387,159
482014114001,29.7442597,-95.4420197,1603
482014114003,29.745051,-95.4226049,791
482014311022,29.7414782,-95.5303002,206
482014116001,29.736244,-95.4508504,132
482014116002,29.734778,-95.4563685,616
482013127002,29.7253139,-95.3659665,559
482013128001,29.7252912,-95.3599982,7
482013128002,29.721476,-95.3576431,1420
482013130001,29.7219976,-95.3746795,199
482014227012,29.7032027,-95.4979719,8
482014227021,29.6979926,-95.5068472,14
482014227022,29.7001223,-95.5122346,60
482014228001,29.6916818,-95.5189085,1945
482014228003,29.6884493,-95.511483,109
482014332022,29.6938171,-95.5442422,3
482014332011,29.6997145,-95.5505044,1715
482013405022,29.5618319,-95.121135,19
482013401022,29.5981431,-95.1863846,776
482013401011,29.5844148,-95.1715498,1968
482019800001,29.646318,-95.2773397,1760
482015340021,29.9129398,-95.5008199,1612
482013401021,29.6075846,-95.1952069,141
482014513021,29.7465965,-95.5920826,83
482014519031,29.7149107,-95.6109613,28
482014526021,29.708301,-95.6192851,346
482014519042,29.7258043,-95.6125532,148
482014519043,29.7216391,-95.6087559,10
482014520011,29.7310454,-95.6091023,48
482014513012,29.739448,-95.5953119,557
482014513014,29.7415609,-95.6014378,735
482014521011,29.7319193,-95.5844163,305
482015223023,29.7916232,-95.5362407,72
482015221023,29.8193374,-95.5345138,59
482015221022,29.8122607,-95.5314296,33
482014308003,29.7750033,-95.5472584,17582
482013101021,29.7625737,-95.3472119,34
482013502012,29.5911437,-95.2287037,61
482013405013,29.5710684,-95.1223131,21
482013405014,29.5664957,-95.127246,302
482013211011,29.6172278,-95.2015935,1005
482014229004,29.6810243,-95.5320669,242
482014534053,29.6642411,-95.5729411,1743
482014534043,29.6700491,-95.5797385,19
482015210002,29.7930203,-95.5190615,1536
482012123005,29.7779418,-95.3641312,63
482012202001,29.8166572,-95.3690154,420
482012125001,29.7682014,-95.27677,5325
482015532012,30.0210987,-95.4447116,3295
482015223013,29.7870022,-95.5265852,2834
482014521013,29.7299023,-95.5875579,2183
482014537022,29.6815962,-95.5978738,391
482014536042,29.6776243,-95.5802818,388
482014229003,29.6870211,-95.526585,1740
482015503041,30.0120804,-95.4306924,416
482015321021,29.8467375,-95.4850317,126
482014232043,29.6696782,-95.5334711,135
482014334004,29.6892608,-95.5430091,20
482015320042,29.8513307,-95.4675666,149
482012215012,29.8632113,-95.3987457,713
482015306003,29.8410672,-95.4070606,470
482015303001,29.8165783,-95.3849694,46
482015305022,29.8329248,-95.3959959,51
482012225051,29.9193581,-95.4064792,1817
482012415013,29.9933362,-95.2911404,6518
482012409052,30.0125943,-95.3231601,385
482015503032,29.9714359,-95.4235203,906
482014118011,29.7264077,-95.4331284,1345
482015115011,29.8089106,-95.4080197,2058
482015206042,29.8069238,-95.4925982,377
482015212021,29.8068468,-95.5176233,617
482015115023,29.8069832,-95.3887326,219
482014330071,29.7117167,-95.5448936,16
482014330033,29.7107778,-95.547198,6
482014330061,29.712798,-95.5430112,0
482014330063,29.7101707,-95.5414968,9
482014328051,29.7117881,-95.5189943,0
482014328032,29.7158372,-95.5184372,84
482014327052,29.7269936,-95.4966198,108
482014311023,29.7438247,-95.5329034,135
482014323012,29.7316073,-95.5415143,1
482014312031,29.7397442,-95.506731,17
482014330062,29.7125956,-95.5403938,2
482014314031,29.7404825,-95.478229,2294
482014314042,29.7460901,-95.4811866,1051
482014519034,29.7185787,-95.6077168,28
482014514041,29.7483484,-95.6201492,7
482014514061,29.7447229,-95.6159326,22
482014520021,29.7345736,-95.6021452,444
482014510032,29.7461062,-95.5865088,0
482014510053,29.7423928,-95.5750492,0
482014510051,29.7406937,-95.5749925,0
482014312061,29.7389693,-95.5130357,574
482014329031,29.7126746,-95.5379318,0
482014311013,29.7399924,-95.5331672,76
482014312052,29.7396292,-95.5164626,1
482014312053,29.7394066,-95.5177855,0
482014321012,29.7343018,-95.5158094,151
482014506001,29.7648377,-95.6143727,50
482015407001,29.8441999,-95.6136761,219
482015222011,29.8016777,-95.5275935,1319
482015302001,29.8160244,-95.4068163,249
482015309001,29.8362345,-95.4135469,405
482015319001,29.8452268,-95.45115,150
482015326002,29.8872659,-95.4895323,59
482015335003,29.8952485,-95.4246068,16
482015402001,29.822288,-95.5697684,5596
482015314001,29.8302031,-95.4709951,403
482015326001,29.8923819,-95.4887153,44
482015533002,30.0253404,-95.4332104,1011
482012510002,30.0452333,-95.1831824,385
482012511001,30.0460303,-95.2228687,20
482012511002,30.0363838,-95.2213438,8
482012406001,29.9494659,-95.401572,5
482012511003,30.039777,-95.2332791,3296
482012109001,29.8041585,-95.3312426,50
482012110001,29.7970912,-95.3321489,179
482012108002,29.7810234,-95.3457402,47
482012223003,29.891519,-95.3343953,23
482012315002,29.8557456,-95.2959595,67
482014330032,29.7082648,-95.5472563,30
482012104002,29.7863478,-95.360949,213
482013316021,29.6293626,-95.3189586,1169
482013317001,29.6440055,-95.32357,206
482014334001,29.689627,-95.5477318,28
482013327001,29.6832359,-95.3003386,168
482014331002,29.6919554,-95.5547468,1111
482015111002,29.8061125,-95.4257673,823
482019801001,29.9882271,-95.3387998,24580
482015113022,29.7945314,-95.3916009,401
482015210001,29.7975637,-95.514235,482
482015211001,29.8014984,-95.5229927,20
482015213001,29.8188432,-95.5219341,154
482015213003,29.8161049,-95.5050659,175
482015213004,29.813526,-95.5118185,33
482014538002,29.6663858,-95.6037723,33
482015113021,29.8011694,-95.3918071,301
482013107002,29.7195005,-95.3122392,1328
482013108001,29.7309831,-95.3091568,2093
482013123001,29.7392594,-95.3628566,96
482013123002,29.735968,-95.3575075,92
482013106001,29.737123,-95.3215125,1148
482013106002,29.7319324,-95.3226763,7
482013106003,29.7336864,-95.3271895,138
482013106004,29.7265448,-95.3271927,21
482013106005,29.72872,-95.3302213,20
482013107001,29.7232926,-95.3213359,511
482012319003,29.8755471,-95.293175,145
482014523001,29.7109421,-95.5643445,6573
482012124003,29.7771636,-95.3052173,68
482014202001,29.6647677,-95.4434818,437
482015332001,29.8668142,-95.4406248,43
482012515031,30.0736328,-95.1850599,29
482012514011,30.0808776,-95.1912368,45
482012514021,30.0739942,-95.2068068,441
482014401011,29.6506227,-95.559587,3295
482013207003,29.6748626,-95.2431238,155
482013332031,29.6590171,-95.260673,1545
482013329003,29.6931215,-95.2918092,505
482013127001,29.7283643,-95.3707071,426
482013125011,29.7427721,-95.3680437,797
482015107022,29.7686591,-95.406429,607
482014312042,29.7473279,-95.504127,2956
482015333012,29.8678524,-95.425166,23
482015334012,29.8912757,-95.4281509,110
482012215011,29.8648933,-95.3900003,274
482013139011,29.6994333,-95.3835237,1598
482013140033,29.6887184,-95.4015847,778
482013144022,29.6875406,-95.407872,3719
482014122012,29.711894,-95.4077526,166
482014119021,29.7266021,-95.3929645,1188
482013138012,29.686099,-95.3696525,34
482012225042,29.9228732,-95.4066684,3
482014108011,29.7364202,-95.4084593,246
482014105021,29.7490606,-95.3873155,445
482015110031,29.8000788,-95.4355412,612
482015111003,29.808143,-95.4332622,2284
482015112011,29.7958654,-95.4142892,496
482014211031,29.7182901,-95.4806352,1048
482014327053,29.7269462,-95.499487,32
482014107061,29.7361984,-95.3850116,553
482015111001,29.8109281,-95.4199412,7125
482013320002,29.6736726,-95.3510803,437
482015333021,29.8867192,-95.4222992,0
482014535014,29.6630179,-95.588469,145
482014211041,29.7211686,-95.4784227,8
482014314012,29.7421294,-95.4838531,4794
482014320051,29.7336436,-95.4926621,7
482014320053,29.7337873,-95.4934841,366
482014207002,29.6759007,-95.4669387,207
482014208001,29.6848897,-95.4635165,2137
482014208002,29.683574,-95.4703807,34
482014208003,29.6844817,-95.4747652,61
482014312062,29.7423206,-95.5160712,494
482014312051,29.7391051,-95.5197625,31
482013338013,29.6118521,-95.2917492,1016
482015320044,29.8454693,-95.4654369,42
482012510003,30.03361,-95.1870219,387
482015206012,29.8178783,-95.4925581,2328
482015521012,29.9211,-95.616629,1528
482014311011,29.7489785,-95.5355029,33
482014309001,29.7529606,-95.531474,134
482014309002,29.7559496,-95.5403149,124
482014309003,29.7608175,-95.5481828,97
482014309004,29.7665565,-95.5581885,546
482013505001,29.5830682,-95.2042874,1382
482012119002,29.7855187,-95.2998398,10
482015224013,29.7942096,-95.5499236,732
482013111004,29.7327615,-95.2856287,221
482014334002,29.6853372,-95.5402532,948
482013303023,29.620185,-95.4813003,1078
482012105002,29.795306,-95.3533496,194
482012105003,29.7938649,-95.3643688,550
482012301001,29.814062,-95.3300177,422
482012203002,29.8217578,-95.3707179,230
482012203003,29.8245533,-95.3612161,436
482012204002,29.8331429,-95.3618924,365
482012205001,29.8284908,-95.3788957,1911
482012206001,29.8418502,-95.3722218,190
482012206002,29.8428683,-95.3660921,89
482012208001,29.8365815,-95.3384078,106
482012214002,29.8525877,-95.3877765,914
482015327001,29.8801886,-95.4788851,286
482015327003,29.870803,-95.477549,36
482013116001,29.7034226,-95.2870281,0
482013116002,29.7013406,-95.2885055,0
482013328002,29.6948163,-95.304539,230
482015331001,29.8750988,-95.4647652,84
482014508011,29.7604381,-95.567314,43
482012336001,29.7532167,-95.2592419,1413
482014332012,29.6925883,-95.5488401,53
482014330031,29.7080217,-95.5524974,3377
482012201001,29.8151628,-95.3434635,717
482012202002,29.8163594,-95.3570002,1186
482012326002,29.7824298,-95.2407436,2110
482013402011,29.6096139,-95.1668693,2891
482012408024,30.0156002,-95.3715147,838
482014214012,29.7146772,-95.4935966,359
482014331001,29.6997124,-95.5545739,1676
482014117001,29.7283962,-95.4542009,1058
482014508012,29.7592097,-95.5741012,39
482012302003,29.819877,-95.3076335,489
482012302005,29.8141062,-95.2965825,614
482012302001,29.8125053,-95.31537,656
482012303002,29.8304232,-95.3149939,10
482012304002,29.8334794,-95.3254314,91
482012304003,29.8239066,-95.3290872,45
482012305001,29.8592466,-95.3251567,78
482012305002,29.8525911,-95.3290466,146
482012305003,29.8386177,-95.3310396,119
482013323001,29.6692113,-95.3236595,5
482013323002,29.6639073,-95.3230674,13
482013324001,29.6683557,-95.332939,62
482013324002,29.6617121,-95.3326523,25
482012123003,29.7729818,-95.3519735,1065
482012114003,29.7655501,-95.3354283,440
482013324003,29.6546005,-95.3267742,8
482013406001,29.5764228,-95.1288759,114
482013406002,29.5749619,-95.1350786,15
482013325001,29.6611055,-95.3129137,7
482013325002,29.6673922,-95.3041436,62
482013408001,29.5778915,-95.1490131,261
482013403021,29.5898737,-95.1105532,532
482014103002,29.7590487,-95.4000976,718
482014104011,29.7454152,-95.4084964,698
482014111003,29.7446041,-95.4147083,438
482014111002,29.7478008,-95.4146946,947
482013409002,29.5739642,-95.1560662,638
482013409001,29.562813,-95.146466,137
482014311012,29.744459,-95.5366044,57
482014313022,29.7419766,-95.491528,1399
482015105001,29.78788,-95.4010295,386
482013124002,29.729232,-95.3609873,20
482013118001,29.7045188,-95.3160603,1137
482014544001,29.7493996,-95.6721883,5724
482012312001,29.8466119,-95.2414614,20
482012313001,29.860767,-95.2726663,57
482012123004,29.7789269,-95.3530053,102
482012123001,29.7754741,-95.3577165,80
482012123002,29.7805595,-95.3572332,449
482012104001,29.7864853,-95.3627806,491
482012313002,29.8511661,-95.2695151,357
482012314001,29.8648347,-95.2857896,38
482012315001,29.8627656,-95.2969664,26
482014214022,29.713748,-95.4868408,0
482014234012,29.6510587,-95.5196655,158
482014211012,29.7233439,-95.4752554,35
482013408003,29.586246,-95.1413659,120
482013408002,29.5823853,-95.1372067,319
482013505004,29.5904004,-95.1992146,14
482014534012,29.6530506,-95.5745826,198
482015520021,29.9132313,-95.6088331,2407
482015222012,29.8088554,-95.5373324,156
482015222021,29.8036414,-95.5377938,112
482015222022,29.7977659,-95.5379697,773
482015223021,29.7896227,-95.542246,254
482015327002,29.8765859,-95.4852508,75
482013140011,29.6922259,-95.3910949,112
482015315001,29.8363631,-95.4689365,446
482015315003,29.8378259,-95.4820616,538
482015316001,29.838182,-95.449446,742
482015316002,29.8372739,-95.4605696,292
482015317001,29.8383764,-95.436746,842
482015318001,29.8534594,-95.4363437,304
482015319002,29.8585414,-95.4485511,32
482015339022,29.9328991,-95.5040717,3060
482013122001,29.7327913,-95.34787,91
482013122002,29.7293115,-95.3478342,22
482013133001,29.701912,-95.3319122,139
482013134002,29.6909393,-95.3331063,926
482013135001,29.6925547,-95.344557,30
482013135002,29.6906182,-95.3483815,104
482013212001,29.6341665,-95.2006317,318
482013506011,29.5554164,-95.1725571,6241
482015223022,29.7869682,-95.5355073,3191
482015325023,29.8788969,-95.5036004,22
482013122003,29.7331435,-95.3537453,84
482013136003,29.6887257,-95.361829,57
482012112002,29.7922089,-95.32013,20
482012114001,29.7721427,-95.3205624,56
482012114002,29.7642398,-95.3216015,841
482013505002,29.5951962,-95.1968461,265
482012333002,29.7654389,-95.2190596,913
482012333003,29.7655718,-95.2089813,1883
482012306001,29.8449265,-95.3028386,537
482012336002,29.7392791,-95.2608181,1
482013340032,29.6084771,-95.2257189,141
482013130002,29.7159563,-95.3746838,347
482013130003,29.7206271,-95.369605,332
482015328001,29.8727523,-95.4714706,442
482015330001,29.8893243,-95.4617333,102
482015331002,29.8765509,-95.4483361,22
482013118003,29.7089951,-95.3101573,277
482013218002,29.685817,-95.2391626,32
482013104002,29.7497113,-95.334045,80
482013104003,29.7459287,-95.3309288,1686
482013135003,29.6857028,-95.3493142,97
482013136002,29.6907424,-95.356109,300
482013137001,29.6937999,-95.365457,50
482013137002,29.6992623,-95.3670472,448
482012225011,29.9265415,-95.4061291,16
482014314011,29.7479637,-95.4841992,3228
482015110012,29.7958431,-95.4434534,10494
482012204003,29.8308239,-95.3719698,156
482012205002,29.8414837,-95.3801321,295
482012205003,29.8412689,-95.3872716,702
482012214003,29.8566944,-95.3959444,516
482014502003,29.7801891,-95.5718279,495
482015218001,29.8518716,-95.5552763,12228
482015218002,29.8371256,-95.5508772,357
482015206041,29.8069073,-95.498431,124
482015215012,29.823384,-95.5215804,35
482015323022,29.8532107,-95.5026277,125
482015103021,29.7862326,-95.3804403,50
482013332051,29.662022,-95.2745147,6
482013129021,29.7133328,-95.363845,149
482011000011,29.7522286,-95.3666708,79399
482014103003,29.7566075,-95.4055058,1919
482014224051,29.6580181,-95.507019,227
482014201003,29.6747933,-95.4345339,219
482013240003,29.6287414,-95.1822198,599
482014318031,29.74827,-95.4651953,1617
482012208003,29.8262536,-95.3383729,133
482014104013,29.7506909,-95.4085025,84
482014113022,29.7437557,-95.4506635,3957
482014113021,29.7441776,-95.4551705,1298
482015108022,29.7669094,-95.4241895,286
482012509022,30.0640807,-95.1501193,21
482012515041,30.0683778,-95.1782087,358
482013139021,29.6823899,-95.3848682,17
482014520014,29.7329751,-95.6127433,150
482012113023,29.7820276,-95.3207075,29
482012115012,29.7663207,-95.3005177,780
482012115011,29.7621394,-95.2895064,2060
482013110012,29.7427655,-95.3042305,97
482013105003,29.7427848,-95.3195041,19
482012327011,29.7795279,-95.2257027,29
482013101012,29.7524485,-95.3396187,1608
482012113022,29.7766615,-95.3203637,412
482012504031,30.0088917,-95.1374073,0
482012111021,29.7826453,-95.3313365,0
482015108031,29.7615945,-95.4183401,1682
482015107012,29.7650279,-95.4015622,1885
482013101022,29.758348,-95.3420472,881
482013339063,29.6046151,-95.2592896,114
482013407022,29.5717923,-95.1395111,4
482014330041,29.717083,-95.5433039,629
482013405011,29.5692681,-95.1166613,4
482013413031,29.5649425,-95.1076738,24
482014102023,29.7550988,-95.3873079,142
482015323011,29.8633718,-95.5086332,961
482013413032,29.5657347,-95.1119256,1737
482013211021,29.6296833,-95.2080131,77
482014320052,29.7359305,-95.4919768,117
482015205021,29.8348054,-95.4871734,257
482015323012,29.858736,-95.5142924,6321
482015533001,30.0298035,-95.4347763,11
482014103001,29.7552045,-95.400171,1341
482014531001,29.7001419,-95.5640131,386
482013505003,29.5769041,-95.1904744,192
482014214033,29.7104029,-95.4878628,50
482014214032,29.7103814,-95.4920452,10
482014217002,29.6912704,-95.489328,39
482014217003,29.6823323,-95.4893859,177
482014217004,29.6823922,-95.4853981,14
482014316001,29.767579,-95.4732403,71
482014316002,29.7632893,-95.4831937,969
482014219001,29.6744161,-95.4849357,590
482014316003,29.7632319,-95.4901386,454
482014519021,29.7225162,-95.5987045,1752
482015104003,29.7861213,-95.3947566,3479
482015105003,29.7869506,-95.4070948,672
482015101001,29.7677062,-95.371279,11571
482014502002,29.7782723,-95.5787749,2420
482014232011,29.6610312,-95.546176,196
482014233012,29.6703526,-95.5121895,128
482014333001,29.7009145,-95.5327491,86
482014333002,29.7004052,-95.5238095,59
482014333003,29.6934346,-95.5312383,300
482014235001,29.6509447,-95.5411795,588
482014236001,29.6416994,-95.5323572,178
482012511005,30.0366076,-95.2483119,487
482012512003,30.0594449,-95.2220656,6
482012513001,30.0624385,-95.1925717,298
482012513002,30.0644965,-95.2025514,112
482012513003,30.0600639,-95.2072949,4
482012513004,30.0496043,-95.2028972,158
482012513005,30.0538665,-95.1920089,255
482014120003,29.7216458,-95.410559,78
482014229002,29.6801273,-95.5262986,588
482014323031,29.7330116,-95.5517775,6471
482014310012,29.7422006,-95.5555418,921
482014525022,29.7104993,-95.6095333,124
482014517004,29.7313067,-95.6354744,63
482014514051,29.7412332,-95.6211734,186
482014310023,29.7504816,-95.546708,44
482014510052,29.7391728,-95.5737134,1625
482014510031,29.7427274,-95.5870902,4
482014508042,29.7502703,-95.5608492,537
482014510062,29.7455544,-95.5741228,112
482014519041,29.7199968,-95.6152057,9
482014513011,29.737783,-95.5911592,500
482014508041,29.75588,-95.5607011,62
482014223031,29.648466,-95.5052055,7
482013316041,29.6293379,-95.3427234,0
482013315021,29.6332276,-95.3659283,21
482014133023,29.6823163,-95.4358726,194
482013143011,29.6801435,-95.4176784,20
482013143021,29.679777,-95.4226845,3991
482014133013,29.6914314,-95.4249403,25
482015432011,29.7958814,-95.5702608,6848
482014504021,29.7822462,-95.6175898,2931
482013103001,29.7406393,-95.3305046,195
482013103002,29.7371952,-95.3311596,116
482013103003,29.7335235,-95.3377511,1483
482013103004,29.7359835,-95.3359979,3
482014552003,29.7798269,-95.7730213,502
482014535013,29.6712397,-95.590489,32
482014534032,29.6717299,-95.5841,104
482014534031,29.667435,-95.58635,30
482014535011,29.673967,-95.5891786,73
482014233031,29.6582599,-95.5125877,82
482014232041,29.6673813,-95.5301653,1
482015224022,29.8110053,-95.5555174,0
482013136004,29.6829729,-95.3611574,25
482013132011,29.7064122,-95.3505672,653
482013132022,29.7069288,-95.3733539,399
482015110033,29.7975448,-95.4359664,18
482013115011,29.704073,-95.2896714,472
482014106022,29.7486135,-95.379911,470
482015109013,29.7803645,-95.4144053,358
482013409004,29.5644709,-95.1576554,407
482013206012,29.6842854,-95.262881,3697
482015109021,29.7872061,-95.4132667,859
482012517012,30.0422525,-95.1039885,245
482012509011,30.0439356,-95.1645786,70
482012509024,30.0385329,-95.1385085,47
482012509021,30.0536372,-95.1550442,35
482012515053,30.0543062,-95.1763966,955
482012510001,30.036134,-95.2080371,24
482012517013,30.0239644,-95.1220346,33
482012227011,29.9352513,-95.3012583,982
482014101012,29.7553833,-95.3807719,280
482014101011,29.7543444,-95.3837472,126
482014102021,29.7550442,-95.3905458,219
482014106021,29.7506528,-95.3745339,1099
482019807001,29.7620997,-95.3652151,73954
482012509023,30.0469437,-95.1503957,84
482013138022,29.6863209,-95.3767537,131
482015106021,29.7745334,-95.4234788,462
482014105023,29.7480491,-95.3842548,462
482015110041,29.7937011,-95.4259554,66
482015112012,29.7959495,-95.4198667,160
482012213021,29.8489522,-95.3658542,134
482015102021,29.7726957,-95.3792257,2119
482015102022,29.7656921,-95.3952169,758
482015102023,29.772701,-95.3900006,2055
482014101021,29.7600531,-95.3802811,377
482014102011,29.7599093,-95.3922725,8274
482015102012,29.7646808,-95.3880947,132
482014101022,29.7550608,-95.3766562,382
482013101011,29.7513394,-95.3500621,1441
482012207012,29.8369387,-95.3516506,26
482013115022,29.7114442,-95.2842443,298
482013407011,29.5578584,-95.1332984,218
482013332014,29.6705986,-95.274596,162
482013332011,29.6710605,-95.2684848,444
482015102011,29.7651494,-95.3816956,721
482015103011,29.7842277,-95.3724538,816
482015103012,29.7807319,-95.3804333,128
482013410021,29.5555236,-95.1440916,25
482015103023,29.784442,-95.3859806,92
482015104002,29.7791941,-95.3924385,3239
482013110011,29.7491107,-95.3034351,436
482013129011,29.7116778,-95.3592398,26
482012115022,29.7748856,-95.2920349,529
482013410012,29.5553537,-95.1374426,376
482013110021,29.7429904,-95.2912136,170
482013110023,29.7425961,-95.2964273,149
482012113011,29.7725983,-95.3373197,37
482012327012,29.7845865,-95.2256828,262
482012113021,29.7734409,-95.3308498,186
482012111022,29.7886679,-95.3293129,5
482011000012,29.7587873,-95.356027,5452
482014212051,29.718099,-95.4937154,621
482014212041,29.7220532,-95.4910978,69
482014212042,29.7208414,-95.4879047,30
482014401022,29.6459474,-95.5479455,467
482014213022,29.7081632,-95.4988036,687
482014218011,29.6804056,-95.4781675,256
482014222003,29.6376391,-95.4951879,13
482015414042,29.8648851,-95.6479992,352
482014213012,29.7093539,-95.4953958,547
482014212061,29.7182163,-95.4869012,276
482014232032,29.6594604,-95.5318895,685
482013316043,29.6349312,-95.3438276,37
482014213011,29.7072508,-95.4941339,108
482014215021,29.712421,-95.4799379,889
482013301013,29.6359738,-95.4256452,8
482013301012,29.639561,-95.4262308,1
482014218012,29.6774712,-95.4816799,1
482014205002,29.6488511,-95.4722713,86
482014232031,29.6641542,-95.5328376,78
482014233041,29.6627345,-95.516534,134
482014234011,29.6536805,-95.512522,454
482013316042,29.6310822,-95.3451769,0
482013316031,29.6349202,-95.3523341,6
482014215013,29.7082783,-95.4825899,207
482014203001,29.6684554,-95.451047,61
482014516062,29.7534214,-95.6399503,51
482013111002,29.7276343,-95.2904966,22
482013111003,29.7272494,-95.284842,201
482013112001,29.7209457,-95.2916309,210
482013120001,29.7190954,-95.339753,356
482013120002,29.7132235,-95.3524662,54
482013119001,29.7130974,-95.3171788,1103
482013119002,29.7186211,-95.3291229,7982
482012405062,29.9605872,-95.3901716,1611
482012405043,29.9500175,-95.3954373,0
482015501012,29.9507725,-95.4233167,90
482012401022,29.9475738,-95.4106316,5328
482015307023,29.8548774,-95.4066967,163
482013339042,29.6067071,-95.2464583,145
482012520033,29.9160546,-95.150904,101
482014332023,29.6940075,-95.5395661,50
482014520013,29.7349135,-95.6075693,128
482015221012,29.8205844,-95.5432683,276
482014307003,29.7771727,-95.5401647,13
482014307004,29.7815702,-95.5380785,11439
482013124003,29.7268929,-95.3540027,65
482014327061,29.7299232,-95.4982869,455
482014535012,29.660941,-95.5918167,14
482014545021,29.7418511,-95.7157159,154
482013109003,29.7360053,-95.2999752,58
482012204001,29.8353438,-95.3719175,157
482014214031,29.7070086,-95.4895661,586
482015306001,29.8249187,-95.4037458,3333
482013340031,29.6043621,-95.221997,97
482013114001,29.7192855,-95.2749811,1422
482014535021,29.6692608,-95.595756,20
482013118002,29.7058393,-95.324775,1366
482013133002,29.706187,-95.3386339,83
482013205001,29.6990441,-95.2455285,1334
482013206022,29.6807397,-95.2546326,1113
482014522022,29.7249754,-95.5665694,153
482012208002,29.8262188,-95.3405399,111
482012209001,29.8488405,-95.3376376,553
482012210001,29.8647181,-95.3448125,246
482012211002,29.8564371,-95.3557624,150
482012211003,29.8504294,-95.3549398,109
482012212001,29.866032,-95.3678128,121
482012212002,29.860695,-95.3676001,69
482012212003,29.861933,-95.3783523,160
482013111001,29.7377391,-95.2833031,414
482015101002,29.7747393,-95.3717621,337
482012514022,30.07243,-95.1931421,174
482013402022,29.6183249,-95.1277475,1101
482013402021,29.599879,-95.1393907,1038
482013402023,29.6096761,-95.1517971,939
482013242002,29.7156025,-95.2438522,1390
482013242001,29.7181411,-95.260742,23
482013317002,29.6392286,-95.3431552,28
482013317003,29.6435482,-95.3490052,13
482013319001,29.6631164,-95.3523939,34
482013320001,29.6710467,-95.3419896,8
482013321001,29.6810159,-95.347551,69
482013321002,29.6795938,-95.3404509,100
482015304001,29.8266044,-95.3923787,378
482015304002,29.8256649,-95.3837888,274
482013322001,29.6866799,-95.3310009,192
482013322002,29.6779198,-95.3284489,2480
482013108002,29.728322,-95.314858,342
482012331012,29.7878651,-95.1830035,367
482014320031,29.7334773,-95.486917,862
482014534052,29.6709807,-95.573406,73
482014336012,29.6689859,-95.5572682,9
482014536032,29.6858574,-95.5805717,193
482014328063,29.7113843,-95.5168661,128
482014328052,29.7064996,-95.5168089,3023
482014328062,29.7114843,-95.5092507,77
482014537021,29.6845786,-95.6010248,773
482014520012,29.7319537,-95.6174976,35
482014335052,29.6835724,-95.5535813,3
482014336022,29.671441,-95.5580453,475
482014335062,29.6803619,-95.5536616,6
482014328033,29.7153841,-95.514694,1088
482014329042,29.7105969,-95.5304748,243
482014503012,29.773189,-95.5953353,501
482014503021,29.7828419,-95.5970354,3849
482014503023,29.7765474,-95.6038343,1218
482014504022,29.7791059,-95.6110259,3048
482015219003,29.8139605,-95.5495811,183
482014335042,29.678022,-95.5513549,3502
482014536031,29.68155,-95.5722996,794
482014335071,29.6790131,-95.557922,532
482014530022,29.6999974,-95.5814852,701
482014328031,29.7142666,-95.5171456,29
482014329013,29.7179177,-95.5298285,950
482014516051,29.7437617,-95.6259461,681
482014516061,29.7433326,-95.6314666,99
482014516063,29.7444033,-95.6393666,418
482014515012,29.7605997,-95.6239973,1594
482014515013,29.7621489,-95.6217348,4889
482014132062,29.6986314,-95.4211792,34
482014312032,29.7424304,-95.5098521,32
482014215022,29.7155133,-95.4831861,71
482014215023,29.7136929,-95.48316,4
482013140031,29.6916128,-95.3948468,25
482014320062,29.7363898,-95.4973424,156
482015220011,29.8238102,-95.539077,2
482014503024,29.7780139,-95.5966769,13
482015212022,29.8069547,-95.5095409,1074
482012406002,29.9466967,-95.3977138,0
482015220021,29.8240991,-95.5276635,0
482012327015,29.7769124,-95.2216253,0
482012405031,29.9488969,-95.3907639,0
482012401021,29.948517,-95.4053762,2
482014521021,29.7347268,-95.5783081,47
482015213005,29.8129524,-95.5202932,821
482015215022,29.8269678,-95.5134076,159
482012506021,29.9886274,-95.2333411,1250
482013315022,29.6232786,-95.3733342,635
482014133021,29.6858332,-95.4296382,446
482014129021,29.6824556,-95.4431237,69
482014129022,29.6842237,-95.4475902,847
482013143022,29.6866213,-95.4165261,1871
482013143012,29.6799478,-95.4143054,201
482014133012,29.6844892,-95.4246295,623
482014129011,29.6863532,-95.4542269,709
482014133022,29.6878248,-95.4353774,56
482015432012,29.8032054,-95.5754821,1595
482015432021,29.7892437,-95.5831441,83
482013333022,29.6341704,-95.2579102,1708
482013210023,29.6406529,-95.2345513,325
482013210011,29.6363873,-95.2330606,7
482013209021,29.6487017,-95.2348807,62
482013209022,29.6488494,-95.2268645,103
482013213011,29.6508912,-95.2200655,126
482012328011,29.7890254,-95.2006192,223
482015333022,29.882464,-95.4247923,9
482014133014,29.6954049,-95.4162112,599
482014216022,29.7017486,-95.4774386,338
482014132041,29.6983912,-95.4242624,16
482015417031,29.7940498,-95.6861043,8
482015417033,29.8027115,-95.6649617,263
482014223033,29.6470093,-95.5068641,15
482013309021,29.6073295,-95.4016756,753
482014225013,29.6756279,-95.4979052,804
482014119012,29.728406,-95.4049666,1313
482013301021,29.6347678,-95.4165137,212
482012515051,30.0580853,-95.1791947,15
482014225012,29.6736327,-95.5041084,3
482014222004,29.641762,-95.4955739,30
482013309013,29.6192637,-95.3936154,78
482014218021,29.6812523,-95.4817753,8
482014107051,29.7356223,-95.397272,191
482014233042,29.660373,-95.5244451,235
482014233043,29.6577769,-95.5173544,137
482013316023,29.6261159,-95.3360391,156
482013316033,29.6228293,-95.3485755,112
482014545041,29.7622573,-95.6951309,321
482013341012,29.6655481,-95.4314392,1068
482013341011,29.6751347,-95.4212364,3721
482013315012,29.628936,-95.3595801,60
482013403023,29.5990415,-95.1155966,28
482013403012,29.5885008,-95.1236073,147
482013403011,29.5953799,-95.1301974,219
482014220003,29.6621111,-95.4797843,12
482014221001,29.6545177,-95.482537,1024
482014221002,29.6458426,-95.4842388,15
482014221003,29.6404517,-95.4891842,6
482014221005,29.6536156,-95.4892335,46
482014222002,29.6419046,-95.505325,16
482014223021,29.6490268,-95.4971327,58
482014322001,29.733205,-95.5357492,664
482014322002,29.7314861,-95.5292904,220
482014111001,29.7537218,-95.4136177,111
482014322003,29.7359774,-95.5283269,310
482014219002,29.6692673,-95.481509,42
482014219003,29.6695636,-95.4892655,24
482014326002,29.7250792,-95.5125502,3891
482014318011,29.745553,-95.4695131,3596
482014517001,29.7327913,-95.6407388,324
482014518001,29.7242411,-95.6216919,36
482014518002,29.7164278,-95.6199009,144
482014220002,29.659783,-95.4880026,81
482014528011,29.6995497,-95.6105728,50
482014528021,29.6998602,-95.6002446,170
482014529001,29.6999067,-95.5919181,426
482014529002,29.6925472,-95.591777,76
482013112002,29.7197913,-95.2970748,213
482012415021,29.9505487,-95.2948525,119
482013303013,29.6400643,-95.4709475,285
482015211002,29.80188,-95.5183131,93
482014527011,29.7002873,-95.61858,165
482015221021,29.8178752,-95.5298857,230
482015321013,29.8430101,-95.476142,216
482015220012,29.8285447,-95.5394446,197
482014527012,29.6934114,-95.6193039,41
482013201001,29.6974192,-95.2818502,304
482013201002,29.6914704,-95.2805949,132
482012324051,29.8201043,-95.2179938,627
482012207011,29.8431806,-95.3456789,199
482013202022,29.6874722,-95.2696383,169
482013202011,29.7006217,-95.2746572,143
482013202012,29.7011523,-95.2656766,181
482013138023,29.6829394,-95.3737735,797
482014301022,29.7814232,-95.4804612,1609
482015106023,29.7724205,-95.4154345,944
482015108011,29.7681515,-95.4124135,750
482015109012,29.7822766,-95.4269481,134
482015109011,29.7796669,-95.4230481,165
482015110042,29.7985696,-95.4255163,112
482012213023,29.8540194,-95.366572,39
482013115012,29.7065373,-95.28366,15
482013115021,29.7048343,-95.2782135,50
482015115021,29.8122353,-95.3864872,322
482013332032,29.6621677,-95.2703397,5120
482013331003,29.6767903,-95.2778183,54
482013117011,29.6992833,-95.3149072,687
482013132021,29.7042403,-95.3647818,89
482013132023,29.7084978,-95.366137,43
482013131012,29.7063194,-95.3796059,1078
482013131011,29.7112172,-95.3807611,9
482013126012,29.7196935,-95.3813741,197
482015432022,29.8103843,-95.6126546,13455
482013308012,29.6147881,-95.325017,515
482013213021,29.6447146,-95.2117152,920
482013210013,29.6327632,-95.2274769,807
482013339032,29.6225364,-95.2321406,2082
482013339041,29.6151654,-95.2460818,56
482013508033,29.5310155,-95.1463769,1622
482012213012,29.8564283,-95.3781385,93
482012213022,29.8573064,-95.3666011,32
482012332004,29.7848508,-95.1872088,31
482012332001,29.7831081,-95.1976856,3
482015116001,29.7949233,-95.3742968,231
482015322002,29.8517345,-95.4760197,147
482014211011,29.7230041,-95.4685709,1681
482014231002,29.6744347,-95.5317569,0
482015224014,29.7876966,-95.5489354,2753
482013102001,29.7410241,-95.3511725,1348
482014525012,29.7094773,-95.5964095,8559
482014524021,29.7092149,-95.5795903,12
482014308002,29.7805379,-95.556396,8857
482013502011,29.5978585,-95.2231016,105
482014324011,29.721117,-95.5442195,155
482014525011,29.7054142,-95.5889197,81
482014524013,29.7142882,-95.5734639,42
482014514013,29.7510511,-95.6139635,78
482014515021,29.7562446,-95.6083214,140
482014532021,29.6796443,-95.5648992,1326
482014329041,29.7065179,-95.5283761,59
482014530021,29.6923707,-95.5811115,195
482014503011,29.7790221,-95.5924248,27
482014503022,29.778976,-95.6006855,13
482014504011,29.7749492,-95.60978,87
482015224023,29.8046378,-95.5590893,2386
482013413042,29.5762324,-95.1020635,2297
482014329032,29.7093129,-95.5364363,50
482014229001,29.6777058,-95.5384885,337
482014335073,29.6761946,-95.5570734,294
482014321011,29.7328734,-95.518237,523
482014329043,29.7075273,-95.5248623,45
482014516052,29.7535303,-95.6289095,142
482014506004,29.7760819,-95.6214899,134
482014528023,29.6940837,-95.5987567,1
482014335043,29.6786665,-95.5451064,1432
482014335031,29.6883041,-95.5515993,134
482014532022,29.6856428,-95.5660685,7
482014325011,29.7275927,-95.5313309,139
482014524011,29.7135098,-95.578938,0
482014514011,29.7496373,-95.6098606,1737
482013505005,29.5866567,-95.1940801,2
482014522041,29.7331472,-95.5653822,10
482014524012,29.7140385,-95.5839306,86
482014311014,29.7392454,-95.5358018,745
482014324021,29.7265466,-95.5462987,66
482014522032,29.7336047,-95.5605563,510
482014515011,29.7558004,-95.6219236,407
482014543053,29.7314282,-95.6488796,385
482014522023,29.7220406,-95.5691098,1060
482015307021,29.8502226,-95.3996658,987
482012217012,29.8714843,-95.3784489,183
482013308011,29.6018673,-95.3311673,2173
482013335022,29.6681887,-95.2844671,306
482013213012,29.647228,-95.2175768,30
482013211023,29.6274782,-95.217904,678
482013210022,29.6378942,-95.2194929,83
482013339031,29.6160644,-95.2392127,16
482012213011,29.8495871,-95.3783409,1189
482012217013,29.8750526,-95.3752555,80
482012212004,29.8673461,-95.3784165,402
482015512022,29.9794,-95.5082727,920
482015526033,29.9595713,-95.5599355,53
482015321011,29.8432114,-95.471079,293
482014530012,29.6982379,-95.573181,130
482014335032,29.6870505,-95.5554801,114
482014325022,29.7234652,-95.5248593,308
482014325021,29.7275371,-95.5248062,330
482014330072,29.7070369,-95.5420165,480
482014532012,29.687236,-95.5606016,407
482014532011,29.6877943,-95.5666596,75
482014531003,29.6933383,-95.5633625,737
482014322004,29.7330664,-95.5229076,646
482014325013,29.7228334,-95.5319625,744
482014330042,29.7163759,-95.5429841,737
482015219004,29.8139177,-95.5588158,0
482014516041,29.7687202,-95.6305528,1677
482014515022,29.7607903,-95.6154702,2321
482014516032,29.7575997,-95.6402092,40
482014516031,29.7600115,-95.6308496,652
482014524022,29.7068599,-95.5794325,1866
482014531002,29.6906524,-95.5677336,131
482014330051,29.7150681,-95.5525862,4632
482014325012,29.7244494,-95.536412,1663
482015219002,29.8161951,-95.5555974,18
482015313003,29.8245467,-95.46058,93
482015309003,29.8336384,-95.4226416,120
482015309002,29.8386122,-95.4230038,187
482015116004,29.8081587,-95.3778172,698
482014308001,29.7717435,-95.5551157,1615
482014104021,29.7498233,-95.3985811,768
482015320031,29.8599789,-95.4754001,596
482015214011,29.8276259,-95.4995763,444
482015301012,29.8164085,-95.4552364,149
482015214022,29.8265826,-95.5059837,6
482015418022,29.7899158,-95.7021389,3762
482015334021,29.8780786,-95.4367053,102
482015341011,29.9299064,-95.5295869,1815
482015417013,29.822949,-95.6652008,973
482012404004,29.9554186,-95.3682045,5184
482012405032,29.9501245,-95.3880703,0
482015501022,29.9435168,-95.4269706,7798
482015501011,29.9527591,-95.4205966,1741
482012504033,29.995942,-95.1408035,75
482015115024,29.8061189,-95.3952711,264
482013340011,29.614271,-95.2292794,199
482013338011,29.6174817,-95.2836965,2
482013210021,29.6443187,-95.2244284,210
482012312003,29.8659714,-95.2551592,11
482014516042,29.7635903,-95.6408227,1003
482012415022,29.9457489,-95.2992185,310
482012504061,29.9852338,-95.1917733,560
482015424023,29.7899041,-95.7296655,2968
482015217023,29.8439481,-95.5016414,4827
482012211001,29.8652226,-95.3569654,1552
482014221004,29.6466094,-95.4899508,34
482014217001,29.6952155,-95.4872082,462
482013112003,29.7183335,-95.3033174,175
482013113002,29.7072301,-95.2929133,44
482013504001,29.5994695,-95.2065673,377
482014104022,29.7451152,-95.4002166,388
482012116001,29.7846713,-95.3115693,46
482012116002,29.778217,-95.3116091,459
482012117001,29.8047211,-95.309619,1666
482012117002,29.7992062,-95.2985742,1647
482012117003,29.7947239,-95.313586,63
482012119001,29.7835609,-95.3050235,5
482014201001,29.6689993,-95.4371673,757
482013326001,29.6799865,-95.3012502,7
482013134001,29.697497,-95.3449513,55
482013109005,29.7399582,-95.3061211,176
482013103005,29.7414687,-95.3360465,2
482014203003,29.6714918,-95.4584233,1016
482013303022,29.6197629,-95.4700076,20
482013313004,29.6469456,-95.3767061,13
482013319002,29.6640096,-95.3416028,59
482013404001,29.5797559,-95.1125417,1739
482012119003,29.7838646,-95.2940986,55
482012124001,29.7778143,-95.2982935,349
482012125002,29.7648373,-95.2701866,45
482012326001,29.7836434,-95.2547995,2309
482014332013,29.7001558,-95.5468671,50
482012225022,29.9240652,-95.3947447,937
482013403022,29.6037753,-95.1142447,21
482015219005,29.8198827,-95.5540645,997
482015401013,29.8412509,-95.5844618,6775
482015220023,29.8243268,-95.5327744,56
482015313001,29.8189125,-95.4525777,265
482015114002,29.7924371,-95.3796445,133
482013104001,29.7540108,-95.3266889,385
482012119004,29.7819157,-95.2994968,2
482012214001,29.8501334,-95.3935288,255
482015224012,29.800413,-95.5486901,347
482015302002,29.8160246,-95.4251395,2306
482015302003,29.8152306,-95.4405628,2362
482015303002,29.8186178,-95.3931914,495
482015217021,29.8444936,-95.5108775,1068
482012330012,29.7928345,-95.1850042,48
482015206031,29.8088137,-95.487108,69
482015212012,29.8066275,-95.5037268,474
482015320043,29.8559014,-95.4710678,0
482015320032,29.8594735,-95.4687021,105
482014548012,29.7741226,-95.7427716,692
482012407031,30.0014718,-95.4223327,566
482012413021,30.0484284,-95.4278181,726
482012401011,29.9427937,-95.3917008,10405
482013340034,29.6057979,-95.2372621,11
482013339061,29.6082898,-95.2637646,32
482012311001,29.8272772,-95.2519846,2859
482012311002,29.8416195,-95.25562,2
482012311003,29.842433,-95.2578546,75
482014233032,29.6612071,-95.5099177,320
482014224031,29.6616183,-95.4989326,41
482012108001,29.7969902,-95.3449623,1205
482014213021,29.70946,-95.5035855,4906
482014536041,29.6820785,-95.5830522,3
482014231003,29.6751523,-95.5342754,5
482014533002,29.6604777,-95.5651378,4098
482015221011,29.8205592,-95.5390993,15
482015221013,29.8155544,-95.5410295,410
482014321022,29.7324336,-95.5060907,97
482014320061,29.7339405,-95.498607,1504
482013405021,29.5597198,-95.118283,215
482014336023,29.673266,-95.5505164,2325
482013105001,29.7498605,-95.3135916,1094
482013113001,29.7137904,-95.2912165,172
482014311021,29.740472,-95.5256391,440
482014328061,29.7107562,-95.5123152,983
482014328041,29.7155957,-95.5119186,996
482014329011,29.7124471,-95.5226597,21
482014513022,29.7497005,-95.601004,551
482014514062,29.7411346,-95.6101188,1060
482014517003,29.7333833,-95.6316206,45
482014335072,29.6827682,-95.5568456,476
482013116003,29.7007796,-95.2857971,272
482012509012,30.040191,-95.1735453,1342
482015214021,29.8230453,-95.5017543,213
482015205012,29.8274297,-95.4877092,20
482015217013,29.8601079,-95.5347408,9463
482015502021,29.9594812,-95.426085,5
482015502011,29.9607602,-95.4210723,230
482014504012,29.7722043,-95.6097746,557
482014324013,29.7237236,-95.5416324,51
482014324022,29.7235752,-95.5525191,10162
482014525021,29.7052387,-95.606602,6
482014522042,29.7304061,-95.5698274,957
482014323011,29.7290373,-95.5413672,4043
482014324012,29.7261806,-95.5425563,710
482014522031,29.7295561,-95.5636,3058
482014522043,29.7350341,-95.5683128,4123
482014543042,29.7287562,-95.6552898,155
482014521032,29.7322195,-95.573787,1439
482014323013,29.7348953,-95.5412116,2109
482014323021,29.7313473,-95.5466038,1421
482014310011,29.7422921,-95.545877,288
482014510061,29.742492,-95.5798417,796
482014510041,29.7388718,-95.5831891,57
482014525023,29.7053434,-95.611663,129
482014543051,29.7231707,-95.6469629,82
482014514071,29.7392062,-95.6163513,26
482014521031,29.7304611,-95.5781458,579
482014310022,29.7570546,-95.5525526,28
482014514042,29.7507752,-95.6232819,149
482014520023,29.7329901,-95.595832,824
482014510042,29.7386242,-95.5868118,207
482013405012,29.571515,-95.1130559,47
482014310021,29.7512421,-95.5559745,897
482014508031,29.7536751,-95.565198,24
482014508032,29.7535449,-95.5718529,148
482014510033,29.7454515,-95.5849627,39
482014519033,29.717262,-95.6116169,9
482014519032,29.7163836,-95.6073728,61
482014513013,29.7395178,-95.5904786,45
482014508033,29.7515179,-95.5681004,31
482014234014,29.6456557,-95.5159144,262
482014223042,29.653354,-95.5060231,182
482013315011,29.6421111,-95.3598979,107
482015323013,29.860124,-95.50776,175
482013407021,29.5676752,-95.1412578,54
482019804001,29.7222846,-95.3445785,7605
482019802001,29.767066,-95.3516608,3400
482012327014,29.777202,-95.2196206,27
482013405023,29.5614,-95.1245415,0
482014328042,29.7185527,-95.5063371,7438
482014534051,29.6636007,-95.5776656,39
482014534042,29.6632545,-95.5820311,19
482014511003,29.7511662,-95.5745585,418
482014521012,29.7214302,-95.5813021,2211
482014543032,29.7151736,-95.6484327,627
482013340012,29.6170808,-95.222568,890
482013218001,29.6906894,-95.2381339,10
482013109001,29.7354663,-95.2942568,130
482014313021,29.7460289,-95.4890386,665
482014329012,29.7150529,-95.5316888,15
482014517002,29.732266,-95.6241265,1397
482015113012,29.7939251,-95.4020865,237
482013206011,29.6836402,-95.2610048,111
482014502001,29.7792527,-95.5857849,1933
482015414011,29.860361,-95.647228,223
482012519032,29.9865048,-95.1126068,19
482012519042,29.935774,-95.114833,93
482013314002,29.6530007,-95.3601108,309
482012515042,30.0621369,-95.1772906,50
482014530011,29.6901905,-95.5727094,22
482014335041,29.6849529,-95.5501198,0
482014335051,29.6823828,-95.5518944,1
482013332041,29.6597023,-95.2734361,11
482013140032,29.6938408,-95.3971411,31
482014330052,29.7148838,-95.5467813,48
482015305021,29.8393485,-95.399574,49
482015305012,29.8393934,-95.3915272,628
482013131021,29.7116772,-95.3922916,84138
482013126022,29.7255183,-95.3847563,293
482013126032,29.7304707,-95.3786412,401
482013126021,29.7259794,-95.3819699,602
482013126013,29.7231377,-95.3872372,2938
482013126011,29.7222631,-95.3847598,353
482013125021,29.7344792,-95.3789095,574
482013125022,29.7374235,-95.3745739,937
482014336011,29.6666881,-95.5553637,5044
482015305011,29.8388085,-95.3935621,18
482013410011,29.5590185,-95.1409923,302
482014104023,29.746342,-95.3974201,226
482014107032,29.7409077,-95.3969608,900
482014108021,29.7407034,-95.403183,238
482014104012,29.7454776,-95.4042038,392
482014107042,29.7434564,-95.3850382,731
482014107031,29.741673,-95.3918103,1180
482014105011,29.7491032,-95.3923612,1569
482014110031,29.7346933,-95.4146908,5185
482014110022,29.7402337,-95.4163909,817
482014108022,29.7406428,-95.4088581,875
482014110021,29.740825,-95.4126405,279
482014115032,29.7362301,-95.4242431,5675
482014110012,29.7400562,-95.4252866,485
482014110011,29.7411572,-95.4207569,1294
482014115031,29.7323084,-95.4238184,6000
482014118012,29.7264469,-95.4408514,1978
482015308004,29.847561,-95.4183739,454
482015519011,29.9066937,-95.5860409,531
482015307022,29.8500329,-95.4079896,388
482012503051,29.9811623,-95.2048776,265
482012520011,29.9301487,-95.1902927,582
482012520021,29.922066,-95.176368,239
482015205022,29.8358168,-95.49887,5044
482015217012,29.8467362,-95.5186351,821
482015217011,29.8509952,-95.5170938,653
482015214012,29.8311639,-95.5057266,262
482015217022,29.8486182,-95.5097396,1309
482013410022,29.5489889,-95.1446267,762
482014130001,29.6966748,-95.4440858,523
482012501013,29.9522866,-95.2800445,425
482012512004,30.0538605,-95.2181589,146
482015116003,29.799673,-95.3794857,265
482015508001,29.9457298,-95.4687309,238
482012405042,29.9489173,-95.3964326,6
482012405052,29.95223,-95.3940467,139
482013309012,29.6176677,-95.4094941,315
482014226011,29.679187,-95.5063799,3
482014226012,29.6797785,-95.4988743,225
482013126031,29.7214909,-95.3781734,502
482014118022,29.7281854,-95.4228916,2508
482015115025,29.8108147,-95.3949399,228
482015115022,29.8069934,-95.384343,168
482014212031,29.7228333,-95.4882043,0
482014106011,29.74453,-95.3777657,9426
482014327031,29.7288262,-95.472348,345
482014327041,29.7288877,-95.4822382,1851
482014211043,29.7243611,-95.479683,303
482014320041,29.7347301,-95.4724047,977
482014318012,29.7460323,-95.4745655,3353
482014314032,29.7470881,-95.4785519,591
482014317021,29.7533913,-95.4705984,273
482014315062,29.7534204,-95.4799604,1578
482014315052,29.7564985,-95.4842282,546
482014315041,29.7541585,-95.4873362,53
482014315042,29.7536397,-95.4920628,61
482013316032,29.6291795,-95.3512079,0
482012515043,30.0652934,-95.1667589,58
482014225011,29.673542,-95.5072119,145
482014222005,29.6368594,-95.5033875,690
482014207001,29.6683491,-95.4718851,277
482014108012,29.7364925,-95.4027861,663
482014107052,29.7368891,-95.3931453,856
482013309011,29.6266758,-95.3978185,83
482013341023,29.632622,-95.4439935,30
482014313043,29.7463671,-95.4976586,399
482014313041,29.7480837,-95.4993309,338
482014315031,29.7528951,-95.4981534,2012
482015515021,29.9409061,-95.5354917,5947
482012226011,29.9332587,-95.3985466,3
482014232042,29.6704676,-95.530393,27
482014223032,29.6449386,-95.507027,0
482014520022,29.7314519,-95.6024513,104
482014514043,29.752578,-95.6199076,9
482015212011,29.8098496,-95.5035943,4
482015313004,29.8221466,-95.4577169,18
482014122023,29.7126615,-95.415507,259
482012330013,29.7964669,-95.1856709,192
482013332052,29.6638297,-95.2753762,8
482014527031,29.6917409,-95.6397502,764
482014224052,29.6614929,-95.5070419,11
482013341021,29.6311798,-95.4391548,1
482014218022,29.6873304,-95.4805156,42
482014119011,29.7299533,-95.3953288,161
482015405032,29.8589732,-95.6433007,224
482014334003,29.6889135,-95.5491949,5
482014335061,29.6785425,-95.5547198,8
482014336021,29.673226,-95.5585464,0
482013210012,29.6361244,-95.2364386,16
482013140041,29.6864408,-95.3982505,8
482014323022,29.7296164,-95.5455721,4
482014534041,29.6593831,-95.5757203,159
482013341024,29.6382559,-95.4401862,17
482013301011,29.6308303,-95.4258262,33
482012407071,29.9864288,-95.4167541,3803
482015321012,29.8447596,-95.4811958,11
482015322001,29.8575209,-95.4833413,1908
482015547012,30.0071969,-95.5897504,894
482015526031,29.9645768,-95.5575876,626
482015526032,29.9601335,-95.5534476,1272
482015332004,29.8675406,-95.4635394,0
482012225052,29.9220727,-95.3972351,12
482013211022,29.6237665,-95.2074917,194
482013211012,29.6160018,-95.2093495,5222
482013339062,29.6054655,-95.2519302,484
482013338021,29.6110717,-95.2711224,25
482013338023,29.6210793,-95.2713451,37
482015333023,29.8746901,-95.4253389,54
482013309022,29.602663,-95.416566,67
482012113012,29.7786447,-95.3312849,90
482012111012,29.7887535,-95.3337441,21
482012111011,29.7853714,-95.3381244,21
482015307011,29.8630702,-95.4088157,1116
482015306002,29.8328489,-95.406769,115
482013138021,29.6943068,-95.3742662,589
482013140042,29.6879608,-95.396995,102
482013144011,29.6970417,-95.4034498,13564
482013140012,29.7003572,-95.3926659,8079
482014122021,29.7018014,-95.4108806,1595
482019803001,29.7172259,-95.4027324,5896
482013138011,29.6903245,-95.3694632,91
482013139022,29.6830676,-95.3894292,629
482012225041,29.9232091,-95.4036261,13
482013307002,29.6027544,-95.4600532,42
482014216011,29.7006906,-95.4909582,665
482014319012,29.7298462,-95.4629012,30
482013102002,29.7459874,-95.3510808,1563
482013120003,29.7149885,-95.3498464,20
482013407012,29.5589485,-95.1277932,402
482015107011,29.7630871,-95.4054161,58
482015106012,29.7738296,-95.4009295,1486
482012226022,29.9344537,-95.4063013,1235
482012226023,29.9387036,-95.4081372,985
482012226021,29.9383058,-95.4002835,1574
482012226012,29.9354035,-95.3888898,3806
482015527011,29.966078,-95.5444792,1404
482012515052,30.058412,-95.1632305,404
482014118021,29.7281917,-95.4145688,1457
482014215012,29.7128977,-95.4731093,2262
482014211042,29.722144,-95.4826946,240
482014212032,29.7241951,-95.4868964,165
482013335011,29.6603536,-95.2823416,579
482013333013,29.6369695,-95.2422843,125
482013333012,29.6303295,-95.2393821,1268
482013209011,29.6495235,-95.2444639,438
482013209012,29.6441972,-95.2423232,146
482013318002,29.6544504,-95.3521906,91
482012520031,29.9305457,-95.1579267,168
482012216022,29.8731949,-95.3971467,952
482015416032,29.8439621,-95.6481631,895
482013140052,29.6838086,-95.3977592,1086
482014122011,29.7049988,-95.4092809,439
482014320042,29.7346331,-95.4803762,1949
482014314041,29.7402994,-95.4808795,613
482014313042,29.7418871,-95.4963947,25
482014313032,29.742148,-95.4990789,431
482015205011,29.8127917,-95.4685737,9056
482015301022,29.808831,-95.4512152,11542
482015202002,29.7921352,-95.4736486,75
482015203012,29.7953667,-95.4720223,91
482013125012,29.7435216,-95.3723784,3671
482013140051,29.6836244,-95.3968576,1556
482013139012,29.6920434,-95.383,15697
482013341022,29.6513333,-95.4227563,2377
482013341013,29.6554718,-95.3995317,7914
482013311001,29.6724122,-95.377387,456
482013312003,29.6631385,-95.3779878,66
482013318003,29.6549221,-95.3427492,13
482013303012,29.6318714,-95.469025,236
482013340022,29.6084778,-95.2144943,1203
482014130002,29.6921771,-95.43811,101
482014505001,29.7809332,-95.6355484,7107
482014505002,29.7744465,-95.6336083,565
482014506002,29.7667067,-95.6096747,1059
482014131001,29.7007396,-95.4296224,153
482014131002,29.6964902,-95.4325948,49
482014131003,29.6984641,-95.4355501,48
482014302001,29.7759823,-95.4847472,158
482014507002,29.7677912,-95.569877,245
482014507003,29.765812,-95.5911001,600
