geoid,name,lat,lon,aland_sqmi,population,median_hh_income,poverty_rate,nearest_dollar_store_mi,demand_index,competitive_gap_index,gap_score
48201332000,Census Tract 3320,29.6724402,-95.3468136,0.8530467732533337,5918.0,22162.0,0.46772505233775297,4.24,8686.0,1.0,8686.0
48201331200,Census Tract 3312,29.6635175,-95.3705233,1.3691653588324775,5016.0,32156.0,0.37042225335201123,3.3,6874.0,1.0,6874.0
48201313600,Census Tract 3136,29.6916477,-95.3575745,0.8944137585249379,4618.0,34013.0,0.4465136422693807,3.34,6680.0,1.0,6680.0
48201332200,Census Tract 3322,29.680569,-95.3299245,1.1154796382443626,4861.0,31534.0,0.341963545981773,3.25,6523.3,1.0,6523.3
48201331800,Census Tract 3318,29.6526787,-95.3454554,0.891575521557124,4268.0,31938.0,0.5215557638238051,3.09,6494.0,1.0,6494.0
48201433003,Census Tract 4330.03,29.7083526,-95.5513848,0.35717152384919637,5476.0,45979.0,0.23321100917431192,2.8,6753.1,0.935,6313.8
48201251402,Census Tract 2514.02,30.0732098,-95.2013121,1.030773071772905,6730.0,59179.0,0.24018510225406778,2.57,6951.3,0.856,5950.7
48201331700,Census Tract 3317,29.643418,-95.3324497,1.9881778530635803,3840.0,38994.0,0.42526041666666664,3.17,5473.0,1.0,5473.0
48201331300,Census Tract 3313,29.6462011,-95.379166,1.7523895119348638,5819.0,41975.0,0.337891639259131,2.11,7785.2,0.703,5472.0
48201331400,Census Tract 3314,29.6526092,-95.3623778,0.6014514097518386,3353.0,21099.0,0.7807933194154488,2.64,5971.0,0.88,5256.6
48201453202,Census Tract 4532.02,29.6801873,-95.565005,0.5085861185671621,5057.0,52971.0,0.336651403543699,2.19,6759.4,0.73,4936.3
48201330801,Census Tract 3308.01,29.6071481,-95.3286539,5.69163578129322,6752.0,64430.0,0.23981564079690754,2.83,5213.6,0.945,4925.3
48201230900,Census Tract 2309,29.817866,-95.2809759,2.4546518091930545,4524.0,28250.0,0.358974358974359,2.4,6148.0,0.8,4915.5
48201332600,Census Tract 3326,29.6750086,-95.3068508,1.2648587023822284,6387.0,45870.0,0.202638866264864,1.84,7681.3,0.613,4708.7
48201453100,Census Tract 4531,29.6967091,-95.5641902,0.8554521897013652,3712.0,39162.0,0.4107532751091703,2.67,5236.7,0.889,4657.9
48201232500,Census Tract 2325,29.8055793,-95.2458132,4.419537277335223,4397.0,44481.0,0.42979274611398965,2.2,6286.8,0.733,4610.1
48201453702,Census Tract 4537.02,29.6832754,-95.599648,0.38989947332229263,4492.0,51502.0,0.11487088156723063,2.75,5008.0,0.916,4589.3
48201313400,Census Tract 3134,29.694189,-95.3381856,0.7214689491373766,3803.0,42500.0,0.28766763081777547,2.76,4897.0,0.922,4513.1
48201332400,Census Tract 3324,29.6581099,-95.3287414,1.415824260289751,4057.0,50462.0,0.10697559773231452,3.34,4491.0,1.0,4491.0
48201331100,Census Tract 3311,29.6749553,-95.3691233,1.2476215576140233,4129.0,58717.0,0.24660194174757283,4.09,4381.9,1.0,4381.9
48201453300,Census Tract 4533,29.6641983,-95.5651337,0.791272358389321,4680.0,36256.0,0.26965811965811964,2.21,5942.0,0.736,4370.8
48201332100,Census Tract 3321,29.6803818,-95.344385,0.41493047626384666,3173.0,41299.0,0.3643239836117239,3.78,4329.0,1.0,4329.0
48201453404,Census Tract 4534.04,29.6645122,-95.5789767,0.44176457628602783,4557.0,41071.0,0.45183234584156245,1.94,6616.0,0.647,4278.1
48201432401,Census Tract 4324.01,29.7231758,-95.5432705,0.274571144652861,3781.0,42297.0,0.28020358960621483,2.65,4840.4,0.882,4271.3
48201321200,Census Tract 3212,29.6366004,-95.2013929,1.1432650939853157,5008.0,33750.0,0.3592252396166134,1.88,6807.0,0.627,4265.7
48201211501,Census Tract 2115.01,29.7638631,-95.2929525,1.419049757722633,3129.0,38641.0,0.36113774368807927,3.04,4259.0,1.0,4259.0
48201453201,Census Tract 4532.01,29.6874517,-95.5629416,0.17193129122125583,3969.0,36822.0,0.4237843285462333,2.25,5651.0,0.751,4245.0
48201331900,Census Tract 3319,29.6626734,-95.3466946,0.6493489269338769,3361.0,34883.0,0.2606367152633145,3.64,4237.0,1.0,4237.0
48201330600,Census Tract 3306,29.6130687,-95.4329671,1.4235659946716899,7148.0,48489.0,0.22355903749300504,1.45,8746.0,0.482,4219.7
48201453403,Census Tract 4534.03,29.6697612,-95.5851314,0.2640506330355316,3977.0,33510.0,0.42483994878361075,2.23,5666.6,0.743,4211.2
48201453501,Census Tract 4535.01,29.6640332,-95.589966,0.5913509772830579,5876.0,53196.0,0.15844111640571817,1.83,6807.0,0.61,4150.6
48201452802,Census Tract 4528.02,29.6962861,-95.6001998,0.5013737302446536,6301.0,58906.0,0.22837644818282812,1.87,6530.7,0.624,4072.4
48201231100,Census Tract 2311,29.8289565,-95.2525557,4.270043926958414,5489.0,41360.0,0.3771178721078521,1.6,7559.0,0.535,4043.2
48201452801,Census Tract 4528.01,29.6961359,-95.6094894,0.6182406760160765,5413.0,54087.0,0.19286901902826528,1.87,6457.0,0.623,4024.3
48201453603,Census Tract 4536.03,29.6837842,-95.57659,0.5300784952252156,3445.0,37128.0,0.19564586357039188,2.93,4119.0,0.976,4018.5
48201533100,Census Tract 5331,29.8761983,-95.4557044,1.3454038597883757,8754.0,61139.0,0.27427461731779756,1.39,8415.8,0.462,3889.5
48201432402,Census Tract 4324.02,29.7238351,-95.5519751,0.4254892119948767,2960.0,39861.0,0.31258503401360543,3.13,3885.3,1.0,3885.3
48201453405,Census Tract 4534.05,29.6669379,-95.5735673,0.487569033666336,4064.0,42721.0,0.29404527559055116,2.21,5259.0,0.736,3872.3
48201332800,Census Tract 3328,29.6915893,-95.3074488,0.7532208323535509,4588.0,53333.0,0.28967538322813347,1.96,5917.0,0.654,3868.8
48201531900,Census Tract 5319,29.8531323,-95.4532319,1.673334322758725,6140.0,40473.0,0.39580581241743723,1.35,8570.2,0.449,3852.3
48201533701,Census Tract 5337.01,29.9286062,-95.4309588,3.392074259367932,7269.0,51207.0,0.24294951162470765,1.26,9035.0,0.42,3795.6
48201211900,Census Tract 2119,29.783817,-95.2995098,0.4816717092959937,4150.0,49202.0,0.11721966577863889,2.42,4636.5,0.807,3743.1
48201212400,Census Tract 2124,29.7875116,-95.2846214,3.1368599603339495,2871.0,42344.0,0.2936259143155695,3.04,3714.0,1.0,3714.0
48201340900,Census Tract 3409,29.5663276,-95.1553438,1.5352695962762548,4640.0,48052.0,0.2478448275862069,1.9,5790.0,0.635,3675.1
48201313802,Census Tract 3138.02,29.6875063,-95.3747524,0.5047297302071398,2707.0,43348.0,0.3267776096822995,3.7,3591.6,1.0,3591.6
48201314003,Census Tract 3140.03,29.6919314,-95.3978089,0.3387440261260505,2689.0,52500.0,0.3289865871833085,3.61,3573.6,1.0,3573.6
48201432901,Census Tract 4329.01,29.7163167,-95.5279431,0.5651176522196467,3688.0,44750.0,0.3752711496746204,2.09,5072.0,0.698,3538.3
48201532600,Census Tract 5326,29.8918513,-95.486287,1.0330900708266186,6375.0,53333.0,0.1523137254901961,1.43,7346.0,0.476,3497.1
48201314005,Census Tract 3140.05,29.6836581,-95.3970225,0.29835426541784393,2679.0,38990.0,0.2906534954407295,3.68,3457.7,1.0,3457.7
48201212500,Census Tract 2125,29.7542789,-95.2795703,4.1616268269277885,3456.0,56250.0,0.1707175925925926,2.68,3843.7,0.894,3436.3
48201432301,Census Tract 4323.01,29.7324592,-95.5413274,0.16532238057262744,3510.0,43515.0,0.23817663817663817,2.35,4346.0,0.784,3408.9
48201433201,Census Tract 4332.01,29.6983882,-95.5483849,0.4232868852822649,3925.0,42956.0,0.22300103842159916,2.12,4800.3,0.706,3388.9
48201232701,Census Tract 2327.01,29.7886493,-95.2278273,1.8026422522843166,7134.0,39069.0,0.3148984198645598,1.07,9380.5,0.357,3345.7
48201453002,Census Tract 4530.02,29.6961276,-95.5812956,0.7933349161205223,5049.0,61594.0,0.14596949891067537,2.35,4259.9,0.785,3343.7
48201432501,Census Tract 4325.01,29.7243764,-95.534001,0.35362015619446224,3587.0,44900.0,0.33099775784753366,2.1,4774.3,0.7,3341.9
48201421104,Census Tract 4211.04,29.7230027,-95.4805288,0.19797774283990827,4854.0,37316.0,0.2865677791512155,1.58,6245.0,0.527,3294.0
48201433100,Census Tract 4331,29.6970199,-95.5546339,0.32436249292279573,3295.0,47480.0,0.31836115326251896,2.27,4344.0,0.756,3283.3
48201522301,Census Tract 5223.01,29.7902459,-95.5268985,0.5350854680178435,4012.0,57438.0,0.26922081283976185,2.14,4595.5,0.714,3281.1
48201332300,Census Tract 3323,29.6665605,-95.3233636,0.4646851448287151,2910.0,44451.0,0.15017182130584192,2.88,3347.0,0.959,3208.1
48201331603,Census Tract 3316.03,29.6267678,-95.3499492,0.8354185069984743,4532.0,52944.0,0.2511032656663725,1.67,5670.0,0.556,3150.4
48201321301,Census Tract 3213.01,29.6494261,-95.2190701,0.21710640208305823,3718.0,32833.0,0.4250067805804177,1.77,5298.2,0.592,3134.4
48201421302,Census Tract 4213.02,29.7092106,-95.5026659,0.4700824669036801,5595.0,55064.0,0.2715668107885526,1.32,7096.2,0.441,3128.0
48201231000,Census Tract 2310,29.8402169,-95.2770719,1.590852090822919,6115.0,52500.0,0.30464249406980687,1.17,7977.9,0.391,3121.7
48201432303,Census Tract 4323.03,29.7330116,-95.5517775,0.4138463014025188,2778.0,58369.0,0.31281497480201587,2.96,3155.5,0.988,3116.2
48201211700,Census Tract 2117,29.8002294,-95.3046398,1.7151117346249132,3838.0,49508.0,0.19338353953738568,2.04,4580.2,0.68,3115.4
48201433004,Census Tract 4330.04,29.7168441,-95.5431959,0.19541286620037804,2346.0,42368.0,0.39773755656108595,2.82,3279.1,0.942,3087.7
48201450302,Census Tract 4503.02,29.7790403,-95.6007307,0.6110472066993389,5835.0,69751.0,0.2863753213367609,3.49,3077.2,1.0,3077.2
48201533402,Census Tract 5334.02,29.885003,-95.443086,1.8137801412532355,6434.0,53581.0,0.187639375597324,1.21,7641.3,0.402,3073.8
48201241501,Census Tract 2415.01,29.9829277,-95.2917086,5.625555555156583,4295.0,44500.0,0.1656590084643289,1.81,5006.5,0.603,3018.9
48201330400,Census Tract 3304,29.6166883,-95.4555072,1.6794494087465135,5047.0,45611.0,0.27640182286506837,1.4,6442.0,0.467,3011.2
48201451003,Census Tract 4510.03,29.744056,-95.5864149,0.09133632663665009,3829.0,43787.0,0.24732306085139724,1.85,4776.0,0.617,2948.3
48201333801,Census Tract 3338.01,29.6124739,-95.2899199,1.9858006220731261,4084.0,52550.0,0.3117042115572968,1.64,5357.0,0.546,2923.5
48201211502,Census Tract 2115.02,29.7705946,-95.3031847,0.9215745009732883,2805.0,57063.0,0.2784313725490196,2.66,3290.1,0.886,2916.3
48201432806,Census Tract 4328.06,29.7110597,-95.5124738,0.1599605798962529,4291.0,38096.0,0.27440633245382584,1.59,5468.5,0.53,2898.4
48201332900,Census Tract 3329,29.690418,-95.2904739,0.7128364770755646,4635.0,41194.0,0.3064767415980414,1.42,6055.5,0.473,2866.0
48201420500,Census Tract 4205,29.6499141,-95.4728238,0.9021636010522072,3527.0,37288.0,0.2557471264367816,1.92,4429.0,0.639,2830.4
48201314004,Census Tract 3140.04,29.6872016,-95.397622,0.07218141244671583,2183.0,44831.0,0.2798900595510765,3.69,2794.0,1.0,2794.0
48201433005,Census Tract 4330.05,29.7150522,-95.5520841,0.29707703947721986,2088.0,42159.0,0.29932950191570884,3.24,2713.0,1.0,2713.0
48201333700,Census Tract 3337,29.6356215,-95.2931056,3.4539741574334872,4138.0,64841.0,0.14233929434509424,2.84,2866.3,0.946,2712.4
48201452900,Census Tract 4529,29.6963073,-95.5918491,0.5075289708569357,4267.0,60455.0,0.2073342736248237,2.02,4027.6,0.672,2706.0
48201453502,Census Tract 4535.02,29.6711525,-95.5982398,0.5048884181943214,3616.0,61264.0,0.2472939217318901,2.4,3380.1,0.798,2698.8
48201330902,Census Tract 3309.02,29.6063514,-95.4047972,2.1024405397752965,3665.0,37140.0,0.38526603001364257,1.58,5077.0,0.527,2674.2
48201521701,Census Tract 5217.01,29.8574849,-95.5312384,1.5768493238372434,4632.0,31588.0,0.4830213321723988,1.16,6869.4,0.387,2660.0
48201432904,Census Tract 4329.04,29.709682,-95.5292996,0.43250932144240617,3861.0,60093.0,0.30924630924630925,1.97,4025.2,0.658,2647.3
48201311800,Census Tract 3118,29.7059412,-95.3210986,0.9493757869027438,3646.0,47753.0,0.26247942951179376,1.72,4603.0,0.575,2645.7
48201311002,Census Tract 3110.02,29.7446647,-95.2950088,0.5766899061169821,3516.0,52092.0,0.22070534698521047,1.83,4292.0,0.61,2617.3
48201313700,Census Tract 3137,29.6975415,-95.3665463,0.5164124093218327,2327.0,48240.0,0.1205183585313175,3.07,2607.4,1.0,2607.4
48201312800,Census Tract 3128,29.7219583,-95.3579408,0.3609603443314649,3752.0,15833.0,0.5967532467532467,1.64,4742.8,0.546,2588.6
48201334102,Census Tract 3341.02,29.6491987,-95.4251091,4.634995023201092,6742.0,65064.0,0.21954143563614567,1.58,4912.2,0.526,2581.8
48201320201,Census Tract 3202.01,29.7010347,-95.2676678,0.7840120933991469,2983.0,36592.0,0.4669795507877975,1.75,4376.0,0.585,2558.9
48201314001,Census Tract 3140.01,29.6989346,-95.392391,0.5428909092559503,3169.0,62500.0,0.14938361131254532,3.05,2549.7,1.0,2549.7
48201433507,Census Tract 4335.07,29.6792534,-95.5571892,0.1834776762739656,2911.0,27063.0,0.5231879079354174,1.72,4434.0,0.574,2543.5
48201250602,Census Tract 2506.02,29.9892066,-95.2359085,3.7357762233124694,4634.0,50297.0,0.39253344842468707,1.17,6453.0,0.39,2513.5
48201331604,Census Tract 3316.04,29.632015,-95.3440505,0.36141787538939707,2690.0,38938.0,0.2998859749144812,2.15,3496.7,0.718,2509.0
48201433602,Census Tract 4336.02,29.6729653,-95.5525108,0.3010886409049963,4053.0,42141.0,0.3461633358006415,1.37,5456.0,0.458,2500.3
48201452203,Census Tract 4522.03,29.7317086,-95.5619818,0.3074940757160464,2195.0,50395.0,0.2720343020485946,2.68,2792.1,0.893,2492.8
48201432302,Census Tract 4323.02,29.7308302,-95.5462955,0.09729504125020867,2116.0,47712.0,0.32419659735349715,2.67,2802.0,0.89,2492.6
48201311100,Census Tract 3111,29.7331955,-95.2851837,0.9560202189499627,5091.0,42721.0,0.19642506383814576,1.22,6091.0,0.408,2486.5
48201532004,Census Tract 5320.04,29.8497909,-95.4668048,0.6061657171082535,5291.0,30318.0,0.43677943677943676,0.96,7602.0,0.321,2440.6
48201230200,Census Tract 2302,29.8195483,-95.3056459,3.0033373396451615,5269.0,37500.0,0.29294859545193963,1.07,6812.5,0.357,2430.5
48201433006,Census Tract 4330.06,29.7113758,-95.5415869,0.10914026937366907,2239.0,41006.0,0.25279142474318894,2.6,2805.0,0.866,2428.2
48201313500,Census Tract 3135,29.6887139,-95.3478932,0.6284109929755624,1781.0,29922.0,0.36327905670971367,3.28,2428.0,1.0,2428.0
48201453800,Census Tract 4538,29.6710858,-95.6087294,0.7057391471963167,3614.0,59391.0,0.10049232551404576,2.18,3278.6,0.725,2378.5
48201332700,Census Tract 3327,29.6850652,-95.3137973,0.9639843481752509,2319.0,44909.0,0.2807244501940492,2.38,2970.0,0.794,2356.8
48201313300,Census Tract 3133,29.7044774,-95.3359456,0.8764001623158031,2702.0,50313.0,0.2738404452690167,2.04,3441.9,0.68,2342.1
48201540200,Census Tract 5402,29.822288,-95.5697684,0.966992856195004,2433.0,57045.0,0.11261816687217427,2.78,2485.6,0.928,2307.4
48201533200,Census Tract 5332,29.8668801,-95.4495929,1.0342819681901938,3688.0,38393.0,0.31814438649464727,1.42,4861.3,0.474,2304.8
48201313801,Census Tract 3138.01,29.6887347,-95.3695345,0.34672398553984096,1549.0,19330.0,0.5364751452550033,3.64,2300.3,1.0,2300.3
48201311600,Census Tract 3116,29.7011087,-95.2861718,0.18965067758554305,3614.0,37955.0,0.44023242944106256,1.32,5205.0,0.441,2293.9
48201432200,Census Tract 4322,29.7329622,-95.5301033,0.6465643581661076,3865.0,54854.0,0.048124191461836996,1.69,4051.0,0.564,2283.7
48201314301,Census Tract 3143.01,29.6800344,-95.4157978,0.11828007967187155,2226.0,50779.0,0.1963162623539982,2.52,2663.0,0.841,2239.9
48201454305,Census Tract 4543.05,29.7269102,-95.6489919,0.6497890833946725,3546.0,46644.0,0.26875352509870276,1.49,4499.0,0.496,2232.2
48201233600,Census Tract 2336,29.7509314,-95.2595003,1.3801445598142148,2115.0,44821.0,0.45390070921985815,2.17,3075.0,0.724,2227.8
48201432705,Census Tract 4327.05,29.7253976,-95.4962756,0.18243983367166888,5242.0,34030.0,0.5210913312693498,0.83,7973.6,0.278,2217.2
48201433202,Census Tract 4332.02,29.6968042,-95.5412482,0.44405068716705426,3666.0,58911.0,0.17703218767048554,1.82,3640.0,0.608,2211.9
48201522202,Census Tract 5222.02,29.800453,-95.5378892,0.6828143315298849,4088.0,61204.0,0.27299412915851273,1.67,3912.6,0.557,2180.4
48201522302,Census Tract 5223.02,29.7894965,-95.5380653,0.50010731516447,3259.0,61620.0,0.15679656336299477,2.35,2771.7,0.785,2175.8
48201221000,Census Tract 2210,29.8597008,-95.3446749,0.9593627053368983,3508.0,34574.0,0.3768529076396807,1.33,4830.0,0.445,2147.9
48201452401,Census Tract 4524.01,29.7139369,-95.5795752,0.34059693038513605,3187.0,45917.0,0.20635930047694753,1.67,3844.7,0.558,2146.2
48201433601,Census Tract 4336.01,29.6671512,-95.5557475,0.2567888236367232,2878.0,36992.0,0.3766504517025712,1.61,3962.0,0.537,2126.9
48201431901,Census Tract 4319.01,29.7295833,-95.4646225,0.13707128562841164,2492.0,41967.0,0.11641910879164993,2.29,2782.1,0.762,2119.2
48201433400,Census Tract 4334,29.6860826,-95.5412492,0.6318442133697671,4329.0,46243.0,0.2383922383922384,1.17,5361.0,0.391,2097.2
48201230700,Census Tract 2307,29.8530072,-95.3099266,1.041849956600766,3446.0,41715.0,0.3702843876958793,1.33,4722.0,0.444,2095.0
48201452204,Census Tract 4522.04,29.7330201,-95.5683818,0.21869173754623916,2414.0,51145.0,0.10853355426677713,2.33,2676.0,0.777,2079.5
48201521401,Census Tract 5214.01,29.829259,-95.5024151,0.22760451977518925,3298.0,46444.0,0.3702243784111583,1.37,4519.0,0.458,2071.1
48201532502,Census Tract 5325.02,29.8860231,-95.5002742,1.0407692566588655,5785.0,66204.0,0.21555747623163354,1.6,3880.5,0.534,2070.7
48201450301,Census Tract 4503.01,29.7751728,-95.5943455,0.382140364343217,2690.0,64143.0,0.2037174721189591,3.44,2053.8,1.0,2053.8
48201432903,Census Tract 4329.03,29.709988,-95.5367366,0.1486894856826196,2099.0,52750.0,0.25774178180085755,2.31,2640.0,0.77,2032.7
48201211600,Census Tract 2116,29.7809192,-95.3115924,0.4550032470998487,2802.0,49485.0,0.17987152034261242,1.84,3306.0,0.613,2025.8
48201314401,Census Tract 3144.01,29.6970417,-95.4034498,0.18184832516470512,1510.0,47969.0,0.33708609271523177,3.43,2019.0,1.0,2019.0
48201451502,Census Tract 4515.02,29.7600794,-95.6143522,0.4708145165963716,2747.0,51818.0,0.11685475063705861,1.97,3068.0,0.655,2010.4
48201310900,Census Tract 3109,29.7357902,-95.3013251,0.6718976790978396,4145.0,45763.0,0.15036496350364964,1.26,4768.3,0.418,1995.3
48201451005,Census Tract 4510.05,29.7399119,-95.5741083,0.11608547500243158,1967.0,33341.0,0.373157092018302,2.22,2701.0,0.739,1995.3
48201521402,Census Tract 5214.02,29.824482,-95.503472,0.3592997189473584,3430.0,43276.0,0.4084548104956268,1.21,4831.0,0.404,1953.7
48201432803,Census Tract 4328.03,29.715307,-95.5169058,0.12519362492362948,2577.0,42096.0,0.31819945673263483,1.72,3397.0,0.572,1943.6
48201520502,Census Tract 5205.02,29.8349288,-95.4960956,1.1138468122156746,4644.0,49909.0,0.16602067183462532,1.07,5415.0,0.358,1938.6
48201452502,Census Tract 4525.02,29.7086575,-95.6095718,0.43723328135278583,4498.0,43866.0,0.266118274788795,1.02,5695.0,0.34,1934.6
48201421101,Census Tract 4211.01,29.7222779,-95.4700803,0.4782087590355772,2746.0,57039.0,0.24726875455207575,1.83,3145.7,0.61,1917.4
48201331602,Census Tract 3316.02,29.6292792,-95.322895,2.3347053126046977,3337.0,67520.0,0.146838477674558,3.25,1910.4,1.0,1910.4
48201433007,Census Tract 4330.07,29.7076821,-95.5424131,0.13928867032520856,1720.0,42127.0,0.3302325581395349,2.49,2288.0,0.831,1900.5
48201433503,Census Tract 4335.03,29.6873811,-95.5544568,0.12020865995404126,2368.0,46335.0,0.31925675675675674,1.81,3124.0,0.605,1888.9
48201423402,Census Tract 4234.02,29.6485541,-95.5296515,0.5923119855557947,4597.0,59583.0,0.12201533406352684,1.34,4212.4,0.447,1883.4
48201421402,Census Tract 4214.02,29.7145907,-95.4868557,0.06225704256225331,3661.0,37684.0,0.3881453154875717,1.11,5082.0,0.37,1881.8
48201433504,Census Tract 4335.04,29.6793027,-95.547194,0.35309621556525217,3358.0,35489.0,0.4472900536033353,1.16,4860.0,0.386,1874.3
48201454600,Census Tract 4546,29.7804684,-95.7356985,1.329993364332472,5446.0,42829.0,0.26219054763690924,0.82,6873.9,0.273,1873.2
48201333302,Census Tract 3333.02,29.6396783,-95.2568873,2.0941957142807115,3515.0,53783.0,0.18036984352773827,1.35,4149.0,0.45,1867.7
48201222702,Census Tract 2227.02,29.9351165,-95.3415611,2.324626887958957,3218.0,22941.0,0.41547545059042884,1.23,4555.0,0.41,1867.6
48201450804,Census Tract 4508.04,29.7525856,-95.5607881,0.24468452096484722,2310.0,61250.0,0.05064935064935065,3.37,1820.2,1.0,1820.2
48201421204,Census Tract 4212.04,29.7214544,-95.4895197,0.09049694054386992,3274.0,44222.0,0.3091020158827123,1.27,4286.0,0.425,1820.1
48201421401,Census Tract 4214.01,29.714443,-95.492511,0.11028004294583423,3347.0,36451.0,0.3450851508813863,1.2,4502.0,0.399,1795.8
48201453601,Census Tract 4536.01,29.6822336,-95.591578,0.46230714163394365,1596.0,57862.0,0.2951127819548872,2.94,1830.4,0.979,1791.1
48201310500,Census Tract 3105,29.7473866,-95.3164173,1.161639309610576,3409.0,42122.0,0.22851276034027573,1.25,4188.0,0.415,1738.2
48201421501,Census Tract 4215.01,29.7108472,-95.4758568,0.3369096547705773,3991.0,46273.0,0.34687580354847003,0.97,5375.4,0.323,1735.6
48201222000,Census Tract 2220,29.8683924,-95.3371157,0.4388228639397113,2028.0,40598.0,0.28057199211045364,1.98,2597.0,0.659,1710.5
48201313902,Census Tract 3139.02,29.6832036,-95.3862954,0.24476483021383447,2706.0,66013.0,0.12490761271249076,4.03,1703.1,1.0,1703.1
48201321800,Census Tract 3218,29.6878761,-95.2387279,0.5038339731992052,4101.0,66856.0,0.26779577810505645,1.86,2733.5,0.621,1696.5
48201422406,Census Tract 4224.06,29.6620002,-95.5040573,0.2389501317054309,2757.0,44519.0,0.24954061006982728,1.47,3445.0,0.491,1691.9
48201450803,Census Tract 4508.03,29.7530873,-95.5683386,0.41820771138598006,4179.0,71755.0,0.22660923665948793,3.05,1690.6,1.0,1690.6
48201231300,Census Tract 2313,29.857698,-95.271659,1.8569629649767003,5360.0,45417.0,0.23787313432835822,0.76,6635.0,0.255,1688.7
48201211301,Census Tract 2113.01,29.7764213,-95.3335041,0.44436999365221025,2676.0,35208.0,0.4857997010463378,1.27,3976.0,0.424,1686.7
48201440101,Census Tract 4401.01,29.6506227,-95.559587,0.8678317832123176,1842.0,25323.0,0.41611479028697573,1.94,2608.5,0.646,1686.0
48201450401,Census Tract 4504.01,29.7733226,-95.6097768,0.16711080577122805,2020.0,63102.0,0.25643564356435644,2.92,1715.5,0.973,1670.0
48201521300,Census Tract 5213,29.8159651,-95.5139394,1.1259518870918679,7160.0,60095.0,0.32122905027932963,0.67,7532.1,0.222,1669.9
48201230800,Census Tract 2308,29.8398272,-95.2937237,0.7150160237608195,2351.0,41083.0,0.3219906422798809,1.6,3108.0,0.534,1660.6
48201521100,Census Tract 5211,29.8017669,-95.5197006,0.230835036536133,2494.0,36955.0,0.46952686447473935,1.35,3665.0,0.451,1652.7
48201452202,Census Tract 4522.02,29.7227148,-95.5647321,0.578116167490823,3123.0,65574.0,0.12103746397694524,2.44,2020.2,0.815,1646.2
48201431102,Census Tract 4311.02,29.7414554,-95.5283396,0.35919508526237987,4034.0,63037.0,0.1742613920881322,1.53,3214.1,0.508,1634.0
48201330301,Census Tract 3303.01,29.6361317,-95.4721681,1.2298006263820263,7924.0,71852.0,0.19687026754164563,1.59,3091.0,0.528,1633.3
48201330302,Census Tract 3303.02,29.6157778,-95.4765614,2.3342620673266334,5141.0,61330.0,0.17703631010794896,1.08,4519.0,0.361,1633.1
48201421301,Census Tract 4213.01,29.7087134,-95.4950115,0.1030761488708147,3537.0,41842.0,0.4424653661294883,0.95,5102.0,0.316,1610.5
48201422501,Census Tract 4225.01,29.6747948,-95.5010151,0.32660613256637694,3734.0,50911.0,0.26245313336904125,1.02,4714.0,0.339,1599.9
48201331502,Census Tract 3315.02,29.6249858,-95.3720635,2.724823705850912,6146.0,54097.0,0.20685695538057744,0.65,7417.3,0.215,1597.9
48201311001,Census Tract 3110.01,29.7459833,-95.3038272,0.3205987690808357,2746.0,61057.0,0.2884195193008012,1.77,2680.8,0.591,1584.7
48201421403,Census Tract 4214.03,29.7091209,-95.4888961,0.2525405415857295,4503.0,32813.0,0.35747611641857363,0.77,6112.7,0.258,1576.1
48201521000,Census Tract 5210,29.7943621,-95.5176361,0.45504108511139074,2158.0,47985.0,0.22706209453197404,1.78,2648.0,0.595,1574.5
48201313201,Census Tract 3132.01,29.7064122,-95.3505672,0.5464279911308164,1632.0,47698.0,0.27818627450980393,2.25,2086.0,0.751,1567.2
48201413301,Census Tract 4133.01,29.6908583,-95.4219185,0.5456557868136314,5185.0,70918.0,0.03323615160349854,2.41,1946.2,0.805,1566.0
48201314302,Census Tract 3143.02,29.6847382,-95.4182205,0.4634646759054041,1650.0,41845.0,0.1593939393939394,2.46,1913.0,0.818,1565.6
48201520400,Census Tract 5204,29.808373,-95.4772723,0.7878719566785966,3837.0,34623.0,0.4787594474850143,0.82,5674.0,0.274,1556.4
48201432805,Census Tract 4328.05,29.7068143,-95.5169389,0.3400892060465868,2473.0,40325.0,0.3534169025475131,1.39,3347.0,0.464,1553.7
48201321002,Census Tract 3210.02,29.6400281,-95.2257017,1.0263908122728795,5200.0,60607.0,0.13576923076923078,1.01,4581.4,0.338,1548.9
48201422502,Census Tract 4225.02,29.6694937,-95.499711,0.3861747457983504,3043.0,45382.0,0.09913793103448276,1.39,3344.7,0.463,1548.5
48201452402,Census Tract 4524.02,29.7076421,-95.5794849,0.527527132161236,3887.0,66250.0,0.15255981476717262,1.89,2464.0,0.628,1548.3
48201230500,Census Tract 2305,29.8485488,-95.3287189,1.3359262101014047,3566.0,34103.0,0.3220243143907266,0.98,4714.3,0.328,1547.5
48201241503,Census Tract 2415.03,29.9536216,-95.3350445,6.835809759759862,2644.0,51519.0,0.17494270435446907,1.48,3106.5,0.492,1529.2
48201231400,Census Tract 2314,29.8648347,-95.2857896,1.292289330239435,3699.0,49535.0,0.2239297475301866,1.01,4527.3,0.336,1522.2
48201433505,Census Tract 4335.05,29.6832627,-95.5531423,0.07678529458577321,2175.0,34219.0,0.3080459770114943,1.6,2845.0,0.533,1515.6
48201451100,Census Tract 4511,29.7563832,-95.5808314,0.9221335768989303,3990.0,71250.0,0.17941550190597205,2.74,1647.1,0.914,1505.0
48201421205,Census Tract 4212.05,29.718099,-95.4937154,0.15523160065781152,2377.0,33816.0,0.37904922170803534,1.36,3278.0,0.453,1485.0
48201341303,Census Tract 3413.03,29.5651387,-95.1087269,0.45216076300829044,2936.0,60057.0,0.12966130687649674,1.67,2645.8,0.556,1471.9
48201320901,Census Tract 3209.01,29.6477726,-95.2437602,0.40131188092597075,2816.0,54707.0,0.16964285714285715,1.34,3293.7,0.446,1470.3
48201422304,Census Tract 4223.04,29.6510865,-95.503642,0.2018337450977719,4382.0,48780.0,0.31811958010041075,0.76,5776.0,0.254,1464.8
48201340101,Census Tract 3401.01,29.5844148,-95.1715498,1.53604180059344,1610.0,59022.0,0.08198757763975155,3.46,1461.7,1.0,1461.7
48201330200,Census Tract 3302,29.6390735,-95.4546937,1.6875367045603928,6130.0,57287.0,0.2962658331962494,0.6,7219.2,0.2,1442.1
48201421502,Census Tract 4215.02,29.7128442,-95.4805595,0.2523243243769177,3137.0,44367.0,0.37218287186091437,1.0,4304.5,0.333,1433.4
48201350803,Census Tract 3508.03,29.5305279,-95.1480356,1.5821593868243666,3059.0,60489.0,0.043963254593175856,1.71,2492.3,0.57,1419.4
48201311701,Census Tract 3117.01,29.6992092,-95.3128178,0.6251244914016227,3554.0,65024.0,0.20327961549335596,1.65,2561.8,0.551,1411.5
48201421203,Census Tract 4212.03,29.7239806,-95.4871024,0.08558031565635257,2358.0,38185.0,0.44147582697201015,1.24,3399.0,0.412,1400.6
48201311502,Census Tract 3115.02,29.709965,-95.2795647,0.6089827184573446,2610.0,35455.0,0.40727969348659004,1.14,3673.0,0.381,1398.8
48201313000,Census Tract 3130,29.7190688,-95.3734456,0.4628662175595857,2401.0,56516.0,0.20616409829237817,1.53,2720.4,0.511,1389.6
48201310800,Census Tract 3108,29.730243,-95.3107424,0.7334338689300006,3124.0,53281.0,0.14884763124199743,1.16,3589.0,0.386,1384.8
48201230600,Census Tract 2306,29.8448725,-95.3092658,0.836496118123106,3076.0,44265.0,0.19538361508452537,1.13,3677.0,0.376,1381.0
48201420100,Census Tract 4201,29.6734152,-95.4357401,0.44812599545099846,2769.0,50725.0,0.14662332972192127,1.3,3175.0,0.432,1371.4
48201221200,Census Tract 2212,29.8645953,-95.3740348,0.9654916910023962,5407.0,47390.0,0.19521690767519467,0.63,6462.5,0.211,1364.2
48201422701,Census Tract 4227.01,29.6973752,-95.4999729,0.7095129096944002,4750.0,55286.0,0.14526315789473684,0.75,5377.8,0.251,1350.2
48201320700,Census Tract 3207,29.6704813,-95.2506537,1.3297462589509725,3397.0,48984.0,0.17587939698492464,1.01,3994.5,0.337,1344.7
48201423304,Census Tract 4233.04,29.6607543,-95.5203499,0.6148472241442067,3435.0,50689.0,0.19592430858806403,0.98,4108.0,0.327,1342.0
48201211302,Census Tract 2113.02,29.7781578,-95.3230968,0.6116672867660385,2075.0,32804.0,0.35099009900990097,1.44,2803.3,0.479,1341.9
48201431205,Census Tract 4312.05,29.7393055,-95.5184834,0.0838405393297346,3514.0,43843.0,0.22794536141149688,0.93,4315.0,0.31,1336.6
48201432502,Census Tract 4325.02,29.7249143,-95.5248404,0.2875854901125396,1927.0,47250.0,0.3061754021795537,1.59,2517.0,0.53,1335.2
48201413203,Census Tract 4132.03,29.7034791,-95.4252449,0.0949459957173317,1874.0,63640.0,0.1622198505869797,2.79,1425.3,0.93,1325.1
48201423301,Census Tract 4233.01,29.6696145,-95.5174645,0.6386260977854451,4664.0,52578.0,0.12049742710120069,0.76,5226.0,0.252,1315.5
48201221501,Census Tract 2215.01,29.8643247,-95.3929568,0.6713953601895107,4845.0,42054.0,0.27472527472527475,0.64,6176.0,0.213,1315.1
48201422404,Census Tract 4224.04,29.654967,-95.4970625,0.1767703095748961,2676.0,40478.0,0.2234678624813154,1.2,3274.0,0.399,1305.7
48201312901,Census Tract 3129.01,29.7138838,-95.3578859,0.1770529363549858,1869.0,14302.0,0.39215686274509803,2.09,1860.6,0.697,1297.7
48201220800,Census Tract 2208,29.8308466,-95.3387038,0.6697544260154924,3927.0,32955.0,0.48128342245989303,0.67,5817.0,0.223,1296.7
48201541702,Census Tract 5417.02,29.7879676,-95.6666937,1.040985087765519,2644.0,64765.0,0.04236006051437216,2.3,1679.5,0.768,1290.1
48201421206,Census Tract 4212.06,29.7182163,-95.4869012,0.062432719044412915,2013.0,31203.0,0.4038748137108793,1.36,2826.0,0.453,1280.8
48201320100,Census Tract 3201,29.6946691,-95.2812699,0.38005695709545173,2253.0,54083.0,0.16341030195381884,1.46,2621.2,0.486,1275.0
48201452102,Census Tract 4521.02,29.7347268,-95.5783081,0.07420690437069227,1818.0,55909.0,0.19573978123200922,1.82,2094.8,0.607,1271.6
48201421801,Census Tract 4218.01,29.6787924,-95.4800985,0.11921097197623816,2303.0,42045.0,0.18063395570994356,1.39,2719.0,0.464,1261.6
48201220702,Census Tract 2207.02,29.8274619,-95.3485071,0.8056399919148663,3805.0,29853.0,0.33912810912008556,0.74,5095.4,0.245,1249.6
48201451404,Census Tract 4514.04,29.7505376,-95.621921,0.2171183712499746,3643.0,61348.0,0.1372495196266813,1.21,3091.0,0.404,1247.7
48201422900,Census Tract 4229,29.6824293,-95.5301552,0.623725643281042,4060.0,44650.0,0.32392972036624595,0.69,5375.2,0.231,1239.2
48201321101,Census Tract 3211.01,29.6165558,-95.2058454,1.1446423203850153,3896.0,56454.0,0.1601642710472279,0.86,4257.1,0.288,1224.4
48201423100,Census Tract 4231,29.6692469,-95.5441443,0.6314534779852715,2871.0,34656.0,0.41553465691396724,0.9,4064.0,0.3,1218.3
48201422800,Census Tract 4228,29.6900285,-95.517789,0.8882940393112462,4533.0,53714.0,0.25489212242849973,0.64,5688.4,0.214,1215.5
48201533301,Census Tract 5333.01,29.8721419,-95.419105,0.73397170923692,3154.0,39754.0,0.32729007633587787,0.86,4186.3,0.288,1205.2
48201210500,Census Tract 2105,29.7952549,-95.3603917,0.8317883745033873,4767.0,55337.0,0.22466960352422907,0.63,5759.3,0.209,1204.9
48201422200,Census Tract 4222,29.6387275,-95.501331,0.6851309444814402,5555.0,33479.0,0.41831728148282754,0.45,7878.8,0.152,1194.5
48201532200,Census Tract 5322,29.8566387,-95.482225,0.7182067719994283,3566.0,36058.0,0.5123387549074594,0.66,5393.0,0.221,1194.5
48201531800,Census Tract 5318,29.8534594,-95.4363437,1.257457510104168,2928.0,35875.0,0.3650956284153005,0.89,3997.0,0.296,1181.9
48201320202,Census Tract 3202.02,29.6895293,-95.2708229,0.7562420817445374,3033.0,39617.0,0.16950852557673018,0.99,3547.1,0.331,1175.3
48201451004,Census Tract 4510.04,29.7387558,-95.5848866,0.14004967767979445,1700.0,51826.0,0.25588235294117645,1.65,2135.0,0.549,1172.6
48201530702,Census Tract 5307.02,29.8516318,-95.4039843,0.6970939337632712,4321.0,34674.0,0.3931960194399445,0.57,6020.0,0.191,1150.3
48201534002,Census Tract 5340.02,29.9145954,-95.5026624,1.251800727378629,5216.0,55481.0,0.2026457055214724,0.55,6152.3,0.184,1131.1
48201452501,Census Tract 4525.01,29.7093273,-95.5961331,0.7862391306499087,2500.0,34915.0,0.23598225090762404,1.1,3090.0,0.366,1129.6
48201211200,Census Tract 2112,29.7981731,-95.3203735,0.6574833272111045,2330.0,30833.0,0.32889652211249465,1.09,3096.3,0.363,1123.6
48201533000,Census Tract 5330,29.8893243,-95.4617333,0.6838981202890542,2525.0,32093.0,0.38811881188118813,0.96,3505.0,0.319,1118.5
48201522101,Census Tract 5221.01,29.8176644,-95.5410479,0.3462174195077676,3413.0,61950.0,0.23791385877527102,1.09,3050.4,0.363,1106.4
48201251000,Census Tract 2510,30.0351615,-95.195972,2.989093258810366,3410.0,71615.0,0.12258064516129032,2.57,1283.9,0.858,1101.7
48201413205,Census Tract 4132.05,29.7031646,-95.420566,0.11593682567137345,1503.0,63837.0,0.14171656686626746,2.98,1109.4,0.992,1100.2
48201333501,Census Tract 3335.01,29.6632523,-95.2812822,0.38009518120915237,3311.0,41558.0,0.2379945635759589,0.8,4099.0,0.267,1096.3
48201543202,Census Tract 5432.02,29.8101336,-95.6123046,13.6844157172598,3905.0,73839.0,0.13341869398207426,3.14,1090.7,1.0,1090.7
48201311702,Census Tract 3117.02,29.7010603,-95.2990496,0.42815601960427535,1917.0,32614.0,0.4225352112676056,1.2,2727.0,0.399,1088.9
48201433506,Census Tract 4335.06,29.6794797,-95.5541748,0.05001605972623558,1562.0,36833.0,0.33419188667095945,1.55,2084.0,0.518,1078.5
48201233200,Census Tract 2332,29.7796854,-95.1921361,1.2150001723366985,6294.0,60774.0,0.1982840800762631,0.56,5800.1,0.186,1077.9
48201330303,Census Tract 3303.03,29.626636,-95.4976108,2.0528267984983146,4734.0,54203.0,0.1307562315166878,0.6,5353.0,0.2,1069.3
48201520601,Census Tract 5206.01,29.8167961,-95.4926764,0.7586324402083838,2658.0,43147.0,0.3105542900531511,0.92,3483.5,0.305,1063.3
48201321302,Census Tract 3213.02,29.6447146,-95.2117152,0.39129252991049446,1929.0,62042.0,0.24935199585277346,1.84,1731.2,0.612,1059.2
48201451406,Census Tract 4514.06,29.7417968,-95.6111916,0.42249692026578456,2444.0,44375.0,0.24959083469721768,1.03,3054.0,0.344,1049.6
48201232703,Census Tract 2327.03,29.7732559,-95.2217304,0.2533633252856902,2693.0,51250.0,0.34566517189835577,0.86,3623.9,0.288,1044.6
48201522402,Census Tract 5224.02,29.7986937,-95.5587071,1.1177101504145517,3862.0,73571.0,0.20079155672823218,2.63,1192.6,0.875,1043.7
48201320500,Census Tract 3205,29.6987643,-95.2453144,2.1366530520481812,4097.0,71406.0,0.08201122772760557,2.04,1523.9,0.679,1034.2
48201222300,Census Tract 2223,29.8962384,-95.3488971,1.928507694963897,4725.0,39314.0,0.3018428299089176,0.5,6151.2,0.167,1024.9
48201451401,Census Tract 4514.01,29.7503672,-95.6123667,0.41885713521673273,3494.0,66038.0,0.10475100171722954,1.41,2155.7,0.471,1015.8
48201310400,Census Tract 3104,29.7510036,-95.3295187,0.6591609410901891,3018.0,57163.0,0.10636182902584493,1.0,3050.1,0.332,1012.7
48201212300,Census Tract 2123,29.7752018,-95.3549648,1.2623440190233153,4731.0,65176.0,0.25258930458676815,0.86,3513.9,0.287,1008.8
48201211102,Census Tract 2111.02,29.7870675,-95.3275202,0.4315811318531497,2401.0,29750.0,0.5456059975010412,0.81,3711.0,0.269,1000.1
48201551502,Census Tract 5515.02,29.9400123,-95.5420901,2.3344412187282204,4924.0,66534.0,0.1437855402112104,0.99,3033.6,0.329,999.3
48201423001,Census Tract 4230.01,29.6792289,-95.5112379,0.15049876039778423,3299.0,36117.0,0.328584419521067,0.68,4383.0,0.228,998.7
48201221400,Census Tract 2214,29.8534357,-95.391567,0.7796927685509722,5666.0,32690.0,0.40381221320155314,0.38,7954.0,0.125,997.2
48201422405,Census Tract 4224.05,29.6594912,-95.5070287,0.0811922646239484,1698.0,18494.0,0.4923439340400471,1.28,2343.2,0.425,996.0
48201220400,Census Tract 2204,29.8330345,-95.3659984,0.7417995444002251,4176.0,56200.0,0.2958152958152958,0.58,5151.6,0.193,993.9
48201231500,Census Tract 2315,29.859841,-95.2965469,0.44772251869526924,3193.0,50104.0,0.16285624804259316,0.8,3713.0,0.267,992.2
48201452002,Census Tract 4520.02,29.7330853,-95.5992846,0.3379189258131382,3643.0,56033.0,0.06176305446378439,0.79,3708.2,0.264,978.1
48201333204,Census Tract 3332.04,29.6596818,-95.2745514,0.06333465368688508,2338.0,39831.0,0.24850299401197604,0.99,2919.0,0.332,968.1
48201533302,Census Tract 5333.02,29.8793086,-95.4249141,0.6321195042088437,3938.0,47569.0,0.1946805593638607,0.62,4704.7,0.206,967.8
48201450600,Census Tract 4506,29.7692487,-95.6150077,0.71755889257731,5678.0,75532.0,0.10755189692197566,2.56,1123.9,0.854,959.9
48201423002,Census Tract 4230.02,29.6774823,-95.5198711,0.5384600008839423,3080.0,34059.0,0.3626623376623377,0.68,4197.0,0.227,953.3
48201230100,Census Tract 2301,29.814062,-95.3300177,0.5264985560107456,1783.0,51389.0,0.19068984856982613,1.34,2123.0,0.447,948.2
48201320602,Census Tract 3206.02,29.6779973,-95.2584571,0.5847161977898038,4365.0,52061.0,0.293241695303551,0.5,5645.0,0.167,944.8
48201310700,Census Tract 3107,29.7210983,-95.3160719,0.7517934126732343,3342.0,63527.0,0.08628983764281419,1.18,2392.1,0.395,943.8
48201432101,Census Tract 4321.01,29.7333477,-95.517431,0.22142225201180557,3193.0,62029.0,0.28249295333542124,0.96,2943.6,0.319,939.3
48201333203,Census Tract 3332.03,29.6597943,-95.2630572,0.7485825871223788,2171.0,45907.0,0.1317941317941318,1.11,2457.1,0.372,913.2
48201340502,Census Tract 3405.02,29.5608759,-95.1203121,0.29682491476765893,2216.0,54180.0,0.2703068592057762,0.97,2815.0,0.323,910.4
48201231600,Census Tract 2316,29.8617444,-95.3074845,0.642787892952914,2767.0,36912.0,0.34947596675099385,0.73,3734.0,0.242,903.2
48201451903,Census Tract 4519.03,29.716624,-95.6095615,0.22391299703688602,3846.0,32231.0,0.3962558502340094,0.5,5370.0,0.168,899.5
48201542500,Census Tract 5425,29.7936123,-95.7642913,1.6963104900122496,3885.0,67258.0,0.1166023166023166,1.22,2211.0,0.407,899.2
48201324200,Census Tract 3242,29.715847,-95.2454782,2.504684857414268,728.0,50313.0,0.23119777158774374,3.04,896.3,1.0,896.3
48201454400,Census Tract 4544,29.7493996,-95.6721883,12.573185905475064,1013.0,60242.0,0.09180651530108588,3.03,874.1,1.0,874.1
48201311400,Census Tract 3114,29.7192855,-95.2749811,0.8978925389738566,1668.0,45735.0,0.22422062350119903,1.27,2042.0,0.423,862.9
48201432704,Census Tract 4327.04,29.7288877,-95.4822382,0.26445102097399203,1742.0,42232.0,0.14695752009184845,1.29,1998.0,0.43,858.5
48201452101,Census Tract 4521.01,29.725027,-95.5834844,1.4169895166043833,7306.0,74299.0,0.1524951212712573,1.33,1920.1,0.442,849.3
48201432005,Census Tract 4320.05,29.7347017,-95.4926459,0.13723537904581345,3676.0,47468.0,0.21137105549510338,0.57,4453.0,0.189,841.6
48201210700,Census Tract 2107,29.8067305,-95.3535208,0.4376560632164447,2208.0,61161.0,0.20100045475216008,1.26,1998.3,0.42,839.5
48201423203,Census Tract 4232.03,29.6608837,-95.532177,0.318451268874744,2280.0,50821.0,0.3570175438596491,0.81,3094.0,0.271,837.9
48201521202,Census Tract 5212.02,29.8068871,-95.5146086,0.5393777657149168,3481.0,66630.0,0.20781954887218046,1.11,2248.5,0.371,833.5
48201421103,Census Tract 4211.03,29.7182901,-95.4806352,0.12594961295015367,1533.0,41982.0,0.1908548707753479,1.37,1825.6,0.456,833.2
48201334003,Census Tract 3340.03,29.60549,-95.23047,1.0671933161886216,5903.0,70917.0,0.2932407250550568,0.9,2773.6,0.298,827.6
48201221701,Census Tract 2217.01,29.8769151,-95.3770709,1.1169703786786882,5311.0,67326.0,0.28789305215590283,0.69,3467.6,0.23,798.3
48201452300,Census Tract 4523,29.7109421,-95.5643445,0.7755962246483055,2216.0,71384.0,0.20216606498194944,2.6,918.1,0.868,797.0
48201520501,Census Tract 5205.01,29.8148906,-95.4713169,1.7841873413079106,4009.0,44181.0,0.32125905570821883,0.45,5296.9,0.15,794.6
48201432706,Census Tract 4327.06,29.7291733,-95.4937956,0.25953285167784035,2243.0,34085.0,0.507356219349086,0.7,3381.0,0.233,787.2
48201333201,Census Tract 3332.01,29.6693964,-95.2699523,0.4418495187609182,5266.0,60615.0,0.1910368401063426,0.48,4863.3,0.161,784.0
48201452701,Census Tract 4527.01,29.6963073,-95.618999,0.551487473817013,4022.0,73542.0,0.10069617105917454,2.01,1143.6,0.671,767.4
48201413204,Census Tract 4132.04,29.6983912,-95.4242624,0.08561274823767434,1061.0,61635.0,0.13854853911404336,2.59,887.4,0.864,766.4
48201432102,Census Tract 4321.02,29.7337526,-95.5079975,0.3976798179200908,4822.0,54754.0,0.14922561741314358,0.41,5541.6,0.137,760.2
48201422601,Census Tract 4226.01,29.6813035,-95.5030309,0.4053972278660384,3272.0,46015.0,0.24631173829377806,0.56,4077.9,0.186,758.5
48201552603,Census Tract 5526.03,29.9616788,-95.5566562,0.5579056499992967,5595.0,51952.0,0.36743515850144093,0.3,7650.8,0.099,755.1
48201321001,Census Tract 3210.01,29.6333476,-95.2286299,0.5036895709918916,2805.0,36717.0,0.4552584670231729,0.55,4082.0,0.184,751.2
48201220100,Census Tract 2201,29.8151628,-95.3434635,0.6799166348296479,1524.0,50417.0,0.15551181102362205,1.28,1761.0,0.426,749.4
48201311501,Census Tract 3115.01,29.7052377,-95.2868304,0.29620560690527653,2464.0,61212.0,0.14650974025974026,1.05,2123.0,0.351,745.6
48201422303,Census Tract 4223.03,29.6477685,-95.5057959,0.14793465596257122,3079.0,40471.0,0.44949658980188373,0.5,4463.0,0.166,741.9
48201413206,Census Tract 4132.06,29.6988296,-95.4192516,0.10159583319477093,2653.0,73281.0,0.09460987561251413,2.85,780.5,0.949,740.4
48201423303,Census Tract 4233.03,29.6601449,-95.51088,0.17487802289563406,1375.0,24213.0,0.22181818181818183,1.32,1680.0,0.44,738.9
48201333905,Census Tract 3339.05,29.61918,-95.25803,1.1029772642469777,3448.0,68250.0,0.1031955438287892,1.24,1787.8,0.412,737.4
48201533500,Census Tract 5335,29.8927889,-95.4184936,1.0317696014442321,4225.0,54091.0,0.21136094674556213,0.43,5118.0,0.144,734.8
48201432804,Census Tract 4328.04,29.7183288,-95.5067597,0.7496374182196536,2011.0,62216.0,0.19492789656887122,1.29,1709.4,0.429,732.5
48201532102,Census Tract 5321.02,29.8469526,-95.4824502,0.27816730015799185,3308.0,37267.0,0.4507255139056832,0.45,4799.0,0.152,727.5
48201333600,Census Tract 3336,29.6594247,-95.2998703,1.4262088639472559,3219.0,70868.0,0.06502525252525253,1.74,1252.3,0.58,726.4
48201420200,Census Tract 4202,29.6679918,-95.443441,0.6382894167031524,2490.0,61389.0,0.25220883534136546,0.94,2321.2,0.313,725.8
48201522201,Census Tract 5222.01,29.805881,-95.5332965,0.6288117670161815,5184.0,73152.0,0.2665505226480836,1.21,1798.5,0.403,724.7
48201532302,Census Tract 5323.02,29.8551297,-95.4963843,1.4907628282509762,4414.0,63657.0,0.4109651110104214,0.52,4071.4,0.174,708.5
48201531500,Census Tract 5315,29.8369083,-95.476414,0.7365775127052611,2639.0,64688.0,0.12054586808188021,1.17,1811.2,0.388,703.6
48201211101,Census Tract 2111.01,29.7870574,-95.3359408,0.4940659746889726,2954.0,41784.0,0.34475738038683407,0.52,3972.4,0.175,693.4
48201432003,Census Tract 4320.03,29.7347013,-95.4870018,0.1384751530770541,1763.0,38774.0,0.30005672149744755,0.9,2292.0,0.3,688.2
48201521201,Census Tract 5212.01,29.8070095,-95.5037111,0.18573637390173195,2057.0,59139.0,0.3884297520661157,0.86,2383.2,0.285,680.3
48201330500,Census Tract 3305,29.6237073,-95.4306139,1.0464800936866077,5466.0,71875.0,0.19923161361141603,0.95,2130.4,0.318,676.6
48201451405,Census Tract 4514.05,29.7412332,-95.6211734,0.23854819935833607,2813.0,52619.0,0.13544258798435835,0.6,3194.0,0.201,642.8
48201231800,Census Tract 2318,29.8771046,-95.3064708,1.0842312322429928,3251.0,57136.0,0.24423254383266688,0.52,3699.4,0.173,639.5
48201210900,Census Tract 2109,29.8041585,-95.3312426,0.4867230838368598,1812.0,45599.0,0.3346281908990011,0.79,2418.3,0.262,633.3
48201222504,Census Tract 2225.04,29.9230752,-95.404839,0.11368430567814461,3340.0,36968.0,0.40718562874251496,0.4,4700.0,0.134,631.7
48201333904,Census Tract 3339.04,29.6155079,-95.2452878,0.8074091120055374,6275.0,73715.0,0.1450199203187251,1.03,1806.3,0.344,621.4
48201220701,Census Tract 2207.01,29.8413115,-95.350702,0.79094069663509,3498.0,59821.0,0.2412507171543316,0.53,3504.6,0.177,620.1
48201240101,Census Tract 2401.01,29.9427937,-95.3917008,0.6342596684739221,2243.0,35540.0,0.4096223021582734,0.59,3161.8,0.195,618.0
48201240102,Census Tract 2401.02,29.9476296,-95.410321,0.7419072669024724,1689.0,42664.0,0.35168738898756663,0.81,2283.0,0.27,615.5
48201320601,Census Tract 3206.01,29.6840571,-95.2622172,0.5259506770477028,2104.0,36291.0,0.38640684410646386,0.63,2917.0,0.21,613.6
48201550102,Census Tract 5501.02,29.9428126,-95.4298022,1.020947544041042,2295.0,45634.0,0.35947712418300654,0.59,3120.0,0.197,613.4
48201521702,Census Tract 5217.02,29.8452404,-95.506807,0.5433210270606224,3159.0,34656.0,0.35327635327635326,0.42,4275.0,0.141,604.2
48201251200,Census Tract 2512,30.0576484,-95.222727,1.3368269864374012,6260.0,72500.0,0.06693290734824281,0.9,2003.7,0.3,600.8
48201333301,Census Tract 3333.01,29.6321549,-95.2406195,0.5674605201179862,4541.0,30325.0,0.4769874476987448,0.27,6707.0,0.089,594.0
48201553300,Census Tract 5533,30.0265261,-95.4347362,0.5299931666481666,3916.0,43695.0,0.3544607190412783,0.33,5304.1,0.112,591.7
48201311900,Census Tract 3119,29.7169192,-95.3254424,0.8009530978117116,1629.0,60238.0,0.16881522406384286,1.17,1505.1,0.391,589.1
48201532101,Census Tract 5321.01,29.8440369,-95.4780006,0.45012754904114216,3746.0,66076.0,0.07882701103040086,0.78,2250.8,0.261,586.7
48201451700,Census Tract 4517,29.7324307,-95.6315171,0.6746818617634504,4976.0,60417.0,0.18086816720257234,0.38,4602.8,0.126,580.4
48201423401,Census Tract 4234.01,29.650004,-95.5171626,0.8736982194099725,4767.0,69792.0,0.12223393045310854,0.79,2184.4,0.262,571.6
48201310300,Census Tract 3103,29.7364559,-95.3359747,0.868390473035801,4058.0,32368.0,0.1773623041940374,0.36,4777.7,0.119,568.4
48201230400,Census Tract 2304,29.8305873,-95.325201,1.1088908049079809,4227.0,59952.0,0.20383867832847424,0.42,4080.7,0.139,568.4
48201453001,Census Tract 4530.01,29.6960983,-95.5730556,0.2642919468846519,3174.0,75855.0,0.16288594833018274,2.69,612.0,0.896,548.6
48201541802,Census Tract 5418.02,29.791582,-95.7001888,1.3580456166650126,4140.0,61139.0,0.13840579710144926,0.46,3555.7,0.154,547.8
48201520301,Census Tract 5203.01,29.7986856,-95.4719357,0.25994598098753435,2443.0,67930.0,0.2271796970937372,1.13,1447.4,0.378,547.2
48201423204,Census Tract 4232.04,29.6690656,-95.5320244,0.24344551913792378,4070.0,28481.0,0.47002457002457004,0.27,5983.0,0.091,545.8
48201452001,Census Tract 4520.01,29.7323603,-95.6130668,0.41774323048919326,6370.0,72528.0,0.16246409192467284,0.74,2213.2,0.245,542.7
48201220900,Census Tract 2209,29.8488405,-95.3376376,0.5781281366577393,1790.0,23083.0,0.3843575418994413,0.66,2478.0,0.219,542.5
48201410102,Census Tract 4101.02,29.7585545,-95.3791929,0.29840716141357115,3956.0,73029.0,0.21132457027300303,1.22,1336.2,0.406,542.5
48201421601,Census Tract 4216.01,29.7009353,-95.4900265,0.23622656707871914,3258.0,37008.0,0.3004910988336403,0.38,4237.0,0.126,535.4
48201530800,Census Tract 5308,29.8534493,-95.4202266,1.7760803542839432,3919.0,45510.0,0.18123227635988656,0.35,4629.2,0.116,534.9
48201530101,Census Tract 5301.01,29.8150191,-95.4510017,0.33951468603460117,3296.0,43353.0,0.23149271844660194,0.39,4059.0,0.131,532.7
48201333903,Census Tract 3339.03,29.6203684,-95.2345098,0.7304396466901155,3720.0,63494.0,0.198110661268556,0.54,2942.7,0.18,529.6
48201451501,Census Tract 4515.01,29.7601723,-95.6223627,0.294814094725709,2984.0,73154.0,0.039744021556079485,1.87,849.6,0.623,529.0
48201220300,Census Tract 2203,29.8242369,-95.3656588,0.7684741842309075,3773.0,49536.0,0.29340047707394645,0.32,4880.0,0.108,527.0
48201222601,Census Tract 2226.01,29.9350797,-95.3903481,0.5250777000671251,2269.0,31607.0,0.5711767298369326,0.44,3565.0,0.146,522.0
48201310600,Census Tract 3106,29.732539,-95.3248198,0.6856483213739542,4598.0,51837.0,0.1341490058990605,0.3,5214.8,0.099,518.6
48201451407,Census Tract 4514.07,29.7392062,-95.6163513,0.10280549125764134,1785.0,29990.0,0.2823529411764706,0.68,2289.0,0.225,515.4
48201532301,Census Tract 5323.01,29.8592269,-95.5133509,0.9048890961897119,4612.0,58154.0,0.21986123156981788,0.31,4916.2,0.103,508.7
48201333000,Census Tract 3330,29.6815728,-95.2849014,0.5767779374091413,3528.0,67813.0,0.20238095238095238,0.74,2067.9,0.246,508.3
48201455300,Census Tract 4553,29.7768327,-95.7902337,2.050472733637376,13436.0,74869.0,0.0670681219420399,0.51,2942.6,0.171,502.9
48201221301,Census Tract 2213.01,29.8524559,-95.3782561,0.7211739670882119,4052.0,69180.0,0.2250740375123396,0.7,2148.4,0.232,498.9
48201451904,Census Tract 4519.04,29.7238504,-95.6121198,0.5765180906564085,3601.0,56369.0,0.08719800055540128,0.4,3700.6,0.134,497.7
48201330102,Census Tract 3301.02,29.6347678,-95.4165137,0.5481612037207384,2022.0,40818.0,0.3758654797230465,0.52,2782.0,0.173,482.0
48201331501,Census Tract 3315.01,29.6342018,-95.3597071,0.8588444832667591,4551.0,75553.0,0.14348494836299713,1.55,925.7,0.517,479.0
48201241502,Census Tract 2415.02,29.9466521,-95.2983969,0.532444143150912,2390.0,30217.0,0.3652719665271967,0.44,3263.0,0.146,476.2
48201333205,Census Tract 3332.05,29.6630381,-95.2749989,0.052169351464706144,1384.0,35451.0,0.3417630057803468,0.76,1857.0,0.254,471.4
48201451605,Census Tract 4516.05,29.7474047,-95.6270511,0.33970464829662866,3203.0,70714.0,0.18662864385297845,0.98,1411.8,0.328,462.7
48201311300,Census Tract 3113,29.7097312,-95.2945706,0.5696149701629325,4120.0,67316.0,0.08592233009708738,0.59,2269.9,0.197,448.1
48201221302,Census Tract 2213.02,29.8523203,-95.3662381,0.6039066333783285,3464.0,52739.0,0.109107303877367,0.34,3841.9,0.113,433.9
48201341001,Census Tract 3410.01,29.5520045,-95.1364907,0.4790272956117934,3973.0,62356.0,0.11200604077523282,0.42,3118.0,0.139,433.4
48201540504,Census Tract 5405.04,29.8464571,-95.6430845,0.42770119126145334,3408.0,55045.0,0.3130868544600939,0.29,4466.9,0.096,430.6
48201541703,Census Tract 5417.03,29.8023949,-95.6658103,4.083892879338354,3705.0,76677.0,0.12361673414304994,2.28,553.3,0.761,421.0
48201532003,Census Tract 5320.03,29.8597534,-95.4724104,0.3902786256420305,4018.0,32738.0,0.5214036834245893,0.21,6113.0,0.069,419.7
48201222602,Census Tract 2226.02,29.9364914,-95.4060248,0.48108444791277444,2320.0,31483.0,0.49181034482758623,0.36,3461.0,0.121,419.0
48201210800,Census Tract 2108,29.7943827,-95.3450894,1.4155497416549916,2250.0,40561.0,0.30666666666666664,0.42,2940.0,0.142,416.1
48201334001,Census Tract 3340.01,29.61554,-95.2262483,0.5163266946426253,2880.0,48286.0,0.1503994442514762,0.38,3313.2,0.125,414.7
48201431803,Census Tract 4318.03,29.745855,-95.4654037,0.13126469526533852,2339.0,74530.0,0.06412997007268063,2.28,544.6,0.761,414.4
48201453401,Census Tract 4534.01,29.6544782,-95.5763225,0.3719766111204271,3639.0,74928.0,0.2283507997793712,1.37,906.9,0.456,413.1
48201550201,Census Tract 5502.01,29.9617736,-95.4231577,0.303980932175013,1946.0,35625.0,0.3931140801644399,0.45,2711.0,0.151,409.1
48201341002,Census Tract 3410.02,29.5503439,-95.1445157,0.6890243986486873,3548.0,71106.0,0.11302142051860203,0.87,1404.9,0.29,406.9
48201521800,Census Tract 5218,29.8502427,-95.5547902,2.722804005459315,4557.0,77584.0,0.06616838865684765,2.58,469.5,0.86,403.6
48201221502,Census Tract 2215.02,29.8672178,-95.4021729,0.20138702490028035,2953.0,35636.0,0.30037250253979003,0.31,3840.0,0.105,402.5
48201220200,Census Tract 2202,29.8165562,-95.3649369,0.5751018679386911,2405.0,66167.0,0.2831600831600832,0.7,1707.5,0.235,400.6
48201421602,Census Tract 4216.02,29.7021226,-95.4804176,0.32628489557042795,2868.0,42692.0,0.3284518828451883,0.32,3810.0,0.105,400.5
48201552002,Census Tract 5520.02,29.9132313,-95.6088331,0.6448203347157451,1473.0,67250.0,0.16089613034623218,1.38,872.1,0.459,399.9
48201230300,Census Tract 2303,29.8347332,-95.3127198,0.673530891228686,2155.0,50521.0,0.23707498835584537,0.44,2665.9,0.146,390.5
48201530501,Census Tract 5305.01,29.8391541,-95.3923596,0.40265590254003136,1636.0,39425.0,0.28203517587939697,0.55,2097.4,0.184,385.9
48201530502,Census Tract 5305.02,29.8357583,-95.3975741,0.507949436107643,2491.0,62922.0,0.19662243667068757,0.56,2036.2,0.188,383.5
48201530600,Census Tract 5306,29.8313304,-95.405205,1.1936425453319939,3626.0,71029.0,0.29084783829309374,0.67,1679.6,0.224,376.8
48201522401,Census Tract 5224.01,29.7985786,-95.5493255,1.054744610391281,6023.0,78125.0,0.1309978416071725,2.2,510.9,0.734,375.0
48201340701,Census Tract 3407.01,29.5584075,-95.1305252,0.7351914059559138,3918.0,69716.0,0.15135273098519653,0.6,1855.6,0.201,372.7
48201521501,Census Tract 5215.01,29.8250079,-95.5228108,0.19147192146762404,2853.0,52917.0,0.35808639771510176,0.27,3874.6,0.091,351.8
48201431404,Census Tract 4314.04,29.7436083,-95.481055,0.1483999090636752,2044.0,71191.0,0.07632093933463796,1.34,775.2,0.448,347.2
48201411700,Census Tract 4117,29.7254882,-95.4543517,0.46747473292454617,3516.0,77193.0,0.028725824800910123,2.56,406.1,0.854,346.9
48201232600,Census Tract 2326,29.7831801,-95.2494321,2.3627297655818196,2568.0,70764.0,0.10007788161993769,0.99,1043.7,0.329,343.4
48201240504,Census Tract 2405.04,29.947808,-95.3935704,0.1644710253129309,2888.0,36176.0,0.24480609418282548,0.28,3595.0,0.094,338.5
48201220500,Census Tract 2205,29.8362058,-95.3814642,0.9280953803297576,3429.0,24835.0,0.2586769504598042,0.23,4316.0,0.077,334.4
48201431203,Census Tract 4312.03,29.74153,-95.5088059,0.17872591700816728,1958.0,42768.0,0.29111338100102147,0.37,2528.0,0.124,312.5
48201431304,Census Tract 4313.04,29.7460547,-95.4980367,0.17182125210605698,3114.0,67188.0,0.08028259473346179,0.53,1724.0,0.177,305.2
48201222501,Census Tract 2225.01,29.9283143,-95.4058397,0.3511467857665185,3447.0,54353.0,0.22135190020307513,0.21,4210.0,0.071,298.4
48201432703,Census Tract 4327.03,29.7288262,-95.472348,0.1821324963534292,2048.0,75223.0,0.22998046875,1.85,481.3,0.616,296.6
48201211400,Census Tract 2114,29.7658557,-95.3281845,1.3927237681411595,4291.0,77773.0,0.19948729899790257,1.93,458.5,0.642,294.5
48201221100,Census Tract 2211,29.8598711,-95.3562325,1.1824181694795504,3233.0,73110.0,0.11197030621713579,0.88,990.8,0.294,290.9
48201530400,Census Tract 5304,29.8261231,-95.3879776,0.6144236700762307,3549.0,63106.0,0.10171879402648633,0.33,2642.2,0.109,287.9
48201211000,Census Tract 2110,29.7970912,-95.3321489,0.43230468729835214,1674.0,26563.0,0.2723404255319149,0.4,2129.9,0.132,281.7
48201333100,Census Tract 3331,29.6755978,-95.2785846,0.467628401583666,3567.0,36715.0,0.3011873732985809,0.18,4641.3,0.06,276.4
48201511003,Census Tract 5110.03,29.7954445,-95.4339739,0.4115748624035189,1889.0,73507.0,0.08205399682371625,1.55,530.9,0.516,273.8
48201432006,Census Tract 4320.06,29.7345738,-95.49828,0.13498440346121898,2264.0,35219.0,0.37985865724381623,0.25,3124.0,0.084,262.2
48201340501,Census Tract 3405.01,29.5694074,-95.1206873,0.7869908715526883,3754.0,77065.0,0.15514469453376206,1.47,509.1,0.491,250.2
48201312300,Census Tract 3123,29.7377278,-95.3603674,0.5448140841078997,2733.0,74789.0,0.25749167591564925,1.03,716.4,0.342,245.2
48201520603,Census Tract 5206.03,29.806804,-95.4870314,0.1364840242451924,2037.0,32691.0,0.31795131845841784,0.27,2684.7,0.091,244.1
48201334002,Census Tract 3340.02,29.6084085,-95.2143178,0.512422043512779,2420.0,67938.0,0.05909090909090909,0.56,1236.6,0.186,230.1
48201531300,Census Tract 5313,29.8230775,-95.4639365,0.5948791788082765,5109.0,70092.0,0.1941747572815534,0.28,2418.0,0.094,226.5
48201311200,Census Tract 3112,29.7193035,-95.2990327,1.1351658290045201,4523.0,62096.0,0.0855626796374088,0.19,3516.3,0.064,226.5
48201321700,Census Tract 3217,29.6779849,-95.2355748,0.7450953124259709,3202.0,77482.0,0.12589815682599187,1.86,363.1,0.619,224.7
48201530701,Census Tract 5307.01,29.8630702,-95.4088157,0.37967046883470057,1421.0,20516.0,0.5607814761215629,0.29,2217.9,0.097,215.9
48201532800,Census Tract 5328,29.8727523,-95.4714706,0.5126965621475382,2314.0,71494.0,0.15946413137424373,0.7,912.9,0.233,212.6
48201422702,Census Tract 4227.02,29.698989,-95.5093677,0.49656791667665223,3445.0,74914.0,0.206966618287373,0.74,845.9,0.245,207.5
48201240503,Census Tract 2405.03,29.9497216,-95.3889544,0.08345791209056941,2731.0,37138.0,0.3519072550486163,0.16,3692.1,0.055,202.0
48201550101,Census Tract 5501.01,29.9516654,-95.4240204,0.3270679107480536,2430.0,26842.0,0.5521702838063439,0.15,3771.8,0.051,191.3
48201431206,Census Tract 4312.06,29.740882,-95.5147681,0.17445485492981666,1895.0,71875.0,0.15614236509758897,0.71,712.0,0.237,168.7
48201240505,Census Tract 2405.05,29.9520504,-95.3944208,0.13246083975265818,1556.0,26810.0,0.4330175913396482,0.21,2229.8,0.07,155.6
48201431303,Census Tract 4313.03,29.7405491,-95.4988604,0.10708813640074974,1615.0,55164.0,0.12198142414860681,0.26,1800.1,0.085,153.2
48201431801,Census Tract 4318.01,29.7444607,-95.4722754,0.4753400199972347,3660.0,78551.0,0.13633879781420766,1.86,241.1,0.62,149.5
48201422602,Census Tract 4226.02,29.6870675,-95.4977289,0.46943111256213454,2359.0,73162.0,0.10512929207291224,0.58,713.1,0.193,137.9
48201312603,Census Tract 3126.03,29.7267813,-95.378449,0.39350914240297424,4160.0,78186.0,0.34326923076923077,0.99,405.5,0.329,133.5
48201410706,Census Tract 4107.06,29.7361984,-95.3850116,0.16668030186439736,1835.0,72305.0,0.2140120415982485,0.58,685.7,0.194,133.0
48201334101,Census Tract 3341.01,29.6577988,-95.4044367,6.000882760809277,9558.0,79638.0,0.11372672107135384,2.2,154.1,0.735,113.3
48201410704,Census Tract 4107.04,29.7422384,-95.38543,0.19472174333649742,2087.0,74537.0,0.13128893148059415,0.51,515.9,0.17,87.6
48201341302,Census Tract 3413.02,29.5531557,-95.1074083,0.7616668170727626,3368.0,78671.0,0.050475059382422804,1.38,188.1,0.461,86.7
48201450801,Census Tract 4508.01,29.7601833,-95.5687222,0.34876260493720956,2244.0,79193.0,0.13725490196078433,3.39,82.4,1.0,82.4
48201430101,Census Tract 4301.01,29.7802489,-95.4638738,0.5758397091637614,2796.0,79038.0,0.06256860592755215,2.13,114.3,0.711,81.3
48201330101,Census Tract 3301.01,29.6347394,-95.425876,0.4448858261360899,5251.0,79040.0,0.170443725004761,0.82,236.0,0.272,64.2
48201530102,Census Tract 5301.02,29.8109166,-95.454293,0.6633524661238697,2971.0,65192.0,0.3268259845169976,0.08,2334.9,0.027,63.4
48201520302,Census Tract 5203.02,29.7987278,-95.4802566,0.3115458317683165,2591.0,78026.0,0.23697414125820146,0.68,253.1,0.225,57.0
48201210400,Census Tract 2104,29.7864417,-95.3621992,0.6995993506703783,3628.0,54004.0,0.2364939360529217,0.04,4486.0,0.012,54.1
48201521502,Census Tract 5215.02,29.8277109,-95.515963,0.5937818764735565,2899.0,78409.0,0.16833390824422215,0.64,215.5,0.212,45.7
48201222505,Census Tract 2225.05,29.9200897,-95.4039884,0.5439407210251633,3304.0,75994.0,0.11371951219512196,0.2,589.6,0.068,39.8
48201431204,Census Tract 4312.04,29.745188,-95.5037723,0.3355706524845784,3195.0,78818.0,0.03317683881064163,0.38,156.1,0.128,19.9
48201250901,Census Tract 2509.01,30.042393,-95.1682727,1.3188226566800727,4067.0,93466.0,0.09540201622817802,2.91,0.0,0.97,0.0
48201420600,Census Tract 4206,29.6611026,-95.47013,0.4653361130681021,2358.0,92219.0,0.07845631891433417,1.19,0.0,0.397,0.0
48201420700,Census Tract 4207,29.6720209,-95.4694801,0.8787557715853762,2872.0,199875.0,0.012186629526462395,0.75,0.0,0.249,0.0
48201450500,Census Tract 4505,29.778364,-95.6347799,1.111009347452178,3412.0,144891.0,0.038686987104337635,3.17,0.0,1.0,0.0
48201450100,Census Tract 4501,29.7772428,-95.5669287,0.319446254137437,1874.0,151111.0,0.016008537886873,4.0,0.0,1.0,0.0
48201450200,Census Tract 4502,29.7792596,-95.5795765,1.0448325957758935,5965.0,150709.0,0.07292539815590947,4.19,0.0,1.0,0.0
48201340600,Census Tract 3406,29.5758631,-95.1312524,0.6275673597590377,2463.0,124435.0,0.021112464474218433,1.81,0.0,0.603,0.0
48201340800,Census Tract 3408,29.5814929,-95.1438192,1.1141333000173503,6143.0,142072.0,0.051277877258668406,2.35,0.0,0.782,0.0
48201433300,Census Tract 4333,29.6984381,-95.5296222,0.9351726328967588,4680.0,86925.0,0.07243589743589744,1.51,0.0,0.503,0.0
48201520604,Census Tract 5206.04,29.806917,-95.4950326,0.3836870895905387,3447.0,81483.0,0.20481578183928054,0.38,0.0,0.125,0.0
48201520200,Census Tract 5202,29.789358,-95.476561,0.7267797843288168,3189.0,151607.0,0.038883662590153655,1.28,0.0,0.426,0.0
48201520700,Census Tract 5207,29.7993191,-95.4967336,0.7594660347687852,4505.0,128966.0,0.035826242722794444,0.51,0.0,0.17,0.0
48201410401,Census Tract 4104.01,29.7475136,-95.4063924,0.3394042608172437,3899.0,116934.0,0.04744806360605283,1.82,0.0,0.605,0.0
48201410801,Census Tract 4108.01,29.7364644,-95.4049911,0.20347969859985188,2664.0,83026.0,0.2301051051051051,1.71,0.0,0.568,0.0
48201313901,Census Tract 3139.01,29.6945254,-95.3831759,0.8192273129778963,3964.0,80819.0,0.1057013118062563,3.23,0.0,1.0,0.0
48201314402,Census Tract 3144.02,29.6881908,-95.4081943,0.733126531611761,2037.0,84961.0,0.09621993127147767,3.1,0.0,1.0,0.0
48201412201,Census Tract 4122.01,29.7092496,-95.4082503,0.37313646200483913,2331.0,135417.0,0.15665236051502146,2.88,0.0,0.962,0.0
48201411902,Census Tract 4119.02,29.7266021,-95.3929645,0.32454511924380997,2391.0,113125.0,0.149246475449684,1.38,0.0,0.46,0.0
48201431505,Census Tract 4315.05,29.754609,-95.4842534,0.12180094525607688,1480.0,89904.0,0.07650273224043716,1.53,0.0,0.509,0.0
48201511202,Census Tract 5112.02,29.8042125,-95.4172883,0.38219673525837156,3510.0,172860.0,0.02621082621082621,1.34,0.0,0.446,0.0
48201511501,Census Tract 5115.01,29.8083233,-95.4058178,0.4804767231151498,3757.0,123696.0,0.08570668086239021,1.0,0.0,0.334,0.0
48201554809,Census Tract 5548.09,30.0550199,-95.5715259,2.8758865615024,10919.0,92083.0,0.1203064409344557,3.33,0.0,1.0,0.0
48201350104,Census Tract 3501.04,29.5919985,-95.2587687,2.1754431915133385,5653.0,99877.0,0.1457633115160092,0.82,0.0,0.273,0.0
48201411504,Census Tract 4115.04,29.7353929,-95.4329529,0.35994566785868376,2669.0,126806.0,0.13862869988759835,3.38,0.0,1.0,0.0
48201411506,Census Tract 4115.06,29.7330676,-95.4394595,0.14463772963034954,2971.0,99901.0,0.052844160215415686,3.57,0.0,1.0,0.0
48201411505,Census Tract 4115.05,29.7355709,-95.4447356,0.3294181145874064,3303.0,101736.0,0.08174386920980926,3.43,0.0,1.0,0.0
48201431902,Census Tract 4319.02,29.7364815,-95.4641258,0.35743484552135646,2469.0,111667.0,0.044892915980230645,2.27,0.0,0.755,0.0
48201531600,Census Tract 5316,29.8377907,-95.4542407,0.9094018582193415,3002.0,190234.0,0.029980013324450366,0.61,0.0,0.204,0.0
48201531700,Census Tract 5317,29.8357787,-95.435762,0.7191832243585088,3947.0,219854.0,0.014807250446770488,0.59,0.0,0.196,0.0
48201531200,Census Tract 5312,29.826857,-95.451949,0.7393578343492859,3801.0,92837.0,0.11934374173061657,0.61,0.0,0.205,0.0
48201510100,Census Tract 5101,29.7699275,-95.3714316,0.5586442634286842,3096.0,180817.0,0.015180878552971577,1.27,0.0,0.424,0.0
48201510400,Census Tract 5104,29.7837507,-95.3925984,0.5708879489798121,3852.0,218356.0,0.03323811996883926,1.86,0.0,0.621,0.0
48201510500,Census Tract 5105,29.7838269,-95.4034913,0.6734166049897427,5097.0,140217.0,0.012556405728860114,2.51,0.0,0.838,0.0
48201250701,Census Tract 2507.01,30.0123645,-95.2229316,6.773458894373071,7051.0,130218.0,0.10353141398383207,2.0,0.0,0.668,0.0
48201251503,Census Tract 2515.03,30.0736328,-95.1850599,0.3571186278534692,2767.0,139571.0,0.003677822728944465,3.4,0.0,1.0,0.0
48201511001,Census Tract 5110.01,29.799065,-95.4421699,0.8764916685273896,3593.0,97589.0,0.06255331248222917,1.02,0.0,0.339,0.0
48201333502,Census Tract 3335.02,29.6670118,-95.2847899,0.35037805636876074,2504.0,83269.0,0.3146964856230032,0.71,0.0,0.235,0.0
48201321102,Census Tract 3211.02,29.6274808,-95.213118,0.9877709438596612,4274.0,93553.0,0.04491444866920152,0.97,0.0,0.324,0.0
48201540101,Census Tract 5401.01,29.8464814,-95.5873121,4.621878360669386,7031.0,239125.0,0.04835727492533068,3.59,0.0,1.0,0.0
48201522002,Census Tract 5220.02,29.8263308,-95.5307746,0.3502294070377026,3096.0,97356.0,0.22714962762356128,0.57,0.0,0.192,0.0
48201340301,Census Tract 3403.01,29.5914944,-95.126475,1.374566928031187,3541.0,218304.0,0.0073425585992657446,2.9,0.0,0.965,0.0
48201422000,Census Tract 4220,29.6620014,-95.4846575,0.5646307773976615,2279.0,126417.0,0.03609154929577465,1.85,0.0,0.616,0.0
48201312000,Census Tract 3120,29.7171408,-95.3442306,0.7080526713306031,2970.0,85536.0,0.1270062805303559,1.43,0.0,0.477,0.0
48201220600,Census Tract 2206,29.8418052,-95.3668801,0.6412790057171344,3168.0,,0.3693181818181818,0.52,0.0,0.174,0.0
48201451603,Census Tract 4516.03,29.7594273,-95.633117,0.5086034931642988,3324.0,113167.0,0.11026961526810057,1.87,0.0,0.623,0.0
48201310200,Census Tract 3102,29.7434743,-95.3511272,0.720755046246139,2129.0,132929.0,0.1286989196806012,0.69,0.0,0.231,0.0
48201431101,Census Tract 4311.01,29.7441598,-95.5356583,0.3234783189796188,5640.0,83615.0,0.10815602836879433,1.98,0.0,0.661,0.0
48201411302,Census Tract 4113.02,29.7439794,-95.4530532,0.20994690975627683,3086.0,89246.0,0.07647440051847051,2.98,0.0,0.992,0.0
48201510803,Census Tract 5108.03,29.7615945,-95.4183401,0.3125759523274414,2515.0,109842.0,0.06679920477137177,2.86,0.0,0.952,0.0
48201530200,Census Tract 5302,29.8158099,-95.4242816,1.3642020155837704,4156.0,147083.0,0.18719923002887393,0.97,0.0,0.322,0.0
48201521900,Census Tract 5219,29.8223872,-95.554418,1.4721330129967276,7366.0,90903.0,0.1457961870799616,1.87,0.0,0.622,0.0
48201530300,Census Tract 5303,29.8175261,-95.3887898,0.7090020965385823,2393.0,94444.0,0.07062264939406603,0.82,0.0,0.273,0.0
48201980400,Census Tract 9804,29.7222846,-95.3445785,0.5164703246456217,4285.0,,0.0,1.18,0.0,0.395,0.0
48201980200,Census Tract 9802,29.767066,-95.3516608,0.25580310482583646,9542.0,84514.0,0.2375,1.45,0.0,0.485,0.0
48201350601,Census Tract 3506.01,29.5545845,-95.1726284,5.139713556445632,3863.0,97700.0,0.06704633704374838,2.57,0.0,0.856,0.0
48201431401,Census Tract 4314.01,29.744466,-95.4839917,0.14083500947037167,2729.0,83304.0,0.10589959692194943,1.19,0.0,0.396,0.0
48201511301,Census Tract 5113.01,29.7972613,-95.4054495,0.697992393486316,5065.0,165743.0,0.07838104639684107,1.76,0.0,0.586,0.0
48201340302,Census Tract 3403.02,29.5960011,-95.1128415,1.3241083952312045,6889.0,147031.0,0.05022499637102627,3.36,0.0,1.0,0.0
48201451902,Census Tract 4519.02,29.7225162,-95.5987045,0.7944716008754187,2520.0,127014.0,0.09206349206349207,0.41,0.0,0.136,0.0
48201410402,Census Tract 4104.02,29.7474979,-95.398717,0.28058816069236703,3044.0,180000.0,0.04697766097240473,1.37,0.0,0.458,0.0
48201431302,Census Tract 4313.02,29.7436384,-95.4905071,0.5277136195038363,4324.0,82545.0,0.07354301572617947,0.8,0.0,0.266,0.0
48201422302,Census Tract 4223.02,29.6490268,-95.4971327,0.2681085667223391,2106.0,87568.0,0.13912630579297247,0.9,0.0,0.3,0.0
48201410300,Census Tract 4103,29.7567394,-95.4037107,0.3919388649239784,3821.0,100657.0,0.0912486659551761,1.93,0.0,0.644,0.0
48201410900,Census Tract 4109,29.7329507,-95.3993418,0.2849928141175907,3565.0,109067.0,0.06451612903225806,1.45,0.0,0.483,0.0
48201511600,Census Tract 5116,29.8030113,-95.3770418,0.7526895557833275,3548.0,86026.0,0.06397970687711386,1.48,0.0,0.494,0.0
48201520100,Census Tract 5201,29.7922757,-95.4604356,1.1395314861117258,3406.0,151217.0,0.029653552554315912,1.28,0.0,0.426,0.0
48201980000,Census Tract 9800,29.646318,-95.2773397,2.1337159729277677,35.0,,0.0,1.91,0.0,0.638,0.0
48201420300,Census Tract 4203,29.6715522,-95.4541892,0.9253382248152483,4005.0,106465.0,0.0686641697877653,0.26,0.0,0.088,0.0
48201413100,Census Tract 4131,29.6985559,-95.4323395,0.5512735732211528,3346.0,250001.0,0.026024528866287765,2.25,0.0,0.75,0.0
48201430700,Census Tract 4307,29.7770812,-95.5388154,0.7247782307386732,3831.0,88870.0,0.037066040198381625,3.18,0.0,1.0,0.0
48201430800,Census Tract 4308,29.77607,-95.5529434,1.3056735615670452,6492.0,155388.0,0.06290571870170016,3.58,0.0,1.0,0.0
48201430900,Census Tract 4309,29.7583299,-95.5428231,1.0885972754523572,5559.0,85767.0,0.06260118726389638,2.71,0.0,0.905,0.0
48201430200,Census Tract 4302,29.7759823,-95.4847472,0.2731058869610023,1609.0,82434.0,0.0941101152368758,1.94,0.0,0.648,0.0
48201454502,Census Tract 4545.02,29.7418511,-95.7157159,2.848072148099553,2216.0,192174.0,0.04151624548736462,3.37,0.0,1.0,0.0
48201511004,Census Tract 5110.04,29.794734,-95.4258623,0.39964700841811973,1842.0,89028.0,0.057003257328990226,1.97,0.0,0.657,0.0
48201511502,Census Tract 5115.02,29.8086883,-95.3903678,0.7089677334464675,5455.0,205553.0,0.08780934922089825,1.41,0.0,0.468,0.0
48201422100,Census Tract 4221,29.6482654,-95.4870792,0.9263057968246812,5004.0,101238.0,0.05495603517186251,1.41,0.0,0.469,0.0
48201313202,Census Tract 3132.02,29.7071698,-95.3685697,0.6533887138192307,2629.0,85802.0,0.03302825308396339,2.39,0.0,0.798,0.0
48201313101,Census Tract 3131.01,29.7071814,-95.3798092,0.2630726362678167,2555.0,87639.0,0.2606473594548552,2.34,0.0,0.781,0.0
48201312601,Census Tract 3126.01,29.7217905,-95.3845987,0.17797649271833918,3366.0,88269.0,0.2591044776119403,1.4,0.0,0.468,0.0
48201251504,Census Tract 2515.04,30.0658735,-95.1752915,1.099638638881628,5612.0,149901.0,0.07227575982209043,3.74,0.0,1.0,0.0
48201421900,Census Tract 4219,29.6715074,-95.4848536,0.6417979270182828,3063.0,182868.0,0.06584224598930481,1.66,0.0,0.555,0.0
48201410705,Census Tract 4107.05,29.7366033,-95.3940763,0.18491474850824702,1123.0,,0.045871559633027525,1.07,0.0,0.355,0.0
48201454504,Census Tract 4545.04,29.7625437,-95.6982362,2.7745131231509785,5223.0,119083.0,0.10472908290254643,2.44,0.0,0.815,0.0
48201451604,Census Tract 4516.04,29.7670441,-95.6339087,0.7739973756095738,3561.0,120147.0,0.04436860068259386,2.39,0.0,0.797,0.0
48201522102,Census Tract 5221.02,29.8157781,-95.5314944,0.5438021103502286,4532.0,92833.0,0.15419398598236492,0.61,0.0,0.204,0.0
48201522001,Census Tract 5220.01,29.8280936,-95.5394096,0.4348718805508339,2213.0,91411.0,0.05603253502033439,1.08,0.0,0.359,0.0
48201333906,Census Tract 3339.06,29.6056656,-95.2580461,0.7648745538063494,5712.0,107406.0,0.05672268907563025,0.49,0.0,0.163,0.0
48201430102,Census Tract 4301.02,29.7742958,-95.4695169,1.1119896608328446,3009.0,135739.0,0.12097855227882037,2.38,0.0,0.792,0.0
48201510602,Census Tract 5106.02,29.774322,-95.4175569,0.4615700726131905,4592.0,164076.0,0.026350174216027873,3.28,0.0,1.0,0.0
48201510801,Census Tract 5108.01,29.7666964,-95.4167219,0.33643745183061863,4526.0,128269.0,0.013256738842244807,2.97,0.0,0.989,0.0
48201510901,Census Tract 5109.01,29.7808842,-95.4208421,0.5402213989314415,6490.0,216490.0,0.008628659476117103,2.81,0.0,0.937,0.0
48201422403,Census Tract 4224.03,29.6617735,-95.4967033,0.34886762472434674,2550.0,81108.0,0.0639466457434288,1.61,0.0,0.536,0.0
48201350300,Census Tract 3503,29.5828801,-95.2248554,0.8808943914418202,6328.0,100948.0,0.07206068268015171,2.22,0.0,0.74,0.0
48201350500,Census Tract 3505,29.5822054,-95.1958041,2.249858591049671,7031.0,80079.0,0.18261368526753693,2.68,0.0,0.893,0.0
48201411901,Census Tract 4119.01,29.7289065,-95.4018496,0.37415847441863354,2200.0,239519.0,0.016040329972502293,1.71,0.0,0.569,0.0
48201251505,Census Tract 2515.05,30.0568139,-95.1719783,1.0028632911368849,3839.0,171600.0,0.045584787705131545,3.81,0.0,1.0,0.0
48201330901,Census Tract 3309.01,29.6214158,-95.3998115,1.7180167672661633,10349.0,83794.0,0.08165040100492801,1.02,0.0,0.339,0.0
48201421802,Census Tract 4218.02,29.685661,-95.4808616,0.33251735661442866,2399.0,89079.0,0.1509433962264151,0.92,0.0,0.306,0.0
48201423500,Census Tract 4235,29.6509447,-95.5411795,0.4798910061405649,2254.0,105291.0,0.07364685004436557,1.64,0.0,0.546,0.0
48201530900,Census Tract 5309,29.8359653,-95.4201472,0.7726004579997859,4670.0,86563.0,0.13936377407487557,0.96,0.0,0.321,0.0
48201531100,Census Tract 5311,29.824875,-95.4377439,0.6374905713370245,3552.0,181698.0,0.08079954954954954,0.34,0.0,0.113,0.0
48201531400,Census Tract 5314,29.8302031,-95.4709951,0.41126829728959646,2139.0,97464.0,0.04855769230769231,0.7,0.0,0.232,0.0
48201980100,Census Tract 9801,29.9882271,-95.3387998,11.768551709683331,0.0,,0.0,2.18,0.0,0.728,0.0
48201511400,Census Tract 5114,29.7957877,-95.383124,0.44252403923197936,2686.0,161607.0,0.0626865671641791,1.45,0.0,0.482,0.0
48201431701,Census Tract 4317.01,29.761557,-95.4620762,0.3537467977024806,2075.0,107698.0,0.016867469879518072,2.88,0.0,0.961,0.0
48201431702,Census Tract 4317.02,29.7567464,-95.4704788,0.7626714548894203,2848.0,175787.0,0.046348314606741575,2.28,0.0,0.76,0.0
48201431804,Census Tract 4318.04,29.7484268,-95.4598549,0.41703936625407906,2598.0,126458.0,0.03679060665362035,2.65,0.0,0.885,0.0
48201510902,Census Tract 5109.02,29.7853525,-95.4344532,1.5599627598290404,5731.0,118750.0,0.1926365381259815,2.05,0.0,0.683,0.0
48201510802,Census Tract 5108.02,29.7679859,-95.4406837,2.7635034200987123,2817.0,250001.0,0.012069577564785232,3.0,0.0,0.999,0.0
48201431506,Census Tract 4315.06,29.7562729,-95.4799066,0.2773298445760046,2849.0,87988.0,0.0526128688233203,1.8,0.0,0.599,0.0
48201510601,Census Tract 5106.01,29.7735934,-95.4034879,0.3431417297124194,3417.0,130616.0,0.03865447034523458,2.66,0.0,0.886,0.0
48201510302,Census Tract 5103.02,29.7868983,-95.3824843,0.3591043512551106,3482.0,157159.0,0.02014388489208633,1.25,0.0,0.417,0.0
48201312902,Census Tract 3129.02,29.7147656,-95.3652246,0.372512134814395,2391.0,,0.30896027049873204,1.95,0.0,0.649,0.0
48201410202,Census Tract 4102.02,29.7550071,-95.3918669,0.2535463377088631,3900.0,130972.0,0.05179487179487179,1.31,0.0,0.437,0.0
48201411507,Census Tract 4115.07,29.7381671,-95.4385028,0.11733914871138154,2167.0,85782.0,0.1324411628980157,3.69,0.0,1.0,0.0
48201411301,Census Tract 4113.01,29.7521982,-95.4523634,0.3397451890232809,1918.0,114402.0,0.0881126173096976,3.16,0.0,1.0,0.0
48201410502,Census Tract 4105.02,29.7491,-95.3850823,0.2117179603577408,3032.0,154261.0,0.052770448548812667,0.74,0.0,0.246,0.0
48201332500,Census Tract 3325,29.6648417,-95.3077018,0.6848765031589277,3410.0,83870.0,0.0469208211143695,1.99,0.0,0.664,0.0
48201450700,Census Tract 4507,29.76685,-95.5833803,1.6907614297889577,6866.0,250001.0,0.012234197494902418,3.31,0.0,1.0,0.0
48201450900,Census Tract 4509,29.7421212,-95.5649411,0.6262835700817175,2783.0,105398.0,0.024793388429752067,2.77,0.0,0.923,0.0
48201451200,Census Tract 4512,29.7558109,-95.5958668,0.6519273171489579,2770.0,166818.0,0.0029080334423845873,2.34,0.0,0.78,0.0
48201312700,Census Tract 3127,29.7267574,-95.3682096,0.3331478614394103,2293.0,86667.0,0.13844086021505375,1.12,0.0,0.373,0.0
48201511302,Census Tract 5113.02,29.7973995,-95.3935238,0.613346831155916,4961.0,170768.0,0.04435483870967742,1.98,0.0,0.662,0.0
48201410601,Census Tract 4106.01,29.74453,-95.3777657,0.24443471286823784,3723.0,98958.0,0.14251142780317289,0.25,0.0,0.082,0.0
48201511201,Census Tract 5112.01,29.795914,-95.4175103,0.4246830306877355,2940.0,190938.0,0.010884353741496598,1.89,0.0,0.63,0.0
48201521600,Census Tract 5216,29.8424728,-95.5312861,2.57717746820081,2972.0,91667.0,0.061574697173620456,1.43,0.0,0.478,0.0
48201340102,Census Tract 3401.02,29.6019656,-95.1899561,1.7159553678414379,5498.0,88884.0,0.1650201244054153,2.01,0.0,0.671,0.0
48201451302,Census Tract 4513.02,29.7481455,-95.5965344,0.6083387000568122,3254.0,139884.0,0.008604794099569761,1.82,0.0,0.607,0.0
48201310102,Census Tract 3101.02,29.7591877,-95.3430735,0.4394630213186577,2400.0,91102.0,0.24375,1.33,0.0,0.445,0.0
48201312200,Census Tract 3122,29.7321055,-95.3497568,0.4197057877613191,1609.0,,0.4064636420136731,0.79,0.0,0.263,0.0
48201312400,Census Tract 3124,29.7298981,-95.3610125,0.4179544283699434,2048.0,,0.55859375,1.23,0.0,0.411,0.0
48201421700,Census Tract 4217,29.6865353,-95.4883315,0.7268292054051168,4521.0,80609.0,0.1973014819730148,0.87,0.0,0.291,0.0
48201313102,Census Tract 3131.02,29.7116772,-95.3922916,1.2093345092615118,1789.0,85956.0,0.2064139941690962,2.22,0.0,0.741,0.0
48201312602,Census Tract 3126.02,29.725801,-95.3830479,0.20231405618306103,2519.0,131864.0,0.11252992817238627,1.11,0.0,0.371,0.0
48201312502,Census Tract 3125.02,29.7361643,-95.3764282,0.3125852187792476,2089.0,101406.0,0.25682261208577,0.34,0.0,0.113,0.0
48201410703,Census Tract 4107.03,29.7413902,-95.3937139,0.22318712497873205,2286.0,93250.0,0.10153846153846154,1.0,0.0,0.333,0.0
48201410802,Census Tract 4108.02,29.7406837,-95.4050252,0.19414567891587736,1441.0,121094.0,0.05829285218598196,1.68,0.0,0.559,0.0
48201410501,Census Tract 4105.01,29.7491032,-95.3923612,0.21316043802224252,1825.0,136043.0,0.06958904109589041,1.07,0.0,0.358,0.0
48201411003,Census Tract 4110.03,29.7346933,-95.4146908,0.25541700266724393,1671.0,107802.0,0.13285457809694792,2.3,0.0,0.767,0.0
48201411002,Census Tract 4110.02,29.7405008,-95.4146969,0.13128631698621968,2176.0,101875.0,0.09604779411764706,2.26,0.0,0.753,0.0
48201411503,Census Tract 4115.03,29.7345889,-95.4240654,0.34591780423269974,3555.0,115417.0,0.07623066104078763,2.85,0.0,0.952,0.0
48201411001,Census Tract 4110.01,29.7402797,-95.4243669,0.17447917936580798,2673.0,124773.0,0.05761316872427984,2.84,0.0,0.946,0.0
48201411801,Census Tract 4118.01,29.7264326,-95.4380232,0.4718473398706066,3825.0,121557.0,0.04097277293153582,3.35,0.0,1.0,0.0
48201431403,Census Tract 4314.03,29.7442275,-95.478412,0.12972067273312696,1772.0,97500.0,0.15914221218961624,1.51,0.0,0.502,0.0
48201432004,Census Tract 4320.04,29.7346838,-95.4762155,0.4178301034748766,2018.0,128611.0,0.011892963330029732,1.54,0.0,0.515,0.0
48201431504,Census Tract 4315.04,29.7538102,-95.4905097,0.3086079804435859,2503.0,121875.0,0.11146624051138633,1.23,0.0,0.41,0.0
48201431503,Census Tract 4315.03,29.7528951,-95.4981534,0.11759165952310106,2295.0,110563.0,0.034858387799564274,0.96,0.0,0.319,0.0
48201980300,Census Tract 9803,29.7172259,-95.4027324,0.4698392225437668,2918.0,,0.0,2.25,0.0,0.751,0.0
48201350201,Census Tract 3502.01,29.5947429,-95.225701,0.6419697424788564,3813.0,104528.0,0.0999213217938631,1.42,0.0,0.475,0.0
48201432600,Census Tract 4326,29.7259349,-95.5106411,0.6270519133773167,2206.0,81731.0,0.22484134179510426,0.9,0.0,0.299,0.0
48201453604,Census Tract 4536.04,29.6792631,-95.5813011,0.4578380091482351,3589.0,98790.0,0.1058790749512399,2.91,0.0,0.969,0.0
48201451606,Census Tract 4516.06,29.7451993,-95.6364039,1.3091399867468891,6423.0,128056.0,0.06741398100576054,1.06,0.0,0.354,0.0
48201412000,Census Tract 4120,29.7215371,-95.4107135,0.5774350832830658,3819.0,244483.0,0.06719160104986877,2.43,0.0,0.809,0.0
48201411802,Census Tract 4118.02,29.7281886,-95.4187689,0.358928674772951,2196.0,113250.0,0.09699453551912568,2.65,0.0,0.885,0.0
48201310101,Census Tract 3101.01,29.7520372,-95.3434924,0.8477177912604394,2768.0,95786.0,0.23442028985507246,0.85,0.0,0.284,0.0
48201510301,Census Tract 5103.01,29.7823909,-95.3766468,0.5542291852451786,3551.0,130503.0,0.05688538439876091,0.94,0.0,0.313,0.0
48201100001,Census Tract 1000.01,29.7550044,-95.3621664,0.9846998872902162,5869.0,102588.0,0.1121911705143783,1.32,0.0,0.439,0.0
48201340702,Census Tract 3407.02,29.569193,-95.1406139,0.49954746703451086,3871.0,87604.0,0.12606561611986566,1.49,0.0,0.496,0.0
48201511100,Census Tract 5111,29.8084275,-95.4266541,0.7248512040466472,4485.0,162212.0,0.10013562386980109,1.38,0.0,0.459,0.0
48201210600,Census Tract 2106,29.8070404,-95.3653598,0.9010767234757692,5415.0,83618.0,0.06703601108033241,1.34,0.0,0.448,0.0
48201333802,Census Tract 3338.02,29.611946,-95.273954,1.3115048624682684,6105.0,86897.0,0.06208026208026208,0.84,0.0,0.28,0.0
48201542305,Census Tract 5423.05,29.8249639,-95.7395706,1.0128193213983518,4761.0,87338.0,0.05524049569418189,2.16,0.0,0.721,0.0
48201420400,Census Tract 4204,29.6575147,-95.4559003,0.9812106820830154,3714.0,94625.0,0.03454790823211876,1.16,0.0,0.387,0.0
48201451006,Census Tract 4510.06,29.743152,-95.5786091,0.3929523830902838,2465.0,103096.0,0.03286004056795132,2.13,0.0,0.71,0.0
48201451301,Census Tract 4513.01,29.7407161,-95.5987278,0.5820347182983786,4018.0,90086.0,0.06819313091090094,1.29,0.0,0.43,0.0
48201413302,Census Tract 4133.02,29.6852899,-95.4329933,0.6753258801639828,3768.0,170750.0,0.061040339702760085,1.65,0.0,0.549,0.0
48201543201,Census Tract 5432.01,29.7978489,-95.5716634,1.8462663907750527,6682.0,80159.0,0.14476247564813427,3.31,0.0,1.0,0.0
48201450402,Census Tract 4504.02,29.7806805,-95.614317,0.5827953395508059,2227.0,120909.0,0.06645711719802425,3.34,0.0,1.0,0.0
48201531000,Census Tract 5310,29.8251751,-95.4199886,0.9213316427155336,5027.0,182632.0,0.0483389695643525,0.64,0.0,0.214,0.0
48201252003,Census Tract 2520.03,29.9467989,-95.1550258,3.4900461377021537,10901.0,173138.0,0.005320612787817631,3.32,0.0,1.0,0.0
48201312501,Census Tract 3125.01,29.7431037,-95.3699612,0.37881370814478377,3348.0,132250.0,0.1166267942583732,0.45,0.0,0.15,0.0
48201510702,Census Tract 5107.02,29.7682184,-95.4037047,0.1979955035392035,2059.0,244293.0,0.04953861097620204,2.47,0.0,0.822,0.0
48201340201,Census Tract 3402.01,29.6096139,-95.1668693,3.8194283447888107,0.0,,0.0,3.21,0.0,1.0,0.0
48201340202,Census Tract 3402.02,29.6124159,-95.1410122,6.2943157681137,8505.0,170807.0,0.04315108759553204,4.38,0.0,1.0,0.0
48201341304,Census Tract 3413.04,29.5693697,-95.0880856,4.020339305727546,1543.0,80500.0,0.18464730290456433,2.87,0.0,0.956,0.0
48201510701,Census Tract 5107.01,29.7637653,-95.4040693,0.2181782216753111,2165.0,84615.0,0.23879907621247112,2.26,0.0,0.752,0.0
48201251401,Census Tract 2514.01,30.0808776,-95.1912368,0.46417819269448307,2975.0,125521.0,0.09310924369747899,3.02,0.0,1.0,0.0
48201413000,Census Tract 4130,29.6972884,-95.4423771,0.6180846907440051,3111.0,111219.0,0.05271616843458695,1.83,0.0,0.609,0.0
48201420800,Census Tract 4208,29.6843756,-95.4684615,0.8113164658504939,2829.0,226250.0,0.05905511811023622,0.97,0.0,0.323,0.0
48201411100,Census Tract 4111,29.7503923,-95.4140675,0.5206552859426061,3667.0,177796.0,0.046632124352331605,2.31,0.0,0.771,0.0
48201411200,Census Tract 4112,29.7530897,-95.4311683,1.3144021730663467,1700.0,176042.0,0.06,3.35,0.0,1.0,0.0
48201411400,Census Tract 4114,29.744645,-95.4330815,0.6682586662531049,2898.0,250001.0,0.025183630640083946,3.37,0.0,1.0,0.0
48201411600,Census Tract 4116,29.735475,-95.453745,0.5269194073636114,2806.0,127426.0,0.04490377761938703,2.89,0.0,0.963,0.0
48201423201,Census Tract 4232.01,29.6609441,-95.5441185,0.7484520845927745,2631.0,80141.0,0.14117199391171995,1.18,0.0,0.393,0.0
48201412202,Census Tract 4122.02,29.7053907,-95.4129548,0.5519681710044607,3496.0,167986.0,0.06686478454680535,3.27,0.0,1.0,0.0
48201431600,Census Tract 4316,29.7645271,-95.4837986,1.1353488414276929,3582.0,118409.0,0.09178743961352658,2.07,0.0,0.689,0.0
48201340400,Census Tract 3404,29.5797559,-95.1125417,0.612591615333709,1070.0,147115.0,0.07102803738317758,2.33,0.0,0.776,0.0
48201541701,Census Tract 5417.01,29.8232348,-95.6656646,3.082365501670199,6879.0,94661.0,0.23091519486206394,1.82,0.0,0.608,0.0
48201251300,Census Tract 2513,30.056098,-95.1997991,2.5234953684787382,7242.0,131636.0,0.028583264291632146,2.16,0.0,0.718,0.0
48201251701,Census Tract 2517.01,30.0343158,-95.108073,3.9081345435211285,4631.0,86486.0,0.17318073850140359,3.42,0.0,1.0,0.0
48201250403,Census Tract 2504.03,29.9999182,-95.1401641,0.7966631167275899,4543.0,82480.0,0.08276469293418445,0.74,0.0,0.246,0.0
48201251100,Census Tract 2511,30.0350367,-95.2354857,4.050169172398247,7435.0,107067.0,0.03559870550161812,1.06,0.0,0.354,0.0
48201250902,Census Tract 2509.02,30.0454205,-95.1435886,3.127934050631607,5784.0,190950.0,0.0031120331950207467,3.0,0.0,0.999,0.0
48201410101,Census Tract 4101.01,29.7548997,-95.3821568,0.16671813987593945,2246.0,92813.0,0.17142857142857143,1.01,0.0,0.335,0.0
48201410602,Census Tract 4106.02,29.7493804,-95.3778889,0.1461188175107105,2647.0,93715.0,0.07404608991310918,0.58,0.0,0.193,0.0
48201980700,Census Tract 9807,29.7620997,-95.3652151,0.48479180083957996,2067.0,90972.0,0.14997581035316884,1.62,0.0,0.54,0.0
48201510202,Census Tract 5102.02,29.7716159,-95.386583,1.0162652831637904,6566.0,112284.0,0.10767590618336886,1.8,0.0,0.602,0.0
48201410201,Census Tract 4102.01,29.7599093,-95.3922725,0.2416852793969004,1734.0,80037.0,0.09630911188004614,1.59,0.0,0.531,0.0
48201510201,Census Tract 5102.01,29.7649057,-95.3850246,0.3500112593180978,2450.0,118015.0,0.10163265306122449,1.72,0.0,0.573,0.0
48201431001,Census Tract 4310.01,29.7422707,-95.5481493,0.8420154484801863,2613.0,98911.0,0.062403697996918334,2.71,0.0,0.905,0.0
48201431002,Census Tract 4310.02,29.7531399,-95.5505255,0.7698367387485806,3020.0,106250.0,0.010596026490066225,3.0,0.0,1.0,0.0
48201452103,Census Tract 4521.03,29.7315502,-95.5754462,0.2486517206443855,2559.0,84556.0,0.19140469558296858,1.9,0.0,0.632,0.0
48201412902,Census Tract 4129.02,29.683657,-95.4461584,0.47155390223007626,3184.0,95781.0,0.15859766277128548,0.93,0.0,0.311,0.0
48201412901,Census Tract 4129.01,29.6863532,-95.4542269,0.31156861179567347,1916.0,85773.0,0.17382198952879582,0.86,0.0,0.285,0.0
48201320902,Census Tract 3209.02,29.648769,-95.2312284,0.49353817303817665,3685.0,85656.0,0.06648575305291723,1.42,0.0,0.474,0.0
