geoid,foreign_born_rate,spanish_at_home_rate,avg_household_size,zero_vehicle_rate,renter_occupied_rate
48201332000,0.1312943562014194,0.2908496732026144,3.24,0.2332601536772777,0.5345773874862788
48201331200,0.028110047846889953,0.038201266099105,2.67,0.232171581769437,0.7302949061662198
48201313600,0.1526634906886098,0.40110027506876716,2.57,0.19087367835281024,0.5876460767946577
48201332200,0.3114585476239457,0.6038822525597269,3.04,0.044569993722536096,0.32642812303829255
48201331800,0.26288659793814434,0.5074626865671642,3.11,0.14035087719298245,0.391812865497076
48201433003,0.5734112490869248,0.6723721304873137,2.66,0.3158150851581509,0.9508515815085158
48201251402,0.17548291233283803,0.39143825069294735,2.54,0.01018483591097699,0.4017351942663146
48201331700,0.10260416666666666,0.17707701637355974,2.95,0.21,0.4584615384615385
48201331300,0.04571232170476027,0.11297599711243458,3.04,0.107386066003143,0.4311157674174961
48201331400,0.16403220996122875,0.12234616768621806,3.4,0.45380710659898477,0.9756345177664975
48201453202,0.31738184694482896,0.293313708999159,3.23,0.07142857142857142,0.7376623376623377
48201330801,0.1817239336492891,0.25790513833992096,2.63,0.042611415168100075,0.3655199374511337
48201230900,0.1290893015030946,0.33788659793814435,2.64,0.2234539089848308,0.44049008168028003
48201332600,0.24565523720056365,0.4548898071625344,2.83,0.11071428571428571,0.45982142857142855
48201453100,0.4323814655172414,0.462882096069869,2.69,0.2095721537345903,0.7875271936185642
48201232500,0.23652490334318854,0.5519961749940234,2.95,0.16129032258064516,0.38911290322580644
48201453702,0.3481745325022262,0.31196875717895706,3.53,0.003142183817753339,0.572663000785546
48201313400,0.19300552195635026,0.2966194111232279,2.38,0.18523153942428036,0.7415519399249061
48201332400,0.08454523046586147,0.22343949044585987,3.24,0.05292702485966319,0.2301523656776263
48201331100,0.052312908694599175,0.14081579631073005,2.48,0.161543098251959,0.3821579264617239
48201453300,0.5782051282051283,0.32361581920903953,2.81,0.08774038461538461,0.9825721153846154
48201332100,0.28206744405924994,0.637370010063737,3.51,0.0022148394241417496,0.4673311184939092
48201453404,0.44393241167434716,0.5623840445269017,3.38,0.10730253353204174,0.5275707898658718
48201432401,0.4795027770431103,0.42805755395683454,2.3,0.0341047503045067,0.6120584652862363
48201321200,0.4444888178913738,0.7529178595023123,3.55,0.07436260623229461,0.7549575070821529
48201211501,0.33972515180568874,0.7451698867421719,3.2,0.19816138917262513,0.5822267620020429
48201453201,0.2947845804988662,0.3837736856151588,2.59,0.2084967320261438,0.9738562091503268
48201331900,0.16155905980362986,0.28784581908610507,2.38,0.09297374024130589,0.49893541518807666
48201330600,0.18256855064353666,0.34050730207532665,2.93,0.05293393516618793,0.3311448502256873
48201453403,0.5569524767412622,0.3559822747415066,2.72,0.08761122518822724,0.728952772073922
48201453501,0.44571136827773994,0.372265413126017,2.86,0.09303458353628836,0.4968339016074038
48201452802,0.4605618155848278,0.43494614464010944,3.59,0.099601593625498,0.6414342629482072
48201231100,0.3652760065585717,0.6525072523829258,3.88,0.20270270270270271,0.37339971550497864
48201452801,0.55920931091816,0.331399845320959,2.94,0.08,0.41315068493150686
48201453603,0.4095791001451379,0.26630103595368676,2.94,0.18384879725085912,0.697594501718213
48201533100,0.0702535983550377,0.2658817440807349,3.71,0.12531752751905165,0.47883149872988995
48201432402,0.6868243243243243,0.648816029143898,2.04,0.10973084886128365,0.9972394755003451
48201453405,0.5435531496062992,0.13773431132844335,2.67,0.030283080974325215,0.7518104015799868
48201332800,0.47515257192676547,0.7237621416725895,3.28,0.0930576070901034,0.7171344165435746
48201531900,0.16710097719869707,0.29632286995515694,2.94,0.16122747199220652,0.4339990258158792
48201533701,0.40569541890218735,0.7785919082510354,3.62,0.053784860557768925,0.6767928286852589
48201211900,0.21807228915662652,0.841478855406432,2.61,0.07658505963590709,0.26616446955430006
48201212400,0.3448275862068966,0.7043906131718395,3.22,0.09417040358744394,0.3968609865470852
48201340900,0.21120689655172414,0.19561324977618622,2.01,0.03560573165436387,0.8410768562744246
48201313802,0.20797931289250093,0.2505818463925524,2.55,0.07525870178739416,0.5371589840075258
48201314003,0.6009669021941242,0.04264647269828617,1.86,0.1128808864265928,0.9937673130193906
48201432901,0.6214750542299349,0.8224113475177305,3.08,0.1366303436714166,0.7979882648784576
48201532600,0.30792156862745096,0.46795188663700776,2.93,0.02849264705882353,0.3556985294117647
48201314005,0.3307204180664427,0.06709385601206182,1.37,0.21324717285945072,0.8228325255788906
48201212500,0.1550925925925926,0.3855932203389831,2.37,0.14883401920438957,0.3004115226337449
48201432301,0.5931623931623932,0.48002367564368154,1.94,0.13440265486725664,0.9551991150442478
48201433201,0.44687898089171973,0.3574385868065139,2.39,0.06269020085209982,0.5556908094948265
48201232701,0.37622652088589853,0.6530493988121107,2.97,0.07905803195962995,0.69932716568545
48201453002,0.6304218657159834,0.5232959447799828,3.71,0.08743570903747244,0.25936811168258633
48201432501,0.4176191803735712,0.32397803538743136,2.28,0.031130876747141042,0.5972045743329097
48201421104,0.6419447878038731,0.9226314570303451,2.99,0.21010474430067777,1.0
48201433100,0.6236722306525038,0.7798886341303636,3.0,0.2718181818181818,0.9018181818181819
48201522301,0.40503489531405784,0.5168281489036206,2.42,0.2527950310559006,0.6434782608695652
48201332300,0.24982817869415808,0.41651769753307116,2.95,0.12563323201621074,0.3110435663627153
48201331603,0.12003530450132392,0.24909573185435255,3.05,0.028936742934051143,0.297442799461642
48201321301,0.39241527703066165,0.6979197187225314,2.74,0.15055350553505534,0.9638376383763838
48201421302,0.5397676496872207,0.23439821693907875,3.06,0.19117647058823528,0.707579185520362
48201231000,0.1373671300081766,0.3651369490295665,3.73,0.0397796817625459,0.2766217870257038
48201432303,0.4359251259899208,0.29034841810172207,2.09,0.0518018018018018,0.9834834834834835
48201211700,0.12193850964043773,0.3999407933688573,2.75,0.042263610315186245,0.3531518624641834
48201433004,0.6977834612105712,0.8558472553699285,2.9,0.37926509186351703,1.0
48201450302,0.47900599828620394,0.1687196715192236,2.43,0.0,0.7262895174708819
48201533402,0.2552067143301212,0.6148943307614895,3.13,0.13307240704500978,0.29403131115459885
48201241501,0.18626309662398138,0.35854116385089835,2.43,0.14403778040141677,0.7532467532467533
48201330400,0.21636615811373092,0.5374917053749171,3.21,0.12515883100381195,0.4663278271918678
48201451003,0.16662313920083574,0.1297926725362113,2.29,0.09406830437387657,0.8412222887956861
48201333801,0.4843290891283056,0.8973799126637555,3.2,0.0,0.6455399061032864
48201211502,0.3048128342245989,0.6520400307929176,3.27,0.08381839348079162,0.3213038416763679
48201432806,0.5704963877883943,0.7466565733030532,2.31,0.3583098591549296,0.9571830985915493
48201332900,0.46235167206040995,0.7090702947845805,2.98,0.07365627073656271,0.5467816854678168
48201420500,0.47405727246952084,0.7598544572468162,2.57,0.09900990099009901,0.9390708301599391
48201314004,0.5730645900137425,0.10352725606962895,1.82,0.32945091514143093,1.0
48201433005,0.7365900383141762,0.5824059353471118,2.58,0.30778739184178,1.0
48201333700,0.24818753020782988,0.6685288640595903,3.39,0.010655737704918032,0.2081967213114754
48201452900,0.5029294586360441,0.7040423484119346,3.26,0.03680981595092025,0.4815950920245399
48201453502,0.49004424778761063,0.39136608917921045,3.42,0.016144349477682812,0.42450142450142453
48201330902,0.3268758526603001,0.7385892116182573,3.45,0.021636876763875823,0.4374412041392286
48201521701,0.4954663212435233,0.6219364231982528,2.57,0.04719600222098834,0.9789006107717935
48201432904,0.6614866614866615,0.6507890961262554,2.46,0.0748081841432225,0.7289002557544757
48201311800,0.3625891387822271,0.764342453662842,2.74,0.14049586776859505,0.5740045078888054
48201311002,0.34101251422070533,0.8198908429351122,3.18,0.1654611211573237,0.445750452079566
48201313700,0.009454232917920068,0.04046242774566474,2.46,0.21208907741251326,0.3860021208907741
48201312800,0.07755863539445629,0.09206174200661521,1.81,0.37176470588235294,0.9141176470588235
48201334102,0.22263423316523287,0.38235294117647056,2.76,0.043153526970954356,0.3775933609958506
48201320201,0.2279584311096212,0.37588388537402306,3.85,0.14838709677419354,0.6490322580645161
48201314001,0.35878826128116126,0.11121825779492124,1.73,0.14528301886792452,0.6069182389937107
48201433507,0.3861216076949502,0.4933920704845815,2.45,0.3400673400673401,0.9739057239057239
48201250602,0.16681053085886924,0.427367941712204,2.89,0.07423580786026202,0.6568933250155957
48201331604,0.012639405204460967,0.05476190476190476,2.96,0.2923076923076923,0.4956043956043956
48201433602,0.3799654576856649,0.43271053344164634,2.43,0.09386281588447654,0.9939831528279182
48201452203,0.30660592255125285,0.4675,1.95,0.22549019607843138,0.838680926916221
48201432302,0.5519848771266541,0.15407407407407409,2.23,0.09483667017913593,1.0
48201311100,0.31506580239638576,0.8342088674091196,2.81,0.11602209944751381,0.5756906077348066
48201532004,0.3298053298053298,0.5095777951524628,2.42,0.2534246575342466,0.8671232876712329
48201230200,0.1330423230214462,0.34643143544506816,2.71,0.1288117770767613,0.5636172450052577
48201433006,0.7284502009825815,0.8799240626483151,2.42,0.32181425485961124,1.0
48201313500,0.06681639528354857,0.07023603914795624,1.84,0.1537645811240721,0.5355249204665959
48201453800,0.42999446596568897,0.38199653779572995,3.26,0.19051959890610756,0.325432999088423
48201332700,0.37084950409659334,0.7983798379837984,2.73,0.17785630153121318,0.41460541813898705
48201313300,0.06550703182827536,0.1690031152647975,2.19,0.3645240032546786,0.4524003254678601
48201540200,0.39457459926017263,0.645575032064985,2.72,0.041294642857142856,0.4497767857142857
48201533200,0.30450108459869846,0.43769968051118213,2.48,0.23905723905723905,0.5804713804713805
48201313801,0.030342156229825695,0.0693293142426526,2.15,0.35,0.6777777777777778
48201311600,0.4734366353071389,0.779510022271715,2.44,0.12774725274725274,0.9972527472527473
48201432200,0.24605433376455368,0.20123664980326025,2.09,0.08923742563547864,0.5878853434288804
48201314301,0.09568733153638814,0.13345953620444864,1.58,0.38537970191625265,0.9496096522356281
48201454305,0.5217146080090242,0.12841043890865955,2.35,0.011928429423459244,0.7581179589131876
48201233600,0.19243498817966903,0.3635443037974683,2.92,0.18758620689655173,0.33379310344827584
48201432705,0.628195345288058,0.8911895203887598,3.17,0.31820931639443434,0.9685420447670902
48201433202,0.5177304964539007,0.5985775248933144,2.88,0.05779889152810768,0.5281076801266825
48201522202,0.3906555772994129,0.5777836973894512,3.29,0.07315112540192927,0.6141479099678456
48201522302,0.462104940165695,0.4973789700894234,2.18,0.017496635262449527,0.8506056527590848
48201221000,0.3936716077537058,0.6365883807169345,3.43,0.099609375,0.61328125
48201452401,0.4706620646375902,0.35241855873642647,2.48,0.0,0.45482866043613707
48201433601,0.4419735927727589,0.7905579399141631,2.72,0.15137180700094607,0.8751182592242195
48201431901,0.38001605136436595,0.1954525579361609,1.62,0.04429967426710098,0.7407166123778501
48201433400,0.534996534996535,0.7146772987789684,2.51,0.24131944444444445,0.7106481481481481
48201230700,0.3139872315728381,0.4298469387755102,3.07,0.13494191242180517,0.6648793565683646
48201452204,0.37738193869096937,0.29730941704035874,1.83,0.13040181956027294,0.9211523881728583
48201521401,0.5897513644633111,0.9358490566037736,3.54,0.061224489795918366,1.0
48201532502,0.45375972342264476,0.8097890966971747,3.25,0.01854974704890388,0.25744800449690836
48201450301,0.3319702602230483,0.3582757218381456,2.52,0.03377110694183865,0.6425891181988743
48201432903,0.5283468318246785,0.6674033149171271,2.87,0.19808743169398907,0.8237704918032787
48201211600,0.2494646680942184,0.7086438152011922,2.63,0.2073170731707317,0.42401500938086306
48201314401,0.4609271523178808,0.050203527815468114,1.58,0.151673640167364,0.8880753138075314
48201451502,0.18165271204950856,0.10696421700654098,1.82,0.10225763612217796,0.7397078353253652
48201310900,0.3310012062726176,0.6871165644171779,2.24,0.12255965292841649,0.5976138828633406
48201451005,0.28164717844433146,0.19129438717067582,1.83,0.3196644920782852,1.0
48201521402,0.5737609329446064,0.7744510978043913,3.45,0.06237424547283702,0.6126760563380281
48201432803,0.4943733022894839,0.7077922077922078,2.24,0.10008703220191471,0.8337684943429069
48201520502,0.4392764857881137,0.7200749590067932,2.83,0.049939098660170524,0.8081607795371498
48201452502,0.5889284126278346,0.4499437570303712,2.86,0.11118170266836086,0.49555273189326554
48201421101,0.4300801165331391,0.4693200663349917,1.81,0.14342105263157895,0.8967105263157895
48201331602,0.16062331435421037,0.2759433962264151,2.73,0.028618152085036794,0.5502861815208504
48201433007,0.7034883720930233,0.8761965539246969,3.22,0.21468926553672316,0.9736346516007532
48201433503,0.46114864864864863,0.7142857142857143,3.41,0.08633093525179857,1.0
48201423402,0.444420274091799,0.17560860316709997,3.2,0.00837404047452896,0.2903000697836706
48201421402,0.5796230538104343,0.8948863636363636,2.9,0.14580031695721077,0.9786053882725833
48201433504,0.5044669446098868,0.8722184760620364,3.0,0.24283154121863798,0.9363799283154122
48201454600,0.3027910392948953,0.16232387569967188,2.42,0.041837198726693954,0.758981355161437
48201333302,0.3530583214793741,0.6597472924187726,3.44,0.0967741935483871,0.46725317693059626
48201222702,0.08732131758856433,0.12426995457495132,2.18,0.07859078590785908,0.9214092140921409
48201450804,0.27316017316017316,0.3246235606731621,2.06,0.010676156583629894,0.9857651245551602
48201421204,0.6414172266340867,0.7333555259653795,2.47,0.19259818731117825,1.0
48201421401,0.6668658500149387,0.6225589225589225,2.52,0.2812971342383107,1.0
48201453601,0.487468671679198,0.4570469798657718,3.36,0.061052631578947365,0.4694736842105263
48201310500,0.3197418597829275,0.7158850226928896,2.23,0.11748633879781421,0.4262295081967213
48201421501,0.5452267602104736,0.7202014549524343,2.78,0.21494661921708186,0.8918149466192171
48201222000,0.391025641025641,0.7623080995235575,3.26,0.01675977653631285,0.3649906890130354
48201313902,0.15521064301552107,0.0918284789644013,1.72,0.024793388429752067,0.8016528925619835
48201321800,0.43355279200195074,0.7668901495616297,3.57,0.034812880765883375,0.26370757180156656
48201422406,0.33550961189698947,0.2979142070051161,2.5,0.14168937329700274,0.695731153496821
48201450803,0.2682459918640823,0.3843398157625384,2.59,0.11028500619578686,0.5297397769516728
48201231300,0.17164179104477612,0.32166566083283044,2.95,0.1435670900055218,0.4732192159028161
48201211301,0.12556053811659193,0.18818737270875763,2.88,0.28125,0.5883620689655172
48201440101,0.6666666666666666,0.6431746031746032,2.2,0.22860635696821516,0.9718826405867971
48201450401,0.3564356435643564,0.07292707292707293,1.88,0.04007455731593663,0.8508853681267474
48201521300,0.456145251396648,0.657835315369562,2.86,0.10071942446043165,0.3281374900079936
48201230800,0.18119948957890258,0.36592051164915484,2.78,0.07151370679380215,0.3218116805721097
48201521100,0.6194867682437851,0.692048801009676,3.37,0.048582995951417005,0.8016194331983806
48201452202,0.48767211015049633,0.1858376511226252,1.83,0.1444509688784498,0.9412800939518496
48201431102,0.18071393158155677,0.10848577235772358,1.89,0.25922421948912017,0.8349101229895932
48201330301,0.4139323573952549,0.7134154416633558,3.6,0.03728967712596635,0.1250568440200091
48201330302,0.29002139661544446,0.4839901477832512,3.25,0.10025380710659898,0.15291878172588833
48201421301,0.6796720384506644,0.8565495207667732,3.05,0.33275862068965517,0.9793103448275862
48201422501,0.46786288162828066,0.38222967309304273,2.61,0.08665269042627533,0.8155136268343816
48201331502,0.13179303612105434,0.310578426263679,2.4,0.12731572723689397,0.35672053606621995
48201311001,0.33685360524399127,0.6883116883116883,2.69,0.14005876591576885,0.4005876591576885
48201421403,0.5618476571174772,0.787931462627266,3.05,0.2334235453315291,0.8281461434370772
48201521000,0.37256719184430026,0.5380088278567925,2.7,0.18045112781954886,0.6754385964912281
48201313201,0.06862745098039216,0.0711436170212766,1.99,0.4002433090024331,0.5924574209245742
48201413301,0.32034715525554486,0.1290646326776395,1.74,0.23857868020304568,0.8189509306260575
48201314302,0.12545454545454546,0.03229813664596273,1.33,0.3614457831325301,0.9253012048192771
48201520400,0.5673703414125619,0.7323741007194244,2.69,0.192831541218638,0.8136200716845878
48201432805,0.6663970885564092,0.8129904097646034,3.15,0.3010204081632653,0.9783163265306123
48201321002,0.4288461538461538,0.8364334816012939,2.9,0.13489409141583056,0.3171683389074693
48201422502,0.19224449556358855,0.24031007751937986,2.11,0.025052192066805846,0.7139874739039666
48201452402,0.671983534859789,0.5238224884290771,3.14,0.07828894269572235,0.43341404358353514
48201230500,0.2574312955692653,0.5571966406023747,2.76,0.05352986811481769,0.27773467804499613
48201241503,0.35325264750378216,0.5424757281553398,3.56,0.1358695652173913,0.5421195652173914
48201231400,0.21951878886185455,0.39304347826086955,2.77,0.08214016578749057,0.1733232856066315
48201433505,0.6018390804597701,0.8132530120481928,2.9,0.18242343541944075,0.9374167776298269
48201451100,0.2581453634085213,0.1930078012135221,2.15,0.15708812260536398,0.4367816091954023
48201421205,0.5161968868321414,0.8588588588588588,2.79,0.34624413145539906,1.0
48201341303,0.22649863760217984,0.2787060078208318,1.6,0.04087193460490463,0.47520435967302455
48201320901,0.42826704545454547,0.6775009028530156,2.51,0.10762331838565023,0.5192825112107623
48201422304,0.28525787311729806,0.5649149922720247,4.2,0.12692307692307692,0.635576923076923
48201340101,0.21490683229813665,0.19302775984506132,2.01,0.05125,0.93875
48201330200,0.23752039151712886,0.5166083916083916,3.87,0.04801536491677337,0.46286811779769527
48201421502,0.5199234937838699,0.4948494453248811,2.9,0.21636876763875823,0.9209783631232361
48201350803,0.06766917293233082,0.22873602168756355,2.15,0.04574243490499648,0.5791695988740324
48201311701,0.40574001125492404,0.8529411764705882,3.0,0.08432708688245315,0.5996592844974447
48201421203,0.4796437659033079,0.6858475894245724,2.42,0.1671794871794872,1.0
48201311502,0.32413793103448274,0.8053639846743295,2.51,0.09248554913294797,0.5048169556840078
48201313000,0.07205331112036652,0.09037900874635568,1.73,0.1199411331861663,0.6467991169977925
48201310800,0.3524327784891165,0.7453798767967146,2.51,0.17552334943639292,0.6690821256038647
48201230600,0.14369310793237972,0.41424713031735316,3.23,0.06,0.33263157894736844
48201420100,0.346334416756952,0.37523665278303675,1.69,0.18081857055589493,0.7721441661576054
48201221200,0.3016460144257444,0.7450523864959255,3.58,0.017207147584381206,0.26538716082064856
48201422701,0.54,0.7626296051180234,2.84,0.02749551703526599,0.4997011356843993
48201320700,0.3494259640859582,0.5690859398724567,2.29,0.16835699797160245,0.7281947261663286
48201423304,0.3021834061135371,0.10771152044957852,2.5,0.14650145772594753,0.46574344023323616
48201211302,0.19325301204819278,0.3659033078880407,1.78,0.26437768240343346,0.7030042918454935
48201431205,0.3998292544109277,0.3054491899852725,1.87,0.1660457690260777,1.0
48201432502,0.48417228853139593,0.38998211091234347,2.4,0.16084788029925187,0.6708229426433915
48201413203,0.3607257203842049,0.13550135501355012,1.44,0.23607647547797173,0.9875311720698254
48201423301,0.16166380789022297,0.15159633846840811,2.22,0.13842482100238662,0.6009546539379474
48201221501,0.39855521155830753,0.6971061093247588,3.21,0.11548913043478261,0.4633152173913043
48201422404,0.37929745889387145,0.7005553182400683,2.96,0.2143646408839779,0.8176795580110497
48201312901,0.06688068485821295,0.07426597582037997,1.78,0.49531459170013387,0.7991967871485943
48201220800,0.24904507257448433,0.5096645821489483,3.26,0.17922948073701842,0.7864321608040201
48201541702,0.21482602118003025,0.183115823817292,2.22,0.10477787091366303,0.9136630343671417
48201421206,0.6994535519125683,0.9273964832671583,2.62,0.2894393741851369,1.0
48201320100,0.45849977807367953,0.6266794625719769,2.2,0.12,0.7170731707317073
48201452102,0.5181518151815182,0.14675174013921113,1.99,0.045951859956236324,1.0
48201421801,0.16847590099869736,0.19884598313359964,2.19,0.10731244064577398,1.0
48201220702,0.5053876478318002,0.7426251691474967,3.17,0.06073211314475874,0.4509151414309484
48201451404,0.35190776832281084,0.28342891638997886,1.77,0.1189663578742077,0.946855192588981
48201422900,0.520935960591133,0.7318450779989242,2.88,0.24190064794816415,0.6990640748740101
48201321101,0.37808008213552363,0.5086562242374278,2.44,0.09968652037617555,0.618808777429467
48201423100,0.5287356321839081,0.7546938775510204,3.03,0.16156282998944033,1.0
48201422800,0.557467460842709,0.6339898207568047,2.57,0.16893203883495145,0.7644012944983819
48201533301,0.06499682942295498,0.11291897168890336,2.79,0.18165627782724844,0.5369545859305432
48201210500,0.2445982798405706,0.589543682641596,2.44,0.15010351966873706,0.4979296066252588
48201422200,0.26300630063006303,0.2649854510184287,2.12,0.3214967544864452,0.9599083619702177
48201532200,0.528603477285474,0.6320819112627987,2.69,0.12198795180722892,0.7582831325301205
48201531800,0.14549180327868852,0.2704424778761062,2.5,0.11683848797250859,0.3582474226804124
48201320202,0.4427959116386416,0.391591382904795,2.24,0.044543429844097995,0.6191536748329621
48201451004,0.35411764705882354,0.15153452685421995,1.98,0.030338389731621937,0.8938156359393232
48201530702,0.2728535061328396,0.4957109435924097,3.03,0.1134453781512605,0.4362745098039216
48201534002,0.42983128834355827,0.6858101440694692,3.52,0.0054017555705604325,0.35178933153274816
48201452501,0.4512,0.5218120805369127,3.01,0.07926829268292683,0.9634146341463414
48201211200,0.054935622317596564,0.3074141048824593,2.22,0.25621414913957935,0.6319311663479924
48201533000,0.11722772277227722,0.27159432746024925,2.48,0.1931372549019608,0.7480392156862745
48201522101,0.2663346029885731,0.4554086130891828,2.26,0.05632869449966865,0.6785950960901259
48201251000,0.13343108504398826,0.12901234567901235,2.19,0.017341040462427744,0.5953757225433526
48201413205,0.3166999334664005,0.20855978260869565,1.7,0.07918552036199095,0.6923076923076923
48201333501,0.347327091513138,0.5688105117565698,2.79,0.13659359190556492,0.730185497470489
48201543202,0.2612035851472471,0.24223776223776225,2.21,0.0672316384180791,0.5853107344632769
48201311702,0.2310902451747522,0.8993816750983699,2.81,0.11600587371512482,0.9618208516886931
48201433506,0.5787451984635084,0.6828329484218629,2.29,0.19208211143695014,1.0
48201233200,0.33476326660311406,0.7620946766082886,3.42,0.03427638737758433,0.1822633297062024
48201330303,0.2579214195183777,0.39069979484841577,2.25,0.006657156443176415,0.6238706609605326
48201520601,0.5304740406320542,0.6616571892770106,2.84,0.18609625668449198,0.7572192513368984
48201321302,0.4909279419388284,0.6519634211941904,3.57,0.024208566108007448,0.3202979515828678
48201451406,0.21112929623567922,0.2512690355329949,1.54,0.06998738965952081,0.8253467843631778
48201232703,0.5633122911251393,0.7856272838002436,3.17,0.08470588235294117,0.9564705882352941
48201522402,0.3208182288969446,0.5536062378167641,3.27,0.07288135593220339,0.48559322033898306
48201320500,0.42933854039541125,0.7376575630252101,3.22,0.0,0.14488188976377953
48201222300,0.36783068783068784,0.7915360501567398,3.36,0.04344729344729345,0.25
48201451401,0.19147109330280482,0.21613204609156025,1.97,0.07705779334500876,0.5878575598365441
48201310400,0.32173624917163685,0.6673407482305359,2.07,0.09334248455730954,0.5888812628689087
48201212300,0.2570281124497992,0.5925192519251925,2.41,0.19583333333333333,0.584375
48201211102,0.19575177009579342,0.582483781278962,3.28,0.1121751025991792,0.5253077975376197
48201551502,0.27904142973192525,0.09537834164023562,3.55,0.058399423215573176,0.31074260994953135
48201423001,0.674143679903001,0.4299709724238026,3.07,0.1875,0.9468283582089553
48201221400,0.38933992234380516,0.7732404968009032,3.08,0.21998913633894623,0.6072786529060293
48201422405,0.5382803297997645,0.3616751269035533,1.78,0.3274058577405858,1.0
48201220400,0.39295977011494254,0.7482103184398914,2.69,0.15077319587628865,0.41559278350515466
48201231500,0.10930159724397119,0.2208887447291599,3.44,0.09081081081081081,0.4097297297297297
48201452002,0.15975844084545704,0.1528962069979418,1.86,0.1597911227154047,1.0
48201333204,0.3558597091531223,0.5037393162393162,2.77,0.1376037959667853,1.0
48201533302,0.2148298628745556,0.39146013735443413,3.38,0.12076455256298871,0.3735881841876629
48201450600,0.1704825642831983,0.11955420466058764,2.18,0.07612456747404844,0.6013071895424836
48201423002,0.5071428571428571,0.7748599439775911,2.54,0.24112303881090008,0.8711808422791082
48201230100,0.12226584408300617,0.3204057279236277,2.56,0.14985590778097982,0.6974063400576369
48201320602,0.4258877434135166,0.7919413919413919,2.92,0.13127930341594105,0.580040187541862
48201310700,0.22950329144225015,0.542576764798987,2.09,0.042976266837716486,0.31237973059653623
48201432101,0.5781396805512058,0.4,2.2,0.17962835512732278,0.856159669649002
48201333203,0.2542607093505297,0.6301044634377968,2.28,0.2765509989484753,0.6351209253417456
48201340502,0.2003610108303249,0.13436442725954567,2.16,0.03609756097560975,0.8146341463414634
48201231600,0.12793639320563788,0.3415589502546024,2.51,0.07552320291173795,0.2684258416742493
48201451903,0.297191887675507,0.1606714628297362,2.2,0.2633085289066972,0.9811104751001717
48201542500,0.2579150579150579,0.2773384237796564,2.13,0.03512623490669594,0.5801317233809001
48201324200,0.510989010989011,0.8051209103840683,2.48,0.07167235494880546,0.23890784982935154
48201454400,0.2458045409674235,0.22741116751269036,1.55,0.0,1.0
48201311400,0.30755395683453235,0.7869623655913979,3.55,0.1127659574468085,0.5957446808510638
48201432704,0.36969001148105624,0.3367970660146699,2.98,0.24486301369863014,0.9623287671232876
48201452101,0.3375307966055297,0.14429715548191108,1.94,0.06412005457025921,0.7268758526603001
48201432005,0.5492383025027203,0.604524886877828,2.38,0.11262135922330097,0.8970873786407767
48201210700,0.223731884057971,0.6290027447392498,2.26,0.03597122302158273,0.40184994861253853
48201423203,0.5372807017543859,0.5759815242494226,2.71,0.08383233532934131,0.6754491017964072
48201521202,0.3691467968974433,0.47946045370938073,2.09,0.060836501901140684,0.5240811153358682
48201421103,0.5649054142204827,0.6989329268292683,2.54,0.16417910447761194,0.9867330016583747
48201334003,0.19566322209046247,0.295839469808542,2.67,0.08231569425599276,0.5205789235639982
48201221701,0.425531914893617,0.8905886909372579,3.9,0.09919177075679647,0.429096252755327
48201452300,0.5613718411552346,0.4197761194029851,2.65,0.057623049219687875,0.24969987995198079
48201520501,0.40808181591419307,0.7069693769799367,3.13,0.10711493354182955,0.40578577013291633
48201432706,0.5082478823004905,0.8172740888666999,3.07,0.30547945205479454,0.7726027397260274
48201333201,0.45461450816559057,0.6612835570469798,2.93,0.0678154530294608,0.5886603668704836
48201452701,0.5487319741422177,0.43337579617834393,3.19,0.0277337559429477,0.08399366085578447
48201413204,0.3166823751178134,0.07065750736015702,1.49,0.27349228611500703,0.9453015427769986
48201432102,0.5062214848610535,0.2203850509626274,2.4,0.14947156517362858,0.8062405636638148
48201422601,0.38202933985330073,0.630546955624355,2.4,0.33102386451116245,0.565050038491147
48201552603,0.251295799821269,0.364615703335405,3.23,0.08657757117954677,0.9447995351539803
48201321001,0.4577540106951872,0.786204268292683,2.66,0.10426540284360189,0.6037914691943128
48201220100,0.2211286089238845,0.5626684636118598,2.68,0.0,0.34330985915492956
48201311501,0.3246753246753247,0.6540610227761066,2.52,0.09938524590163934,0.36885245901639346
48201422303,0.070477427736278,0.13055028462998103,2.21,0.21408045977011494,0.9504310344827587
48201413206,0.3837165473049378,0.17300760913095714,1.86,0.04825174825174825,0.7377622377622378
48201423303,0.11927272727272727,0.07584683357879234,1.76,0.384418901660281,0.9310344827586207
48201333905,0.33178654292343385,0.3409758965314521,3.26,0.014164305949008499,0.0906515580736544
48201533500,0.3872189349112426,0.6155778894472361,3.41,0.02903225806451613,0.15161290322580645
48201432804,0.6190949776230731,0.6519580805295091,2.43,0.12077294685990338,0.8007246376811594
48201532102,0.3473397823458283,0.6688445667125172,2.66,0.058634538152610445,0.7807228915662651
48201333600,0.19384902143522834,0.5555941626129256,3.2,0.022885572139303482,0.1771144278606965
48201420200,0.36265060240963853,0.38352027610008627,2.39,0.17341040462427745,0.605009633911368
48201522201,0.41087962962962965,0.6607224508459076,3.98,0.05641421947449768,0.4806800618238022
48201532302,0.347757136384232,0.3637709772951629,3.13,0.019148936170212766,0.6652482269503546
48201531500,0.19666540356195528,0.4127557160048135,2.18,0.02066115702479339,0.3421487603305785
48201211101,0.2789438050101557,0.601727115716753,3.13,0.2390139335476956,0.5980707395498392
48201432003,0.4515031196823596,0.30565371024734983,1.65,0.23921200750469043,1.0
48201521201,0.4146815751093826,0.604221635883905,2.81,0.04155124653739612,0.6149584487534626
48201330500,0.17581412367361873,0.4619370267038661,3.09,0.042348955392433656,0.26990400903444384
48201451405,0.6228226093138998,0.19400222139948167,2.11,0.21771771771771772,0.8025525525525525
48201231800,0.2811442633035989,0.6216125794580127,3.57,0.0033112582781456954,0.36423841059602646
48201210900,0.12693156732891833,0.19084821428571427,2.68,0.20059435364041606,0.6151560178306092
48201222504,0.545808383233533,0.8426738690074275,3.55,0.0574468085106383,0.9957446808510638
48201333904,0.22788844621513943,0.4844511052828775,2.98,0.026128266033254157,0.5078384798099762
48201220701,0.2504288164665523,0.57069948964275,3.54,0.16481294236602628,0.673407482305359
48201240101,0.6553722692822114,0.9426542872747132,3.12,0.16944444444444445,1.0
48201240102,0.3481349911190053,0.5146699266503667,2.18,0.3087855297157623,0.8449612403100775
48201320601,0.4695817490494297,0.7536534446764092,2.8,0.118508655126498,0.5725699067909454
48201550102,0.1411764705882353,0.301065308012969,2.19,0.121414913957935,1.0
48201521702,0.30959164292497626,0.5699860724233984,2.23,0.1530324400564175,0.9421720733427362
48201251200,0.11070287539936102,0.14672008012018026,2.62,0.07692307692307693,0.2938963210702341
48201333301,0.11671438009249065,0.25212027756360833,3.64,0.23255813953488372,0.8837209302325582
48201553300,0.08120531154239019,0.13511390416339356,1.93,0.10226104830421377,1.0
48201311900,0.24186617556783302,0.5831168831168831,2.83,0.13111888111888112,0.4772727272727273
48201532101,0.22931126534970636,0.3402625820568928,2.28,0.15609756097560976,0.525609756097561
48201451700,0.3215434083601286,0.19295558958652373,2.6,0.06589958158995816,0.5543933054393305
48201423401,0.236836584854206,0.24103267077907242,2.69,0.1305587229190422,0.5376282782212086
48201310300,0.1830951207491375,0.4718757953677781,1.88,0.30009496676163344,0.5679012345679012
48201230400,0.31156848828956707,0.5444277108433735,3.25,0.0711523588553751,0.5529775715390565
48201453001,0.5211090107120353,0.35077129443326627,3.56,0.02249718785151856,0.32395950506186727
48201541802,0.45,0.3602547770700637,2.14,0.06780538302277432,0.8747412008281573
48201520301,0.37494883340155544,0.5460497599301615,2.47,0.07568113017154389,0.6831483350151363
48201423204,0.5398034398034398,0.7466379774072082,2.43,0.2814549791293977,0.979129397734049
48201452001,0.14379905808477236,0.07569913211186113,3.06,0.06204906204906205,0.7152477152477152
48201220900,0.1418994413407821,0.6245593419506463,2.66,0.19047619047619047,0.5773809523809523
48201410102,0.16557128412537916,0.16371681415929204,1.54,0.1990686845168801,0.8913465269693442
48201421601,0.5441988950276243,0.7610714285714286,3.31,0.29196337741607326,0.9776195320447609
48201530800,0.1635621331972442,0.31140939597315437,2.07,0.045112781954887216,0.40010741138560685
48201530101,0.3237257281553398,0.5663492063492064,2.11,0.13581037796284434,0.6623959000640615
48201333903,0.3478494623655914,0.6312236286919831,2.87,0.07632999228989977,0.5150346954510409
48201451501,0.2540214477211796,0.36814712005551703,1.59,0.03139968068121341,0.9920170303352848
48201220300,0.389345348529022,0.630308076602831,2.98,0.09234411996842937,0.4664561957379637
48201222601,0.5954164830321728,0.9157164105106594,3.67,0.3106796116504854,1.0
48201310600,0.16093953892996954,0.4403236682400539,2.09,0.18148820326678766,0.5281306715063521
48201451407,0.115406162464986,0.13823529411764707,1.84,0.14359504132231404,0.8822314049586777
48201532301,0.12402428447528187,0.3179499072356215,2.39,0.13367875647668392,0.933678756476684
48201333000,0.34552154195011336,0.7306996381182147,3.4,0.04431599229287091,0.37475915221579964
48201455300,0.5822417386126824,0.33820169712793735,2.5,0.09926539838010925,0.8749293652288567
48201221301,0.24827245804540968,0.741765149610259,3.62,0.03660714285714286,0.11517857142857142
48201451904,0.3657317411830047,0.2834556747600226,2.93,0.0,0.36341463414634145
48201330102,0.251730959446093,0.43478260869565216,2.84,0.10252808988764045,0.12640449438202248
48201331501,0.12942210503186113,0.28354430379746837,3.11,0.07934336525307797,0.19767441860465115
48201241502,0.06276150627615062,0.35725763256561327,2.9,0.09587378640776699,0.9223300970873787
48201333205,0.5036127167630058,0.6676970633693973,2.1,0.13484848484848486,0.9803030303030303
48201451605,0.47798938495160787,0.1613219895287958,2.13,0.0,0.9290540540540541
48201311300,0.2803398058252427,0.8124513618677043,3.34,0.0,0.2744939271255061
48201221302,0.4292725173210162,0.6884503396958913,3.84,0.0,0.39424141749723146
48201341001,0.1142713314875409,0.13775379079928038,1.74,0.15371102327624067,0.9446640316205533
48201540504,0.443075117370892,0.5267222737102255,2.84,0.06244796003330558,0.7560366361365529
48201541703,0.29851551956815114,0.2767241379310345,2.03,0.06648351648351648,0.8813186813186813
48201532003,0.4738675958188153,0.547648136835675,2.55,0.03236040609137056,0.9663705583756346
48201222602,0.3228448275862069,0.5515069725596041,2.2,0.3124406457739791,1.0
48201210800,0.28044444444444444,0.43912448700410395,2.31,0.16907216494845362,0.7041237113402062
48201334001,0.26631944444444444,0.3615733736762481,2.63,0.12179487179487179,0.75
48201431803,0.41812740487387773,0.2872531418312388,1.5,0.0932475884244373,0.9498392282958199
48201453401,0.3360813410277549,0.5257672264041691,3.63,0.02708124373119358,0.5015045135406219
48201550201,0.3329907502569373,0.5467625899280576,2.93,0.11295180722891567,1.0
48201341002,0.21645997745208567,0.24954682779456194,2.22,0.016906700062617408,0.43268628678772697
48201521800,0.40947992100065833,0.4265983515259523,2.64,0.013087447947650209,0.3503866745984533
48201221502,0.33592956315611244,0.6098986749805144,3.18,0.17419354838709677,0.8978494623655914
48201220200,0.17422037422037423,0.5421360973411447,3.23,0.08870967741935484,0.4731182795698925
48201421602,0.5648535564853556,0.6478129713423831,2.65,0.27767527675276754,0.7619926199261993
48201552002,0.23896809232858113,0.16545189504373178,2.01,0.02455661664392906,0.7175989085948158
48201230300,0.19953596287703015,0.4011599806669889,2.82,0.05423280423280423,0.46164021164021163
48201530501,0.21210268948655256,0.6143031784841075,2.16,0.10041265474552957,0.7166437414030261
48201530502,0.32517061421116017,0.4310415808974887,2.23,0.20197486535008977,0.526032315978456
48201530600,0.24158852730281302,0.4055984004570123,2.6,0.07715582450832073,0.5552193645990923
48201522401,0.3139631412917151,0.48271516024486855,2.46,0.09243353783231084,0.4732106339468303
48201340701,0.1748340990301174,0.12228036353621592,2.71,0.022790055248618785,0.2948895027624309
48201521501,0.570627409744129,0.7709267563527653,3.41,0.18181818181818182,0.6578947368421053
48201431404,0.28326810176125244,0.13368146214099216,1.45,0.0,0.48540925266903917
48201411700,0.17093287827076223,0.30438842203548083,1.56,0.06261101243339254,0.9702486678507993
48201232600,0.3637071651090343,0.7270588235294118,2.71,0.0,0.21119324181626187
48201240504,0.2918975069252078,0.3839907192575406,2.26,0.1731974921630094,0.8761755485893417
48201220500,0.24496937882764655,0.5634387983381272,2.15,0.32799487508007685,0.7335041639974376
48201431203,0.4366700715015322,0.19750283768444948,1.9,0.250968992248062,0.8517441860465116
48201431304,0.32755298651252407,0.4055727554179567,1.93,0.10959752321981424,0.908359133126935
48201222501,0.5253843922251233,0.9642485248177716,3.93,0.04789053591790194,0.7958950969213227
48201432703,0.28564453125,0.242728184553661,1.92,0.008458646616541353,0.6879699248120301
48201211400,0.2199953390817991,0.2577092511013216,2.43,0.18505942275042445,0.48047538200339557
48201221100,0.3758119393751933,0.8468321358589157,3.27,0.07995951417004049,0.37044534412955465
48201530400,0.15694561848408004,0.2211310531662716,3.36,0.037914691943127965,0.3004739336492891
48201211000,0.19474313022700118,0.36600496277915634,2.36,0.2704225352112676,0.5253521126760563
48201333100,0.5974208017942249,0.47047132311186823,2.44,0.21413427561837456,0.5222614840989399
48201511003,0.13605082053996823,0.1207977207977208,1.71,0.06419529837251356,0.596745027124774
48201432006,0.6311837455830389,0.7108317214700194,2.01,0.3167259786476868,0.9065836298932385
48201340501,0.12226957911561001,0.16759932848349188,2.11,0.060112359550561795,0.4606741573033708
48201312300,0.15550676911818515,0.14994363021420518,2.31,0.3728813559322034,0.5533898305084746
48201520603,0.30486008836524303,0.6082751209027405,2.73,0.2757697456492637,0.8380187416331994
48201334002,0.17892561983471075,0.18607764390896922,2.16,0.0,0.9035714285714286
48201531300,0.2595419847328244,0.3964110929853181,2.22,0.0841039189784236,0.7366798767062968
48201311200,0.21910236568649127,0.6939981096408318,2.73,0.16858006042296073,0.565558912386707
48201321700,0.22767020612117428,0.5670485175202157,3.12,0.021421616358325218,0.10223953261927946
48201530701,0.21674876847290642,0.4517345399698341,2.07,0.31390134529147984,0.8804185351270553
48201532800,0.2726879861711322,0.4055321143928739,3.7,0.04153354632587859,0.26677316293929715
48201422702,0.45544267053701015,0.6232137649460484,3.07,0.044064748201438846,0.2185251798561151
48201240503,0.31929696082021236,0.390795631825273,2.29,0.09121338912133892,1.0
48201550101,0.3691358024691358,0.5448598130841121,2.77,0.08255813953488372,0.8255813953488372
48201431206,0.3646437994722955,0.17833632555356074,1.74,0.19820717131474103,0.9661354581673307
48201240505,0.4601542416452442,0.5552325581395349,2.57,0.0429042904290429,1.0
48201431303,0.291640866873065,0.09788867562380038,1.55,0.09702209414024976,0.74447646493756
48201431801,0.2863387978142076,0.23730272596843616,1.73,0.06087777253421425,0.7479943369513922
48201422602,0.3785502331496397,0.44596988485385297,2.35,0.04679552390640895,0.3611393692777213
48201312603,0.35841346153846154,0.2059572301425662,1.77,0.09230114844746916,0.6333475116971502
48201410706,0.11607629427792915,0.13511972633979474,1.5,0.20526315789473684,0.893859649122807
48201334101,0.19627537141661436,0.1031274520793633,1.92,0.04681535061281897,0.8175607795860961
48201410704,0.052228078581696216,0.07121513944223108,1.37,0.2368766404199475,0.5479002624671916
48201341302,0.20190023752969122,0.11824324324324324,1.67,0.030753968253968252,0.8650793650793651
48201450801,0.22950089126559714,0.15753734721593482,2.2,0.04113614103819784,0.7904015670910872
48201430101,0.2757510729613734,0.2706821480406386,1.84,0.06917808219178082,0.3780821917808219
48201330101,0.23081317844220148,0.5188383045525903,3.15,0.015643802647412757,0.4019253910950662
48201530102,0.567485695052171,0.663287472845764,2.68,0.04151624548736462,0.8727436823104693
48201520302,0.42879197221150134,0.5638119227539883,2.49,0.04435483870967742,0.5675403225806451
48201210400,0.1631753031973539,0.5177910617705664,2.43,0.1688135593220339,0.5383050847457627
48201521502,0.2345636426353915,0.5027027027027027,2.89,0.008982035928143712,0.14271457085828343
48201222505,0.4261501210653753,0.8544482867022949,3.72,0.04509582863585118,0.133032694475761
48201431204,0.4134585289514867,0.17391304347826086,1.92,0.1232711966325917,0.6656644618159951
48201250901,0.1145807720678633,0.0662758093295947,2.24,0.041827187671986794,0.42817831590533845
48201420600,0.18999151823579305,0.16600265604249667,2.58,0.034972677595628415,0.23060109289617486
48201420700,0.12047353760445682,0.11314536799707067,2.92,0.04369918699186992,0.11280487804878049
48201450500,0.3103751465416178,0.14613450659962288,2.28,0.04472630173564753,0.35847797062750336
48201450100,0.19850586979722518,0.12409571508069003,2.65,0.002824858757062147,0.11440677966101695
48201450200,0.1926236378876781,0.092025664527956,2.72,0.015503875968992248,0.47058823529411764
48201340600,0.0341047503045067,0.06575576430401367,2.49,0.005060728744939271,0.05668016194331984
48201340800,0.2397851212762494,0.17647058823529413,3.03,0.0508641975308642,0.10962962962962963
48201433300,0.46068376068376066,0.3907942238267148,2.59,0.02834467120181406,0.336734693877551
48201520604,0.36060342326660866,0.7116393948749614,2.96,0.04463519313304721,0.4695278969957081
48201520200,0.18908748824082786,0.12607260726072608,2.39,0.046546546546546545,0.2424924924924925
48201520700,0.18290788013318535,0.22256241168158267,2.63,0.004705882352941176,0.1888235294117647
48201410401,0.27981533726596564,0.21895074946466808,1.84,0.03778932451582428,0.4156825696740671
48201410801,0.19594594594594594,0.08246225319396051,1.72,0.18363402061855671,0.6913659793814433
48201313901,0.1606962663975782,0.13919514884233739,1.89,0.0,0.9335580163697641
48201314402,0.3917525773195876,0.06660088801184016,1.61,0.07722616233254531,0.5902285263987391
48201412201,0.28185328185328185,0.1502542764678687,1.98,0.16337059329320722,0.6165090283748925
48201411902,0.22835633626097868,0.02729636048526863,1.72,0.10864197530864197,0.7308641975308642
48201431505,0.25675675675675674,0.134180790960452,1.64,0.15248618784530388,0.38453038674033146
48201511202,0.1564102564102564,0.12004912496162112,2.02,0.018380241240666284,0.1935669155657668
48201511501,0.17753526750066542,0.08159771754636234,1.89,0.0,0.608433734939759
48201554809,0.16814726623317153,0.1640906203684099,3.04,0.040412486064659976,0.33612040133779264
48201350104,0.1719441004776225,0.18360209830969496,2.94,0.028051948051948054,0.5397402597402597
48201411504,0.1438741101536156,0.23183391003460208,1.54,0.05150462962962963,0.7123842592592593
48201411506,0.1945472904745877,0.06203135650988412,1.55,0.0886339937434828,0.8409801876955162
48201411505,0.27914017559794124,0.14898989898989898,1.93,0.11901983663943991,0.7491248541423571
48201431902,0.41190765492102066,0.21134453781512605,1.54,0.10569620253164556,0.9158227848101266
48201531600,0.12891405729513658,0.1025925925925926,2.35,0.004694835680751174,0.09546165884194054
48201531700,0.13427919939194324,0.13398225021471513,2.82,0.0,0.14110871130309574
48201531200,0.2086293080768219,0.32832803927230725,2.37,0.05102675793403858,0.3341630367143746
48201510100,0.26421188630490955,0.20413699559172602,2.09,0.02636916835699797,0.4164976335361731
48201510400,0.17964693665628245,0.10702828813065034,2.15,0.05403899721448468,0.35097493036211697
48201510500,0.12713360800470866,0.14041324150188847,1.91,0.006051437216338881,0.5578668683812406
48201250701,0.16238831371436677,0.2526147588611273,3.13,0.021286031042128603,0.15964523281596452
48201251503,0.06432959884351283,0.028058361391694726,3.22,0.022144522144522144,0.2680652680652681
48201511001,0.10047314222098525,0.1927486829872947,2.06,0.045220377790498,0.4842587292501431
48201333502,0.3518370607028754,0.519222271321255,3.35,0.11764705882352941,0.6163101604278075
48201321102,0.21385119326158167,0.6967526265520535,3.58,0.035175879396984924,0.0812395309882747
48201540101,0.41388138244915373,0.22975962247456128,2.99,0.0,0.11617021276595745
48201522002,0.4189276485788114,0.6460517120894479,3.81,0.008610086100861008,0.5006150061500615
48201340301,0.26179045467382095,0.049007817197835236,2.64,0.0,0.02237136465324385
48201422000,0.08644142167617376,0.10198019801980197,2.47,0.007667031763417305,0.1949616648411829
48201312000,0.1026936026936027,0.12863496407800204,2.02,0.10548523206751055,0.34458509142053445
48201220600,0.2758838383838384,0.5843253968253969,3.42,0.17278617710583152,0.47300215982721383
48201451603,0.39981949458483756,0.11528742893240682,2.26,0.08013698630136987,0.5684931506849316
48201310200,0.14419915453264442,0.19167473378509198,1.6,0.1720510894064613,0.4297520661157025
48201431101,0.42606382978723406,0.4132336857455341,1.98,0.07318789584799437,0.7202674173117523
48201411302,0.24789371354504214,0.09753726506804926,1.38,0.0,0.8223713646532439
48201510803,0.20755467196819086,0.16789819376026272,1.57,0.0062266500622665,0.6475716064757161
48201530200,0.09648700673724735,0.2631151974040022,2.41,0.08328411104548139,0.38038984051978736
48201521900,0.360711376595167,0.3425191170105324,2.74,0.03668683812405446,0.3880484114977307
48201530300,0.2206435436690347,0.26096687555953446,2.46,0.040289256198347105,0.4194214876033058
48201980400,0.1516919486581097,0.13302217036172695,,,
48201980200,0.10333263466778453,0.27719555648710964,1.1,0.1793103448275862,0.8137931034482758
48201350601,0.1177841056173958,0.07659574468085106,2.36,0.047619047619047616,0.5616605616605617
48201431401,0.4104067423964822,0.31954740538431525,1.81,0.05843293492695883,0.6932270916334662
48201511301,0.11589338598223099,0.1540475670957888,1.99,0.12037765538945712,0.3772619984264359
48201340302,0.12019160981274496,0.06794345645234838,2.74,0.0,0.035387673956262425
48201451902,0.6103174603174604,0.07641741988496302,2.82,0.013437849944008958,0.032474804031354984
48201410402,0.30814717477003944,0.15195569401176878,2.17,0.05982905982905983,0.41737891737891736
48201431302,0.2620259019426457,0.19072681704260652,2.36,0.031642116748499725,0.4206219312602291
48201422302,0.09591642924976258,0.26288659793814434,2.13,0.06781376518218624,0.31781376518218624
48201410300,0.22271656634388903,0.09217952163396936,1.42,0.03251417769376182,0.7175803402646502
48201410900,0.23394109396914445,0.11896015823679006,1.7,0.0,0.6852380952380952
48201511600,0.30947012401352875,0.5114062951198383,2.13,0.03357314148681055,0.4250599520383693
48201520100,0.2886083382266588,0.2655456852791878,2.4,0.007047216349541931,0.44608879492600423
48201980000,0.45714285714285713,0.45714285714285713,1.59,0.0,0.7272727272727273
48201420300,0.15205992509363295,0.20471067170689153,2.48,0.005593536357986327,0.4487259167184587
48201413100,0.21906754333532577,0.04745762711864407,2.86,0.0,0.07844827586206897
48201430700,0.2926128948055338,0.1830714088778605,2.05,0.2540192926045016,0.6966773847802786
48201430800,0.22489217498459643,0.16103983794733287,2.47,0.022822365918600228,0.48345378470901484
48201430900,0.3538406188163339,0.07451701931922723,1.99,0.023322569070685324,0.2558306422676713
48201430200,0.22747047855811062,0.2392438070404172,2.13,0.035667107001321,0.7159841479524438
48201454502,0.39485559566787004,0.03889409559512652,3.03,0.00273224043715847,0.04781420765027322
48201511004,0.18186753528773072,0.1247750449910018,1.91,0.021739130434782608,0.55175983436853
48201511502,0.13822181484876261,0.11900532859680284,2.42,0.0,0.21793164669329781
48201422100,0.19564348521183053,0.35277088502894954,2.24,0.04970891177787729,0.13703537841468877
48201313202,0.14948649676683148,0.18040621266427717,2.24,0.1419642857142857,0.48392857142857143
48201313101,0.13072407045009785,0.1417451863990168,2.0,0.025505716798592787,0.8188214599824098
48201312601,0.20112893642305407,0.11250766400980994,1.71,0.05957230142566192,0.8335030549898167
48201251504,0.10691375623663578,0.08399152379117704,3.12,0.0044444444444444444,0.03888888888888889
48201421900,0.14822069866144302,0.06609808102345416,3.04,0.0,0.08919722497522299
48201410705,0.25556544968833483,0.16322869955156952,1.55,0.02756892230576441,0.5839598997493735
48201454504,0.36032931265556195,0.04058893752487067,2.16,0.02111801242236025,0.40993788819875776
48201451604,0.34035383319292334,0.10895741556534508,2.09,0.08333333333333333,0.20535714285714285
48201522102,0.3413503971756399,0.5613820142122029,3.55,0.0373015873015873,0.44761904761904764
48201522001,0.16448260280162674,0.14081733136386015,2.01,0.14505893019038985,0.37080689029918407
48201333906,0.40458683473389356,0.576036036036036,3.71,0.007792207792207792,0.03766233766233766
48201430102,0.2555666334330342,0.11348740945153502,2.13,0.01148600143575018,0.6424982053122756
48201510602,0.29464285714285715,0.15971447691278162,1.69,0.017837235228539576,0.4593088071348941
48201510801,0.19973486522315512,0.082312591866732,1.9,0.0,0.4800509337860781
48201510901,0.236979969183359,0.07310565635005337,2.4,0.0,0.1762749445676275
48201422403,0.3643137254901961,0.3734991423670669,2.59,0.03350253807106599,0.483248730964467
48201350300,0.13874841972187105,0.3244306078977552,3.21,0.007099391480730223,0.22464503042596348
48201350500,0.2375195562508889,0.35079656862745096,3.13,0.0,0.1798206278026906
48201411901,0.11272727272727273,0.055002370791844474,2.44,0.0,0.251959686450168
48201251505,0.04037509768168794,0.07309236947791165,2.59,0.008086253369272238,0.11859838274932614
48201330901,0.1534447772731665,0.06625891946992865,2.49,0.06536890170632059,0.2989665945686133
48201421802,0.15006252605252188,0.07086267605633803,2.53,0.1751054852320675,0.42616033755274263
48201423500,0.37710736468500444,0.32431192660550456,2.96,0.0,0.08136482939632546
48201530900,0.0828693790149893,0.18469656992084432,2.54,0.01639344262295082,0.39289617486338796
48201531100,0.07376126126126126,0.2658305292138269,2.62,0.07369196757553427,0.10980103168754606
48201531400,0.12482468443197756,0.2974032337089662,2.3,0.07119741100323625,0.3149946062567422
48201980100,,,,,
48201511400,0.05994043186895011,0.1220125786163522,2.03,0.07413010590015129,0.2216338880484115
48201431701,0.27759036144578314,0.15467980295566502,1.6,0.02617397998460354,0.550423402617398
48201431702,0.19171348314606743,0.146779303062302,2.22,0.049103663289166016,0.1597817614964926
48201431804,0.39414934565050036,0.14469453376205788,1.79,0.03155680224403927,0.864656381486676
48201510902,0.17152329436398533,0.24728682170542635,2.05,0.021443888491779844,0.5732666190135811
48201510802,0.1959531416400426,0.11514253980007405,1.9,0.014179608372721135,0.26401080351114115
48201431506,0.31625131625131625,0.13989071038251366,1.58,0.0332409972299169,0.39667590027700833
48201510601,0.12935323383084577,0.10345873786407767,1.66,0.030067895247332686,0.5892337536372454
48201510302,0.15537047673750717,0.18493803622497618,2.4,0.00759144237405107,0.31331953071083507
48201312902,0.03220409870347135,0.03292005130397606,1.87,0.024237685691946835,0.3377638780297107
48201410202,0.20794871794871794,0.1375,1.93,0.03901234567901234,0.6602469135802469
48201411507,0.10475311490539917,0.14756446991404013,1.64,0.028679245283018868,0.8369811320754716
48201411301,0.25651720542231493,0.14820759764579988,1.49,0.03413498836307215,0.7152831652443755
48201410502,0.1870052770448549,0.12564190345771997,1.8,0.013897280966767372,0.4598187311178248
48201332500,0.29970674486803517,0.4343108504398827,3.03,0.0,0.08139534883720931
48201450700,0.12321584619866006,0.027973096912259247,3.12,0.006811989100817439,0.027247956403269755
48201450900,0.21379805964786203,0.19700460829493088,1.97,0.005649717514124294,0.3926553672316384
48201451200,0.3097472924187726,0.09821088694328131,2.69,0.007782101167315175,0.021400778210116732
48201312700,0.19799389446140428,0.07838695061169007,1.88,0.07323232323232323,0.5286195286195287
48201511302,0.06591413021568232,0.07243460764587525,2.09,0.08006742520016856,0.3687315634218289
48201410601,0.21300026860059093,0.12919688423314532,1.3,0.05977496483825598,0.9940225035161744
48201511201,0.16462585034013605,0.14170927684441198,2.02,0.025359835503769704,0.33447566826593556
48201521600,0.3583445491251682,0.6838464199239017,3.07,0.015495867768595042,0.16735537190082644
48201340102,0.2449981811567843,0.3352283865908645,3.03,0.050082553659878924,0.3659878921298844
48201451302,0.13460356484326982,0.0822970007315289,2.93,0.0,0.05855855855855856
48201310102,0.08833333333333333,0.07834507042253522,1.69,0.11331444759206799,0.7152974504249292
48201312200,0.06028589185829708,0.14220482713633398,2.2,0.20555555555555555,0.8222222222222222
48201312400,0.07666015625,0.07808433107756377,1.99,0.470873786407767,0.6504854368932039
48201421700,0.27670869276708693,0.23017543859649123,2.56,0.11161473087818696,0.3631728045325779
48201313102,0.2956959195081051,0.1322314049586777,1.73,0.12108980827447023,0.686175580221998
48201312602,0.2389837236998809,0.05020746887966805,1.92,0.0,0.4908675799086758
48201312502,0.1986596457635232,0.24132804757185333,1.4,0.09432146294513956,0.7295476419634264
48201410703,0.22528433945756782,0.05979760809567617,1.56,0.11892675852066716,0.6098622189992748
48201410802,0.1693268563497571,0.14477611940298507,1.8,0.08125,0.58625
48201410501,0.10136986301369863,0.09988649262202043,1.8,0.016881827209533268,0.39225422045680236
48201411003,0.15918611609814481,0.035781544256120526,1.86,0.21579532814238042,0.6551724137931034
48201411002,0.19623161764705882,0.0691764705882353,1.66,0.02218821729150727,0.7146136189747513
48201411503,0.18649789029535865,0.1277468502783475,1.78,0.051680883090817864,0.792272955343703
48201411001,0.17732884399551066,0.0668439042916825,1.52,0.011363636363636364,0.6772727272727272
48201411801,0.3003921568627451,0.1540277367955149,2.12,0.05204872646733112,0.632890365448505
48201431403,0.17437923250564333,0.06868451688009314,1.83,0.014462809917355372,0.5733471074380165
48201432004,0.4018830525272547,0.0944206008583691,2.3,0.02619589977220957,0.1970387243735763
48201431504,0.1318417898521774,0.042136003337505216,2.31,0.0,0.2365988909426987
48201431503,0.2544662309368192,0.2713498622589532,1.95,0.011073253833049404,0.9148211243611585
48201980300,0.18848526387936942,0.12491420727522307,3.6,0.0,1.0
48201350201,0.1125098347757671,0.2945881098373767,3.35,0.04925241864555849,0.2040457343887423
48201432600,0.2456935630099728,0.22610966057441254,2.59,0.07863849765258216,0.5563380281690141
48201453604,0.5458344942881025,0.5595781071835804,3.36,0.08262910798122065,0.2140845070422535
48201451606,0.4424723649385023,0.1473889702293802,3.1,0.01932367149758454,0.30869565217391304
48201412000,0.13877978528410578,0.0568426724137931,2.1,0.06906077348066299,0.3143646408839779
48201411802,0.30418943533697634,0.04047058823529412,1.68,0.25593869731800767,0.7908045977011494
48201310101,0.1528179190751445,0.280695126558368,1.9,0.1677105080027836,0.5379262352122477
48201510301,0.09321317938608843,0.06696969696969697,2.08,0.04803749267721148,0.3995313415348565
48201100001,0.2344522065087749,0.15755855216465578,1.39,0.16158626812666468,1.0
48201340702,0.11289072591061741,0.24,2.75,0.09665955934612651,0.3759772565742715
48201511100,0.21672240802675585,0.15882806476484193,1.93,0.04689593568557392,0.4452880750334971
48201210600,0.24062788550323178,0.32055399437976717,2.28,0.15789473684210525,0.4458947368421053
48201333802,0.2697788697788698,0.6048581494529947,3.11,0.05747711088504578,0.2466937945066124
48201542305,0.17496324301617308,0.4158129175946548,3.26,0.0,0.14941740918437285
48201420400,0.14728056004308024,0.23197492163009403,2.19,0.0904790065050266,0.407451212300414
48201451006,0.21906693711967545,0.13831615120274915,2.03,0.07736625514403292,0.21316872427983538
48201451301,0.27600796416127427,0.1641829393627955,2.14,0.19169329073482427,0.4275825346112886
48201413302,0.18683651804670912,0.04970841432935296,2.17,0.0,0.16897347174163782
48201543201,0.34824902723735407,0.32544280748220494,2.49,0.04370564064251027,0.596563317146059
48201450402,0.23349797934440952,0.22744186046511627,1.9,0.03924914675767918,0.6203071672354948
48201531000,0.09826934553411577,0.13949912126537786,2.39,0.0,0.2390057361376673
48201252003,0.09531235666452618,0.2043915650996324,3.14,0.0,0.08148574719262885
48201312501,0.1382915173237754,0.06779661016949153,1.94,0.07177322074788903,0.5572979493365501
48201510702,0.17338513841670714,0.059625212947189095,2.26,0.023001095290251915,0.1248630887185104
48201340201,,,,,
48201340202,0.24326866549088771,0.09837933654089642,2.91,0.005823912298732443,0.10757108598835217
48201341304,0.39209332469215813,0.04332634521313766,1.98,0.15846994535519127,0.9385245901639344
48201510701,0.23140877598152426,0.17022285443338075,1.65,0.0,0.8073115003808073
48201251401,0.12100840336134454,0.16,3.43,0.008064516129032258,0.09907834101382489
48201413000,0.22179363548698167,0.0436105476673428,2.21,0.04113475177304964,0.4418439716312057
48201420800,0.2350653941322022,0.11272863008585293,3.08,0.0,0.09782608695652174
48201411100,0.25197709299154625,0.12573508821058527,2.33,0.023581899298916506,0.28935627788400253
48201411200,0.16058823529411764,0.04445761707172496,2.08,0.030525030525030524,0.2967032967032967
48201411400,0.11352657004830918,0.06681112314915132,2.39,0.0,0.12602965403624383
48201411600,0.1525302922309337,0.06462093862815885,1.91,0.01701837985023826,0.35466303607896527
48201423201,0.2459141011022425,0.41360437842064113,2.86,0.04171240395170143,0.22941822173435786
48201412202,0.284324942791762,0.0671203216826477,2.47,0.12014652014652015,0.4043956043956044
48201431600,0.14991624790619765,0.10915898617511521,1.91,0.13705308775731312,0.3049837486457205
48201340400,0.16542056074766356,0.10028382213812677,2.33,0.0,0.0
48201541701,0.3507777293211223,0.3154770963323695,4.02,0.0,0.18431831480397892
48201251300,0.07152720243026787,0.1287001287001287,2.89,0.011177644710578843,0.17804391217564872
48201251701,0.10192183113798316,0.15109343936381708,3.25,0.07643758765778401,0.19424964936886396
48201250403,0.13119084305524983,0.22444291293360902,2.69,0.03848431024274719,0.320307874481942
48201251100,0.09280430396772024,0.13340399757722593,2.96,0.03482786228983187,0.14971977582065651
48201250902,0.0655255878284924,0.041032073105178285,2.88,0.0,0.008968609865470852
48201410101,0.07569011576135352,0.12105007292173067,2.04,0.0,0.6482320942883046
48201410602,0.21647147714393652,0.1991375931007448,1.49,0.010674157303370787,0.7730337078651686
48201980700,0.13110788582486696,0.1167618059159315,1.55,0.08979278587874137,0.782808902532617
48201510202,0.17727688090161436,0.17940619077700568,1.69,0.04560943643512451,0.8028833551769332
48201410201,0.1384083044982699,0.2370242214532872,1.35,0.0715953307392996,0.9712062256809338
48201510201,0.13673469387755102,0.09835373575348248,1.73,0.01620859760394644,0.9041578576462297
48201431001,0.22120168388825107,0.22997094229970944,2.34,0.01966041108132261,0.44414655942806075
48201431002,0.07450331125827815,0.0273109243697479,2.47,0.02218570254724733,0.20706655710764174
48201452103,0.3356779992184447,0.18723404255319148,3.32,0.046235138705416116,0.8982826948480845
48201412902,0.24717336683417085,0.17474447741510057,2.64,0.13866666666666666,0.5991111111111111
48201412901,0.3627348643006263,0.25682773109243695,1.86,0.061105722599418044,1.0
48201320902,0.46132971506105835,0.7875329236172081,3.18,0.04482758620689655,0.27413793103448275
